Mono path[0] = '/game/7DaysToDieServer_Data/Managed'
Mono config path = '/game/7DaysToDieServer_Data/MonoBleedingEdge/etc'
Preloaded 'libEOSSDK-Linux-Shipping.so'
Preloaded 'libMagick.so'
Preloaded 'lib_burst_generated.so'
Preloaded 'libgetrss.so'
Preloaded 'libsteam_api.so'
Preloaded 'steamclient.so'
Unable to preload the following plugins:
	libEOSSDK-LinuxArm64-Shipping.so
	libMouseLib.so
	libdiscord_partner_sdk.so
Input System module state changed to: Initialized.
[PhysX] Initialized MultithreadedTaskDispatcher with 32 workers.
Loading player data from /game/7DaysToDieServer_Data/data.unity3d
PlayerPrefs - Creating folder: /root/.config/unity3d/The Fun Pimps
PlayerPrefs - Creating folder: /root/.config/unity3d/The Fun Pimps/7 Days To Die - Dedicated
Unable to load player prefs
Initialize engine version: 2022.3.62f2 (7670c08855a9)
[Subsystems] Discovering subsystems at path /game/7DaysToDieServer_Data/UnitySubsystems
Forcing GfxDevice: Null
GfxDevice: creating device client; threaded=0; jobified=0
NullGfxDevice:
    Version:  NULL 1.0 [1.0]
    Renderer: Null Device
    Vendor:   Unity Technologies
Begin MonoManager ReloadAssembly
- Loaded All Assemblies, in  0.217 seconds
- Finished resetting the current domain, in  0.002 seconds
ERROR: Shader Hidden/LandClaimBoundary shader is not supported on this GPU (none of subshaders/fallbacks are suitable)
ERROR: Shader Sprites/Default shader is not supported on this GPU (none of subshaders/fallbacks are suitable)
ERROR: Shader Sprites/Mask shader is not supported on this GPU (none of subshaders/fallbacks are suitable)
ERROR: Shader Legacy Shaders/VertexLit shader is not supported on this GPU (none of subshaders/fallbacks are suitable)
ERROR: Shader GUI/Text Shader shader is not supported on this GPU (none of subshaders/fallbacks are suitable)
WARNING: Shader Unsupported: 'Legacy Shaders/Diffuse' - All subshaders removed
WARNING: Shader Did you use #pragma only_renderers and omit this platform?
WARNING: Shader If subshaders removal was intentional, you may have forgotten turning Fallback off?
ERROR: Shader Legacy Shaders/Diffuse shader is not supported on this GPU (none of subshaders/fallbacks are suitable)
WARNING: Shader Unsupported: 'Legacy Shaders/Diffuse' - All subshaders removed
WARNING: Shader Did you use #pragma only_renderers and omit this platform?
WARNING: Shader If subshaders removal was intentional, you may have forgotten turning Fallback off?
WARNING: Shader Unsupported: 'Game/Cube_UI_Glow' - All subshaders removed
WARNING: Shader Did you use #pragma only_renderers and omit this platform?
WARNING: Shader If subshaders removal was intentional, you may have forgotten turning Fallback off?
ERROR: Shader Game/Cube_UI_Glow shader is not supported on this GPU (none of subshaders/fallbacks are suitable)
WARNING: Shader Unsupported: 'Game/Cube_UI_Glow' - All subshaders removed
WARNING: Shader Did you use #pragma only_renderers and omit this platform?
WARNING: Shader If subshaders removal was intentional, you may have forgotten turning Fallback off?
ERROR: Shader Unlit/Transparent Colored shader is not supported on this GPU (none of subshaders/fallbacks are suitable)
The referenced script on this Behaviour (Game Object 'BlockProcessor') is missing!
[PhysX] Initialized MultithreadedTaskDispatcher with 32 workers.
UnloadTime: 1.640176 ms
2026-08-24T13:46:22 0.000 INF Version: V 3.1.0 (b14) Compatibility Version: V 3.1.0, Build: LinuxServer 64 Bit


2026-08-24T13:46:22 0.065 WRN The open files limit is too low (2048) and may cause crashes. Recommended is at least 10240. Follow these steps to increment it:
- Open /etc/security/limits.conf with a text editor: 'sudo editor /etc/security/limits.conf'
- Add or update the line: 'root soft nofile 10240'
- Save the file and exit the editor
- Apply the changes: Log out and back in or restart the system


2026-08-24T13:46:22 0.068 INF System information:
2026-08-24T13:46:22 0.068 INF    OS: Linux 7.1 Ubuntu 26.04 64bit
2026-08-24T13:46:22 0.069 INF    CPU: AMD Ryzen 9 9950X 16-Core Processor (cores: 32)
2026-08-24T13:46:22 0.070 INF    RAM: 126412 MB
2026-08-24T13:46:22 0.070 INF    GPU: Null Device (128 MB)
2026-08-24T13:46:22 0.074 INF    Graphics API: NULL 1.0 [1.0] (shader level 3.0)
2026-08-24T13:46:22 0.076 INF Local UTC offset: 0 hours
2026-08-24T13:46:22 0.124 INF Command line arguments: /game/7DaysToDieServer.x86_64 -logfile /logs/server.log -quit -batchmode -nographics -dedicated -configfile=/game/serverconfig.xml
2026-08-24T13:46:22 0.131 INF Parsing server configfile: /game/serverconfig.xml
2026-08-24T13:46:22 0.175 INF Parsing server configfile successfully completed
2026-08-24T13:46:22 0.177 INF Overriding default user data path to /root/.local/share/7DaysToDie
2026-08-24T13:46:22 0.184 INF [Platform] Init
2026-08-24T13:46:22 0.264 INF [Platform] Using native platform: Steam
2026-08-24T13:46:22 0.265 INF [Platform] Using server platform: Steam
2026-08-24T13:46:22 0.265 INF [Platform] Using server platform: LAN
2026-08-24T13:46:22 0.265 INF [Platform] Using server platform: Local
2026-08-24T13:46:22 0.269 INF Starting PlayerInputManager...
2026-08-24T13:46:22 0.272 INF InControl (version 1.8.9 build 9376, native module = False, XInput = False)
2026-08-24T13:46:22 0.275 INF InControl (version 1.8.9 build 9376)
2026-08-24T13:46:22 0.400 INF UnityInputDeviceManager enabled.
2026-08-24T13:46:22 0.416 INF [Platform] Initializing Steam
2026-08-24T13:46:22 0.423 INF [Platform] Initializing LAN
2026-08-24T13:46:22 0.424 INF [Platform] Initializing Local
2026-08-24T13:46:22 0.449 INF [SaveDataUtils] InitStatic Begin
2026-08-24T13:46:22 0.456 INF [SaveDataUtils] UserGameDataDir: /root/.local/share/7DaysToDie
2026-08-24T13:46:22 0.456 INF [SaveDataUtils] SdPlayerPrefs -> Unity
2026-08-24T13:46:22 0.456 INF [SaveDataUtils] InitStatic Complete
2026-08-24T13:46:22 0.492 INF Last played version: V 3.1.0
2026-08-24T13:46:22 0.493 INF Starting dedicated server level=Navezgane game name=WasmAcceptance1
2026-08-24T13:46:22 0.493 INF Maximum allowed players: 4
2026-08-24T13:46:22 0.493 INF Game mode: GameModeSurvival
2026-08-24T13:46:22 0.493 INF Crossplay: True
2026-08-24T13:46:23 0.960 INF Awake IsFocused: True
2026-08-24T13:46:23 0.960 INF Awake
2026-08-24T13:46:23 1.388 INF Dedicated server only build
ERROR: Shader Occlusion/DepthCopy shader is not supported on this GPU (none of subshaders/fallbacks are suitable)
WARNING: Shader Unsupported: 'Standard' - All subshaders removed
WARNING: Shader Did you use #pragma only_renderers and omit this platform?
WARNING: Shader If subshaders removal was intentional, you may have forgotten turning Fallback off?
ERROR: Shader Standard shader is not supported on this GPU (none of subshaders/fallbacks are suitable)
WARNING: Shader Unsupported: 'Standard' - All subshaders removed
WARNING: Shader Did you use #pragma only_renderers and omit this platform?
WARNING: Shader If subshaders removal was intentional, you may have forgotten turning Fallback off?
2026-08-24T13:46:23 1.418 INF Occlusion: Awake
2026-08-24T13:46:23 1.419 INF Texture quality is set to 3
ERROR: Shader Legacy Shaders/VertexLit shader is not supported on this GPU (none of subshaders/fallbacks are suitable)
WARNING: Shader Unsupported: 'Legacy Shaders/Diffuse' - All subshaders removed
WARNING: Shader Did you use #pragma only_renderers and omit this platform?
WARNING: Shader If subshaders removal was intentional, you may have forgotten turning Fallback off?
ERROR: Shader Legacy Shaders/Diffuse shader is not supported on this GPU (none of subshaders/fallbacks are suitable)
WARNING: Shader Unsupported: 'Legacy Shaders/Diffuse' - All subshaders removed
WARNING: Shader Did you use #pragma only_renderers and omit this platform?
WARNING: Shader If subshaders removal was intentional, you may have forgotten turning Fallback off?
WARNING: Shader Unsupported: 'Game/Entity Tint Mask' - All subshaders removed
WARNING: Shader Did you use #pragma only_renderers and omit this platform?
WARNING: Shader If subshaders removal was intentional, you may have forgotten turning Fallback off?
ERROR: Shader Game/Entity Tint Mask shader is not supported on this GPU (none of subshaders/fallbacks are suitable)
WARNING: Shader Unsupported: 'Game/Entity Tint Mask' - All subshaders removed
WARNING: Shader Did you use #pragma only_renderers and omit this platform?
WARNING: Shader If subshaders removal was intentional, you may have forgotten turning Fallback off?
2026-08-24T13:46:23 1.552 INF [MODS] Start loading from: '/game/7DaysToDieServer_Data/../Mods'
2026-08-24T13:46:23 1.560 INF [MODS]   Trying to load from folder: '0_TFP_Harmony'
2026-08-24T13:46:23 1.569 INF [MODS]     Loaded assembly 0Harmony (in /game/Mods/0_TFP_Harmony/0Harmony.dll)
2026-08-24T13:46:23 1.571 INF [MODS]     Loaded assembly Mono.Cecil.Mdb (in /game/Mods/0_TFP_Harmony/Mono.Cecil.Mdb.dll)
2026-08-24T13:46:23 1.571 INF [MODS]     Loaded assembly Mono.Cecil.Pdb (in /game/Mods/0_TFP_Harmony/Mono.Cecil.Pdb.dll)
2026-08-24T13:46:23 1.572 INF [MODS]     Loaded assembly Mono.Cecil.Rocks (in /game/Mods/0_TFP_Harmony/Mono.Cecil.Rocks.dll)
2026-08-24T13:46:23 1.572 INF [MODS]     Loaded assembly Mono.Cecil (in /game/Mods/0_TFP_Harmony/Mono.Cecil.dll)
2026-08-24T13:46:23 1.573 INF [MODS]     Loaded assembly MonoMod.Backports (in /game/Mods/0_TFP_Harmony/MonoMod.Backports.dll)
2026-08-24T13:46:23 1.574 INF [MODS]     Loaded assembly MonoMod.Core (in /game/Mods/0_TFP_Harmony/MonoMod.Core.dll)
2026-08-24T13:46:23 1.574 INF [MODS]     Loaded assembly MonoMod.ILHelpers (in /game/Mods/0_TFP_Harmony/MonoMod.ILHelpers.dll)
2026-08-24T13:46:23 1.575 INF [MODS]     Loaded assembly MonoMod.Iced (in /game/Mods/0_TFP_Harmony/MonoMod.Iced.dll)
2026-08-24T13:46:23 1.576 INF [MODS]     Loaded assembly MonoMod.RuntimeDetour (in /game/Mods/0_TFP_Harmony/MonoMod.RuntimeDetour.dll)
2026-08-24T13:46:23 1.576 INF [MODS]     Loaded assembly MonoMod.Utils (in /game/Mods/0_TFP_Harmony/MonoMod.Utils.dll)
2026-08-24T13:46:23 1.577 INF [MODS]     Loaded assembly System.ValueTuple (in /game/Mods/0_TFP_Harmony/System.ValueTuple.dll)
2026-08-24T13:46:23 1.578 INF [MODS]     Loaded assembly TfpHarmony (in /game/Mods/0_TFP_Harmony/TfpHarmony.dll)
2026-08-24T13:46:23 1.578 INF [MODS]     Loaded Mod: TFP_Harmony (1.1.0.4)
2026-08-24T13:46:23 1.578 INF [MODS]   Trying to load from folder: '1_HordeForge_WasmHost'
2026-08-24T13:46:23 1.579 INF [MODS]     Loaded assembly HordeForge.GameBridge (in /game/Mods/1_HordeForge_WasmHost/HordeForge.GameBridge.dll)
2026-08-24T13:46:23 1.580 INF [MODS]     Loaded assembly HordeForge.WasmHost (in /game/Mods/1_HordeForge_WasmHost/HordeForge.WasmHost.dll)
2026-08-24T13:46:23 1.580 INF [MODS]     Loaded assembly IndexRange (in /game/Mods/1_HordeForge_WasmHost/IndexRange.dll)
2026-08-24T13:46:23 1.580 INF [MODS]     Loaded assembly System.Buffers (in /game/Mods/1_HordeForge_WasmHost/System.Buffers.dll)
2026-08-24T13:46:23 1.581 INF [MODS]     Loaded assembly System.Memory (in /game/Mods/1_HordeForge_WasmHost/System.Memory.dll)
2026-08-24T13:46:23 1.581 INF [MODS]     Loaded assembly System.Numerics.Vectors (in /game/Mods/1_HordeForge_WasmHost/System.Numerics.Vectors.dll)
2026-08-24T13:46:23 1.583 INF [MODS]     Loaded assembly Wasmtime.Dotnet (in /game/Mods/1_HordeForge_WasmHost/Wasmtime.Dotnet.dll)
2026-08-24T13:46:23 1.583 INF [MODS]     Loaded Mod: 1_HordeForge_WasmHost (0.1.0)
2026-08-24T13:46:23 1.583 INF [MODS]   Trying to load from folder: 'TFP_CommandExtensions'
2026-08-24T13:46:23 1.584 INF [MODS]     Loaded assembly CommandExtensions (in /game/Mods/TFP_CommandExtensions/CommandExtensions.dll)
2026-08-24T13:46:23 1.584 INF [MODS]     Loaded Mod: TFP_CommandExtensions (1.3.0.0)
2026-08-24T13:46:23 1.584 INF [MODS]   Trying to load from folder: 'Wasm'
2026-08-24T13:46:23 1.584 WRN [MODS]     Folder Wasm does not contain a ModInfo.xml, ignoring
2026-08-24T13:46:23 1.584 INF [MODS]   Trying to load from folder: 'Xample_MarkersMod'
2026-08-24T13:46:23 1.586 INF [MODS]     Loaded assembly MarkersMod (in /game/Mods/Xample_MarkersMod/MarkersMod.dll)
2026-08-24T13:46:23 1.586 INF [MODS]     Loaded Mod: TFP_MarkersExample (1.3.0.0)
2026-08-24T13:46:23 1.587 INF [MODS] Initializing mod code
2026-08-24T13:46:23 1.587 INF [MODS]   Initializing mod TFP_Harmony
2026-08-24T13:46:23 1.603 INF [MODS]     Found ModAPI in assembly TfpHarmony (in /game/Mods/0_TFP_Harmony/TfpHarmony.dll), creating instance
2026-08-24T13:46:23 1.604 INF [MODS]       [Harmony] Init done
Fallback handler could not load library /game/7DaysToDieServer_Data/MonoBleedingEdge/x86_64/data-0x555f396ed400.so
2026-08-24T13:46:24 1.985 INF [MODS]     Initialized code in mod 'TFP_Harmony' in assembly TfpHarmony (in /game/Mods/0_TFP_Harmony/TfpHarmony.dll)
2026-08-24T13:46:24 1.985 INF [MODS]   Initializing mod 1_HordeForge_WasmHost
2026-08-24T13:46:24 1.985 INF [MODS]     Found ModAPI in assembly HordeForge.GameBridge (in /game/Mods/1_HordeForge_WasmHost/HordeForge.GameBridge.dll), creating instance
Fallback handler could not load library /game/7DaysToDieServer_Data/MonoBleedingEdge/x86_64/wasmtime
2026-08-24T13:46:24 2.101 INF [wasm] boss mod loaded
2026-08-24T13:46:24 2.102 INF [wasm] boss-zig mod loaded
2026-08-24T13:46:24 2.102 INF [wasm] hello mod loaded
2026-08-24T13:46:24 2.102 INF [WasmHost] started; loaded 3 module(s) from /game/7DaysToDieServer_Data/../Mods/Wasm
2026-08-24T13:46:24 2.108 INF [WasmHost] patched GameManager.Update
2026-08-24T13:46:24 2.153 INF [WasmHost] patched GameManager.RequestToSpawnPlayer
2026-08-24T13:46:24 2.153 INF [MODS]     Initialized code in mod '1_HordeForge_WasmHost' in assembly HordeForge.GameBridge (in /game/Mods/1_HordeForge_WasmHost/HordeForge.GameBridge.dll)
2026-08-24T13:46:24 2.163 INF [MODS]   Initializing mod TFP_CommandExtensions
2026-08-24T13:46:24 2.163 INF [MODS]     Found ModAPI in assembly CommandExtensions (in /game/Mods/TFP_CommandExtensions/CommandExtensions.dll), creating instance
2026-08-24T13:46:24 2.164 INF [MODS]     Initialized code in mod 'TFP_CommandExtensions' in assembly CommandExtensions (in /game/Mods/TFP_CommandExtensions/CommandExtensions.dll)
2026-08-24T13:46:24 2.164 INF [MODS]   Initializing mod TFP_MarkersExample
2026-08-24T13:46:24 2.164 INF [MODS]     Found ModAPI in assembly MarkersMod (in /game/Mods/Xample_MarkersMod/MarkersMod.dll), creating instance
2026-08-24T13:46:24 2.165 INF [MODS]     Initialized code in mod 'TFP_MarkersExample' in assembly MarkersMod (in /game/Mods/Xample_MarkersMod/MarkersMod.dll)
2026-08-24T13:46:24 2.165 INF [MODS] Loading done
2026-08-24T13:46:24 2.178 INF Permissions file 'serveradmin.xml' not found, creating.
2026-08-24T13:46:24 2.205 INF Command "automation" has no explicit permission level, but a default permission of 1000, adding to permission list
2026-08-24T13:46:24 2.207 INF Command "ccphysics" has no explicit permission level, but a default permission of 1000, adding to permission list
2026-08-24T13:46:24 2.207 INF Command "chunkcache" has no explicit permission level, but a default permission of 1000, adding to permission list
2026-08-24T13:46:24 2.207 INF Command "createwebuser" has no explicit permission level, but a default permission of 1000, adding to permission list
2026-08-24T13:46:24 2.208 INF Command "debugshot" has no explicit permission level, but a default permission of 1000, adding to permission list
2026-08-24T13:46:24 2.208 INF Command "debugweather" has no explicit permission level, but a default permission of 1000, adding to permission list
2026-08-24T13:46:24 2.209 INF Command "decomgr" has no explicit permission level, but a default permission of 1000, adding to permission list
2026-08-24T13:46:24 2.209 INF Command "exportcurrentconfigs" has no explicit permission level, but a default permission of 1000, adding to permission list
2026-08-24T13:46:24 2.209 INF Command "fallingblocks" has no explicit permission level, but a default permission of 1000, adding to permission list
2026-08-24T13:46:24 2.209 INF Command "getgamepref" has no explicit permission level, but a default permission of 1000, adding to permission list
2026-08-24T13:46:24 2.209 INF Command "getgamestat" has no explicit permission level, but a default permission of 1000, adding to permission list
2026-08-24T13:46:24 2.210 INF Command "getlogpath" has no explicit permission level, but a default permission of 1000, adding to permission list
2026-08-24T13:46:24 2.210 INF Command "getoptions" has no explicit permission level, but a default permission of 1000, adding to permission list
2026-08-24T13:46:24 2.210 INF Command "getsandboxoptions" has no explicit permission level, but a default permission of 1000, adding to permission list
2026-08-24T13:46:24 2.210 INF Command "gettime" has no explicit permission level, but a default permission of 1000, adding to permission list
2026-08-24T13:46:24 2.210 INF Command "gfx" has no explicit permission level, but a default permission of 1000, adding to permission list
2026-08-24T13:46:24 2.210 INF Command "graph" has no explicit permission level, but a default permission of 1000, adding to permission list
2026-08-24T13:46:24 2.211 INF Command "help" has no explicit permission level, but a default permission of 1000, adding to permission list
2026-08-24T13:46:24 2.212 INF Command "listplayerids" has no explicit permission level, but a default permission of 1000, adding to permission list
2026-08-24T13:46:24 2.212 INF Command "listthreads" has no explicit permission level, but a default permission of 1000, adding to permission list
2026-08-24T13:46:24 2.213 INF Command "loot" has no explicit permission level, but a default permission of 1000, adding to permission list
2026-08-24T13:46:24 2.213 INF Command "memcl" has no explicit permission level, but a default permission of 1000, adding to permission list
2026-08-24T13:46:24 2.213 INF Command "meshdatamanager" has no explicit permission level, but a default permission of 1000, adding to permission list
2026-08-24T13:46:24 2.213 INF Command "performanceprofiler" has no explicit permission level, but a default permission of 1000, adding to permission list
2026-08-24T13:46:24 2.217 INF Command "settempunit" has no explicit permission level, but a default permission of 1000, adding to permission list
2026-08-24T13:46:24 2.219 INF Command "signeditordebug" has no explicit permission level, but a default permission of 1000, adding to permission list
2026-08-24T13:46:24 2.219 INF Command "signtexman" has no explicit permission level, but a default permission of 1000, adding to permission list
2026-08-24T13:46:24 2.221 INF Creating TransformDebug GameObject
2026-08-24T13:46:24 2.223 INF Command "uioptions" has no explicit permission level, but a default permission of 1000, adding to permission list
WARNING: Shader Unsupported: 'Game Particles/partPyro_template_lit_B' - All subshaders removed
WARNING: Shader Did you use #pragma only_renderers and omit this platform?
WARNING: Shader If subshaders removal was intentional, you may have forgotten turning Fallback off?
ERROR: Shader Game Particles/partPyro_template_lit_B shader is not supported on this GPU (none of subshaders/fallbacks are suitable)
WARNING: Shader Unsupported: 'Game Particles/partPyro_template_lit_B' - All subshaders removed
WARNING: Shader Did you use #pragma only_renderers and omit this platform?
WARNING: Shader If subshaders removal was intentional, you may have forgotten turning Fallback off?
ERROR: Shader Legacy Shaders/Particles/Additive shader is not supported on this GPU (none of subshaders/fallbacks are suitable)
WARNING: Shader Unsupported: 'Game Particles/partPyro_fireShader_A' - All subshaders removed
WARNING: Shader Did you use #pragma only_renderers and omit this platform?
WARNING: Shader If subshaders removal was intentional, you may have forgotten turning Fallback off?
ERROR: Shader Game Particles/partPyro_fireShader_A shader is not supported on this GPU (none of subshaders/fallbacks are suitable)
WARNING: Shader Unsupported: 'Game Particles/partPyro_fireShader_A' - All subshaders removed
WARNING: Shader Did you use #pragma only_renderers and omit this platform?
WARNING: Shader If subshaders removal was intentional, you may have forgotten turning Fallback off?
WARNING: Shader Unsupported: 'Game Particles/bloodShader_T_packed' - All subshaders removed
WARNING: Shader Did you use #pragma only_renderers and omit this platform?
WARNING: Shader If subshaders removal was intentional, you may have forgotten turning Fallback off?
ERROR: Shader Game Particles/bloodShader_T_packed shader is not supported on this GPU (none of subshaders/fallbacks are suitable)
WARNING: Shader Unsupported: 'Game Particles/bloodShader_T_packed' - All subshaders removed
WARNING: Shader Did you use #pragma only_renderers and omit this platform?
WARNING: Shader If subshaders removal was intentional, you may have forgotten turning Fallback off?
ERROR: Shader Game Particles/bloodShader_U_packed shader is not supported on this GPU (none of subshaders/fallbacks are suitable)
WARNING: Shader Unsupported: 'Standard' - All subshaders removed
WARNING: Shader Did you use #pragma only_renderers and omit this platform?
WARNING: Shader If subshaders removal was intentional, you may have forgotten turning Fallback off?
ERROR: Shader Standard shader is not supported on this GPU (none of subshaders/fallbacks are suitable)
WARNING: Shader Unsupported: 'Standard' - All subshaders removed
WARNING: Shader Did you use #pragma only_renderers and omit this platform?
WARNING: Shader If subshaders removal was intentional, you may have forgotten turning Fallback off?
WARNING: Shader Unsupported: 'Game Particles/bloodShader_O_packed' - All subshaders removed
WARNING: Shader Did you use #pragma only_renderers and omit this platform?
WARNING: Shader If subshaders removal was intentional, you may have forgotten turning Fallback off?
ERROR: Shader Game Particles/bloodShader_O_packed shader is not supported on this GPU (none of subshaders/fallbacks are suitable)
WARNING: Shader Unsupported: 'Game Particles/bloodShader_O_packed' - All subshaders removed
WARNING: Shader Did you use #pragma only_renderers and omit this platform?
WARNING: Shader If subshaders removal was intentional, you may have forgotten turning Fallback off?
WARNING: Shader Unsupported: 'Autodesk Interactive' - All subshaders removed
WARNING: Shader Did you use #pragma only_renderers and omit this platform?
WARNING: Shader If subshaders removal was intentional, you may have forgotten turning Fallback off?
ERROR: Shader Autodesk Interactive shader is not supported on this GPU (none of subshaders/fallbacks are suitable)
WARNING: Shader Unsupported: 'Autodesk Interactive' - All subshaders removed
WARNING: Shader Did you use #pragma only_renderers and omit this platform?
WARNING: Shader If subshaders removal was intentional, you may have forgotten turning Fallback off?
WARNING: Shader Unsupported: 'Particles/Standard Surface' - All subshaders removed
WARNING: Shader Did you use #pragma only_renderers and omit this platform?
WARNING: Shader If subshaders removal was intentional, you may have forgotten turning Fallback off?
ERROR: Shader Particles/Standard Surface shader is not supported on this GPU (none of subshaders/fallbacks are suitable)
WARNING: Shader Unsupported: 'Particles/Standard Surface' - All subshaders removed
WARNING: Shader Did you use #pragma only_renderers and omit this platform?
WARNING: Shader If subshaders removal was intentional, you may have forgotten turning Fallback off?
WARNING: Shader Unsupported: 'Game/Autodesk XFade' - All subshaders removed
WARNING: Shader Did you use #pragma only_renderers and omit this platform?
WARNING: Shader If subshaders removal was intentional, you may have forgotten turning Fallback off?
ERROR: Shader Game/Autodesk XFade shader is not supported on this GPU (none of subshaders/fallbacks are suitable)
WARNING: Shader Unsupported: 'Game/Autodesk XFade' - All subshaders removed
WARNING: Shader Did you use #pragma only_renderers and omit this platform?
WARNING: Shader If subshaders removal was intentional, you may have forgotten turning Fallback off?
WARNING: Shader Unsupported: '7DTD/7DTD_Glass' - All subshaders removed
WARNING: Shader Did you use #pragma only_renderers and omit this platform?
WARNING: Shader If subshaders removal was intentional, you may have forgotten turning Fallback off?
ERROR: Shader 7DTD/7DTD_Glass shader is not supported on this GPU (none of subshaders/fallbacks are suitable)
WARNING: Shader Unsupported: '7DTD/7DTD_Glass' - All subshaders removed
WARNING: Shader Did you use #pragma only_renderers and omit this platform?
WARNING: Shader If subshaders removal was intentional, you may have forgotten turning Fallback off?
WARNING: Shader Unsupported: '7DTD/7DTD_Fire' - All subshaders removed
WARNING: Shader Did you use #pragma only_renderers and omit this platform?
WARNING: Shader If subshaders removal was intentional, you may have forgotten turning Fallback off?
ERROR: Shader 7DTD/7DTD_Fire shader is not supported on this GPU (none of subshaders/fallbacks are suitable)
WARNING: Shader Unsupported: '7DTD/7DTD_Fire' - All subshaders removed
WARNING: Shader Did you use #pragma only_renderers and omit this platform?
WARNING: Shader If subshaders removal was intentional, you may have forgotten turning Fallback off?
ERROR: Shader Legacy/AlphaSelfIllum shader is not supported on this GPU (none of subshaders/fallbacks are suitable)
WARNING: Shader Unsupported: 'Game Particles/vomitShader_T_packed' - All subshaders removed
WARNING: Shader Did you use #pragma only_renderers and omit this platform?
WARNING: Shader If subshaders removal was intentional, you may have forgotten turning Fallback off?
ERROR: Shader Game Particles/vomitShader_T_packed shader is not supported on this GPU (none of subshaders/fallbacks are suitable)
WARNING: Shader Unsupported: 'Game Particles/vomitShader_T_packed' - All subshaders removed
WARNING: Shader Did you use #pragma only_renderers and omit this platform?
WARNING: Shader If subshaders removal was intentional, you may have forgotten turning Fallback off?
ERROR: Shader Particles/Blood_Particle shader is not supported on this GPU (none of subshaders/fallbacks are suitable)
ERROR: Shader Legacy Shaders/Particles/Alpha Blended Premultiply shader is not supported on this GPU (none of subshaders/fallbacks are suitable)
WARNING: Shader Unsupported: 'Game Particles/Standard Surface' - All subshaders removed
WARNING: Shader Did you use #pragma only_renderers and omit this platform?
WARNING: Shader If subshaders removal was intentional, you may have forgotten turning Fallback off?
ERROR: Shader Game Particles/Standard Surface shader is not supported on this GPU (none of subshaders/fallbacks are suitable)
WARNING: Shader Unsupported: 'Game Particles/Standard Surface' - All subshaders removed
WARNING: Shader Did you use #pragma only_renderers and omit this platform?
WARNING: Shader If subshaders removal was intentional, you may have forgotten turning Fallback off?
ERROR: Shader Game Particles/shader_gas_lit shader is not supported on this GPU (none of subshaders/fallbacks are suitable)
WARNING: Shader Unsupported: 'Particles/Standard Unlit' - All subshaders removed
WARNING: Shader Did you use #pragma only_renderers and omit this platform?
WARNING: Shader If subshaders removal was intentional, you may have forgotten turning Fallback off?
ERROR: Shader Particles/Standard Unlit shader is not supported on this GPU (none of subshaders/fallbacks are suitable)
WARNING: Shader Unsupported: 'Particles/Standard Unlit' - All subshaders removed
WARNING: Shader Did you use #pragma only_renderers and omit this platform?
WARNING: Shader If subshaders removal was intentional, you may have forgotten turning Fallback off?
WARNING: Shader Unsupported: 'Game Particles/shader_gas_customLit' - All subshaders removed
WARNING: Shader Did you use #pragma only_renderers and omit this platform?
WARNING: Shader If subshaders removal was intentional, you may have forgotten turning Fallback off?
ERROR: Shader Game Particles/shader_gas_customLit shader is not supported on this GPU (none of subshaders/fallbacks are suitable)
WARNING: Shader Unsupported: 'Game Particles/shader_gas_customLit' - All subshaders removed
WARNING: Shader Did you use #pragma only_renderers and omit this platform?
WARNING: Shader If subshaders removal was intentional, you may have forgotten turning Fallback off?
WARNING: Shader Unsupported: 'Game Particles/Unlit' - All subshaders removed
WARNING: Shader Did you use #pragma only_renderers and omit this platform?
WARNING: Shader If subshaders removal was intentional, you may have forgotten turning Fallback off?
ERROR: Shader Game Particles/Unlit shader is not supported on this GPU (none of subshaders/fallbacks are suitable)
WARNING: Shader Unsupported: 'Game Particles/Unlit' - All subshaders removed
WARNING: Shader Did you use #pragma only_renderers and omit this platform?
WARNING: Shader If subshaders removal was intentional, you may have forgotten turning Fallback off?
ERROR: Shader Game/Transparent shader is not supported on this GPU (none of subshaders/fallbacks are suitable)
WARNING: Shader Unsupported: 'Game Particles/S_transLit_NLA' - All subshaders removed
WARNING: Shader Did you use #pragma only_renderers and omit this platform?
WARNING: Shader If subshaders removal was intentional, you may have forgotten turning Fallback off?
ERROR: Shader Game Particles/S_transLit_NLA shader is not supported on this GPU (none of subshaders/fallbacks are suitable)
WARNING: Shader Unsupported: 'Game Particles/S_transLit_NLA' - All subshaders removed
WARNING: Shader Did you use #pragma only_renderers and omit this platform?
WARNING: Shader If subshaders removal was intentional, you may have forgotten turning Fallback off?
WARNING: Shader Unsupported: 'Game Particles/surfaceShader_particleEnhanced' - All subshaders removed
WARNING: Shader Did you use #pragma only_renderers and omit this platform?
WARNING: Shader If subshaders removal was intentional, you may have forgotten turning Fallback off?
ERROR: Shader Game Particles/surfaceShader_particleEnhanced shader is not supported on this GPU (none of subshaders/fallbacks are suitable)
WARNING: Shader Unsupported: 'Game Particles/surfaceShader_particleEnhanced' - All subshaders removed
WARNING: Shader Did you use #pragma only_renderers and omit this platform?
WARNING: Shader If subshaders removal was intentional, you may have forgotten turning Fallback off?
WARNING: Shader Unsupported: 'Legacy Shaders/Specular' - All subshaders removed
WARNING: Shader Did you use #pragma only_renderers and omit this platform?
WARNING: Shader If subshaders removal was intentional, you may have forgotten turning Fallback off?
ERROR: Shader Legacy Shaders/Specular shader is not supported on this GPU (none of subshaders/fallbacks are suitable)
WARNING: Shader Unsupported: 'Legacy Shaders/Specular' - All subshaders removed
WARNING: Shader Did you use #pragma only_renderers and omit this platform?
WARNING: Shader If subshaders removal was intentional, you may have forgotten turning Fallback off?
WARNING: Shader Unsupported: 'Legacy Shaders/Bumped Specular' - All subshaders removed
WARNING: Shader Did you use #pragma only_renderers and omit this platform?
WARNING: Shader If subshaders removal was intentional, you may have forgotten turning Fallback off?
ERROR: Shader Legacy Shaders/Bumped Specular shader is not supported on this GPU (none of subshaders/fallbacks are suitable)
WARNING: Shader Unsupported: 'Legacy Shaders/Bumped Specular' - All subshaders removed
WARNING: Shader Did you use #pragma only_renderers and omit this platform?
WARNING: Shader If subshaders removal was intentional, you may have forgotten turning Fallback off?
WARNING: Shader Unsupported: 'Standard (Specular setup)' - All subshaders removed
WARNING: Shader Did you use #pragma only_renderers and omit this platform?
WARNING: Shader If subshaders removal was intentional, you may have forgotten turning Fallback off?
ERROR: Shader Standard (Specular setup) shader is not supported on this GPU (none of subshaders/fallbacks are suitable)
WARNING: Shader Unsupported: 'Standard (Specular setup)' - All subshaders removed
WARNING: Shader Did you use #pragma only_renderers and omit this platform?
WARNING: Shader If subshaders removal was intentional, you may have forgotten turning Fallback off?
ERROR: Shader Legacy Shaders/Particles/Alpha Blended shader is not supported on this GPU (none of subshaders/fallbacks are suitable)
WARNING: Shader Unsupported: 'Game/Autodesk' - All subshaders removed
WARNING: Shader Did you use #pragma only_renderers and omit this platform?
WARNING: Shader If subshaders removal was intentional, you may have forgotten turning Fallback off?
ERROR: Shader Game/Autodesk shader is not supported on this GPU (none of subshaders/fallbacks are suitable)
WARNING: Shader Unsupported: 'Game/Autodesk' - All subshaders removed
WARNING: Shader Did you use #pragma only_renderers and omit this platform?
WARNING: Shader If subshaders removal was intentional, you may have forgotten turning Fallback off?
WARNING: Shader Unsupported: 'Game/Glass Reflex' - All subshaders removed
WARNING: Shader Did you use #pragma only_renderers and omit this platform?
WARNING: Shader If subshaders removal was intentional, you may have forgotten turning Fallback off?
ERROR: Shader Game/Glass Reflex shader is not supported on this GPU (none of subshaders/fallbacks are suitable)
WARNING: Shader Unsupported: 'Game/Glass Reflex' - All subshaders removed
WARNING: Shader Did you use #pragma only_renderers and omit this platform?
WARNING: Shader If subshaders removal was intentional, you may have forgotten turning Fallback off?
WARNING: Shader Unsupported: 'Game Particles/Lit' - All subshaders removed
WARNING: Shader Did you use #pragma only_renderers and omit this platform?
WARNING: Shader If subshaders removal was intentional, you may have forgotten turning Fallback off?
ERROR: Shader Game Particles/Lit shader is not supported on this GPU (none of subshaders/fallbacks are suitable)
WARNING: Shader Unsupported: 'Game Particles/Lit' - All subshaders removed
WARNING: Shader Did you use #pragma only_renderers and omit this platform?
WARNING: Shader If subshaders removal was intentional, you may have forgotten turning Fallback off?
ERROR: Shader Legacy Shaders/Particles/Additive (Soft) shader is not supported on this GPU (none of subshaders/fallbacks are suitable)
WARNING: Shader Unsupported: 'Game/BasicUV_TA' - All subshaders removed
WARNING: Shader Did you use #pragma only_renderers and omit this platform?
WARNING: Shader If subshaders removal was intentional, you may have forgotten turning Fallback off?
ERROR: Shader Game/BasicUV_TA shader is not supported on this GPU (none of subshaders/fallbacks are suitable)
WARNING: Shader Unsupported: 'Game/BasicUV_TA' - All subshaders removed
WARNING: Shader Did you use #pragma only_renderers and omit this platform?
WARNING: Shader If subshaders removal was intentional, you may have forgotten turning Fallback off?
ERROR: Shader Shader Forge/PaintParticle shader is not supported on this GPU (none of subshaders/fallbacks are suitable)
WARNING: Shader Unsupported: 'Game Particles/shader_gas_unlit' - All subshaders removed
WARNING: Shader Did you use #pragma only_renderers and omit this platform?
WARNING: Shader If subshaders removal was intentional, you may have forgotten turning Fallback off?
ERROR: Shader Game Particles/shader_gas_unlit shader is not supported on this GPU (none of subshaders/fallbacks are suitable)
WARNING: Shader Unsupported: 'Game Particles/shader_gas_unlit' - All subshaders removed
WARNING: Shader Did you use #pragma only_renderers and omit this platform?
WARNING: Shader If subshaders removal was intentional, you may have forgotten turning Fallback off?
ERROR: Shader Shader Forge/7DTD_Fire_New shader is not supported on this GPU (none of subshaders/fallbacks are suitable)
WARNING: Shader Unsupported: 'Legacy Shaders/Bumped Diffuse' - All subshaders removed
WARNING: Shader Did you use #pragma only_renderers and omit this platform?
WARNING: Shader If subshaders removal was intentional, you may have forgotten turning Fallback off?
ERROR: Shader Legacy Shaders/Bumped Diffuse shader is not supported on this GPU (none of subshaders/fallbacks are suitable)
WARNING: Shader Unsupported: 'Legacy Shaders/Bumped Diffuse' - All subshaders removed
WARNING: Shader Did you use #pragma only_renderers and omit this platform?
WARNING: Shader If subshaders removal was intentional, you may have forgotten turning Fallback off?
ERROR: Shader Legacy Shaders/Transparent/Cutout/VertexLit shader is not supported on this GPU (none of subshaders/fallbacks are suitable)
WARNING: Shader Unsupported: 'Legacy Shaders/Transparent/Cutout/Diffuse' - All subshaders removed
WARNING: Shader Did you use #pragma only_renderers and omit this platform?
WARNING: Shader If subshaders removal was intentional, you may have forgotten turning Fallback off?
ERROR: Shader Legacy Shaders/Transparent/Cutout/Diffuse shader is not supported on this GPU (none of subshaders/fallbacks are suitable)
WARNING: Shader Unsupported: 'Legacy Shaders/Transparent/Cutout/Diffuse' - All subshaders removed
WARNING: Shader Did you use #pragma only_renderers and omit this platform?
WARNING: Shader If subshaders removal was intentional, you may have forgotten turning Fallback off?
WARNING: Shader Unsupported: 'Legacy Shaders/Transparent/Cutout/Bumped Diffuse' - All subshaders removed
WARNING: Shader Did you use #pragma only_renderers and omit this platform?
WARNING: Shader If subshaders removal was intentional, you may have forgotten turning Fallback off?
ERROR: Shader Legacy Shaders/Transparent/Cutout/Bumped Diffuse shader is not supported on this GPU (none of subshaders/fallbacks are suitable)
WARNING: Shader Unsupported: 'Legacy Shaders/Transparent/Cutout/Bumped Diffuse' - All subshaders removed
WARNING: Shader Did you use #pragma only_renderers and omit this platform?
WARNING: Shader If subshaders removal was intentional, you may have forgotten turning Fallback off?
WARNING: Shader Unsupported: 'Legacy Shaders/Transparent/Cutout/Bumped Specular' - All subshaders removed
WARNING: Shader Did you use #pragma only_renderers and omit this platform?
WARNING: Shader If subshaders removal was intentional, you may have forgotten turning Fallback off?
ERROR: Shader Legacy Shaders/Transparent/Cutout/Bumped Specular shader is not supported on this GPU (none of subshaders/fallbacks are suitable)
WARNING: Shader Unsupported: 'Legacy Shaders/Transparent/Cutout/Bumped Specular' - All subshaders removed
WARNING: Shader Did you use #pragma only_renderers and omit this platform?
WARNING: Shader If subshaders removal was intentional, you may have forgotten turning Fallback off?
WARNING: Shader Unsupported: 'Game/Dismember/CopExplosion' - All subshaders removed
WARNING: Shader Did you use #pragma only_renderers and omit this platform?
WARNING: Shader If subshaders removal was intentional, you may have forgotten turning Fallback off?
ERROR: Shader Game/Dismember/CopExplosion shader is not supported on this GPU (none of subshaders/fallbacks are suitable)
WARNING: Shader Unsupported: 'Game/Dismember/CopExplosion' - All subshaders removed
WARNING: Shader Did you use #pragma only_renderers and omit this platform?
WARNING: Shader If subshaders removal was intentional, you may have forgotten turning Fallback off?
ERROR: Shader Game/Character shader is not supported on this GPU (none of subshaders/fallbacks are suitable)
WARNING: Shader Unsupported: 'Game Particles/Liquid' - All subshaders removed
WARNING: Shader Did you use #pragma only_renderers and omit this platform?
WARNING: Shader If subshaders removal was intentional, you may have forgotten turning Fallback off?
ERROR: Shader Game Particles/Liquid shader is not supported on this GPU (none of subshaders/fallbacks are suitable)
WARNING: Shader Unsupported: 'Game Particles/Liquid' - All subshaders removed
WARNING: Shader Did you use #pragma only_renderers and omit this platform?
WARNING: Shader If subshaders removal was intentional, you may have forgotten turning Fallback off?
ERROR: Shader Game/Dismember/Bloodcap shader is not supported on this GPU (none of subshaders/fallbacks are suitable)
WARNING: Shader Unsupported: 'Legacy Shaders/Reflective/VertexLit' - All subshaders removed
WARNING: Shader Did you use #pragma only_renderers and omit this platform?
WARNING: Shader If subshaders removal was intentional, you may have forgotten turning Fallback off?
ERROR: Shader Legacy Shaders/Reflective/VertexLit shader is not supported on this GPU (none of subshaders/fallbacks are suitable)
WARNING: Shader Unsupported: 'Legacy Shaders/Reflective/VertexLit' - All subshaders removed
WARNING: Shader Did you use #pragma only_renderers and omit this platform?
WARNING: Shader If subshaders removal was intentional, you may have forgotten turning Fallback off?
WARNING: Shader Unsupported: 'Legacy Shaders/Reflective/Bumped Diffuse' - All subshaders removed
WARNING: Shader Did you use #pragma only_renderers and omit this platform?
WARNING: Shader If subshaders removal was intentional, you may have forgotten turning Fallback off?
ERROR: Shader Legacy Shaders/Reflective/Bumped Diffuse shader is not supported on this GPU (none of subshaders/fallbacks are suitable)
WARNING: Shader Unsupported: 'Legacy Shaders/Reflective/Bumped Diffuse' - All subshaders removed
WARNING: Shader Did you use #pragma only_renderers and omit this platform?
WARNING: Shader If subshaders removal was intentional, you may have forgotten turning Fallback off?
WARNING: Shader Unsupported: 'Legacy Shaders/Reflective/Bumped Specular' - All subshaders removed
WARNING: Shader Did you use #pragma only_renderers and omit this platform?
WARNING: Shader If subshaders removal was intentional, you may have forgotten turning Fallback off?
ERROR: Shader Legacy Shaders/Reflective/Bumped Specular shader is not supported on this GPU (none of subshaders/fallbacks are suitable)
WARNING: Shader Unsupported: 'Legacy Shaders/Reflective/Bumped Specular' - All subshaders removed
WARNING: Shader Did you use #pragma only_renderers and omit this platform?
WARNING: Shader If subshaders removal was intentional, you may have forgotten turning Fallback off?
WARNING: Shader Unsupported: 'Game Particles/sparkShader' - All subshaders removed
WARNING: Shader Did you use #pragma only_renderers and omit this platform?
WARNING: Shader If subshaders removal was intentional, you may have forgotten turning Fallback off?
ERROR: Shader Game Particles/sparkShader shader is not supported on this GPU (none of subshaders/fallbacks are suitable)
WARNING: Shader Unsupported: 'Game Particles/sparkShader' - All subshaders removed
WARNING: Shader Did you use #pragma only_renderers and omit this platform?
WARNING: Shader If subshaders removal was intentional, you may have forgotten turning Fallback off?
WARNING: Shader Unsupported: 'stainedGlass' - All subshaders removed
WARNING: Shader Did you use #pragma only_renderers and omit this platform?
WARNING: Shader If subshaders removal was intentional, you may have forgotten turning Fallback off?
ERROR: Shader stainedGlass shader is not supported on this GPU (none of subshaders/fallbacks are suitable)
WARNING: Shader Unsupported: 'stainedGlass' - All subshaders removed
WARNING: Shader Did you use #pragma only_renderers and omit this platform?
WARNING: Shader If subshaders removal was intentional, you may have forgotten turning Fallback off?
WARNING: Shader Unsupported: 'Game Particles/barrelLiquidShader_packed' - All subshaders removed
WARNING: Shader Did you use #pragma only_renderers and omit this platform?
WARNING: Shader If subshaders removal was intentional, you may have forgotten turning Fallback off?
ERROR: Shader Game Particles/barrelLiquidShader_packed shader is not supported on this GPU (none of subshaders/fallbacks are suitable)
WARNING: Shader Unsupported: 'Game Particles/barrelLiquidShader_packed' - All subshaders removed
WARNING: Shader Did you use #pragma only_renderers and omit this platform?
WARNING: Shader If subshaders removal was intentional, you may have forgotten turning Fallback off?
ERROR: Shader Hidden/Game/ChunkTransparent shader is not supported on this GPU (none of subshaders/fallbacks are suitable)
2026-08-24T13:46:26 4.022 INF Loaded (local): events in 0.01
2026-08-24T13:46:26 4.033 INF Loaded (local): rwgmixer in 0.01
2026-08-24T13:46:26 4.039 INF Loaded (local): archetypes in 0.01
2026-08-24T13:46:26 4.041 INF Loaded (local): loadingscreen in 0.00
2026-08-24T13:46:26 4.050 INF Added 1336 subtitle data entries and 3 speaker colors
2026-08-24T13:46:26 4.050 INF Loaded (local): subtitles in 0.00
2026-08-24T13:46:26 4.051 INF Loaded (local): videos in 0.00
2026-08-24T13:46:26 4.052 INF Loaded (local): sandbox_overrides in 0.00
2026-08-24T13:46:26 4.052 INF WorldStaticData.Init() needed 1.804 s
2026-08-24T13:46:26 4.053 INF Started Telnet on 8081
2026-08-24T13:46:26 4.066 WRN [Discord] Full Discord integration only available when running with EOS cross platform provider!
2026-08-24T13:46:26 4.070 INF [PartyQuests] Initialized
2026-08-24T13:46:26 4.071 INF Awake done in 3110 ms
2026-08-24T13:46:26 4.168 INF [wasm] hello mod alive at tick 100 (world 0)
2026-08-24T13:46:26 4.179 INF [wasm] hello mod alive at tick 200 (world 0)
2026-08-24T13:46:26 4.189 INF [wasm] hello mod alive at tick 300 (world 0)
2026-08-24T13:46:26 4.199 INF [wasm] hello mod alive at tick 400 (world 0)
2026-08-24T13:46:26 4.208 INF [wasm] hello mod alive at tick 500 (world 0)
2026-08-24T13:46:26 4.218 INF [wasm] hello mod alive at tick 600 (world 0)
2026-08-24T13:46:26 4.227 INF [wasm] hello mod alive at tick 700 (world 0)
2026-08-24T13:46:26 4.237 INF [wasm] hello mod alive at tick 800 (world 0)
2026-08-24T13:46:26 4.246 INF [wasm] hello mod alive at tick 900 (world 0)
2026-08-24T13:46:26 4.254 INF [wasm] hello mod alive at tick 1000 (world 0)
2026-08-24T13:46:26 4.256 INF NetPackageManager Init
2026-08-24T13:46:26 4.278 INF [WasmHost] dropped 1 log line(s) from guest wasm (rate cap 10/s)
2026-08-24T13:46:27 4.719 INF [wasm] hello mod alive at tick 5900 (world 0)
2026-08-24T13:46:27 4.728 INF [wasm] hello mod alive at tick 6000 (world 0)
2026-08-24T13:46:27 4.737 INF [wasm] hello mod alive at tick 6100 (world 0)
2026-08-24T13:46:27 4.747 INF [wasm] hello mod alive at tick 6200 (world 0)
2026-08-24T13:46:27 4.757 INF [wasm] hello mod alive at tick 6300 (world 0)
2026-08-24T13:46:27 4.767 INF [wasm] hello mod alive at tick 6400 (world 0)
2026-08-24T13:46:27 4.778 INF [wasm] hello mod alive at tick 6500 (world 0)
2026-08-24T13:46:27 4.787 INF [wasm] hello mod alive at tick 6600 (world 0)
2026-08-24T13:46:27 4.796 INF [wasm] hello mod alive at tick 6700 (world 0)
2026-08-24T13:46:27 4.807 INF [wasm] hello mod alive at tick 6800 (world 0)
2026-08-24T13:46:27 5.341 INF [WasmHost] dropped 101 log line(s) from guest wasm (rate cap 10/s)
2026-08-24T13:46:28 5.726 INF [wasm] hello mod alive at tick 15400 (world 0)
2026-08-24T13:46:28 5.739 INF [wasm] hello mod alive at tick 15500 (world 0)
2026-08-24T13:46:28 5.752 INF [wasm] hello mod alive at tick 15600 (world 0)
2026-08-24T13:46:28 5.764 INF [wasm] hello mod alive at tick 15700 (world 0)
2026-08-24T13:46:28 5.776 INF [wasm] hello mod alive at tick 15800 (world 0)
2026-08-24T13:46:28 5.789 INF [wasm] hello mod alive at tick 15900 (world 0)
2026-08-24T13:46:28 5.803 INF [wasm] hello mod alive at tick 16000 (world 0)
2026-08-24T13:46:28 5.816 INF [wasm] hello mod alive at tick 16100 (world 0)
2026-08-24T13:46:28 5.828 INF [wasm] hello mod alive at tick 16200 (world 0)
2026-08-24T13:46:28 5.842 INF [wasm] hello mod alive at tick 16300 (world 0)
2026-08-24T13:46:28 6.602 INF [WasmHost] dropped 201 log line(s) from guest wasm (rate cap 10/s)
2026-08-24T13:46:28 6.638 INF [PermissionsManager] ResolvePermissions(_perms: [All], _canPrompt: False)
2026-08-24T13:46:28 6.639 INF [PermissionsManager] ResolvePermissions(_perms: [All], _canPrompt: False) Fetching Title Storage Overrides...
2026-08-24T13:46:28 6.639 INF [PermissionsManager] ResolvePermissions(_perms: [All], _canPrompt: False) Fetched Title Storage Overrides!
2026-08-24T13:46:28 6.643 INF NET: Starting server protocols
2026-08-24T13:46:28 6.671 INF NET: LiteNetLib server started
2026-08-24T13:46:28 6.672 INF [Steamworks.NET] NET: Server started
2026-08-24T13:46:28 6.673 INF Started thread SteamNetworkingServer
2026-08-24T13:46:28 6.673 INF StartGame
2026-08-24T13:46:28 6.693 INF Persistent GamePrefs saved
GamePref.AdminFileName = serveradmin.xml
GamePref.AirDropFrequency = 3
GamePref.AirDropMarker = True
GamePref.AISmellMode = 3
GamePref.AllowSpawnNearBackpack = True
GamePref.AllowSpawnNearFriend = 2
GamePref.AutopilotMode = 0
GamePref.BedrollDeadZoneSize = 15
GamePref.BedrollExpiryTime = 45
GamePref.BiomeProgression = True
GamePref.BlockDamageAI = 100
GamePref.BlockDamageAIBM = 100
GamePref.BlockDamagePlayer = 100
GamePref.BloodMoonEnemyCount = 8
GamePref.BloodMoonFrequency = 7
GamePref.BloodMoonRange = 0
GamePref.BloodMoonWarning = 8
GamePref.BuildCreate = False
GamePref.CameraRestrictionMode = 0
GamePref.ConnectToServerIP = 127.0.0.1
GamePref.ConnectToServerPort = 26900
GamePref.CreateLevelDim = 4096
GamePref.CreateLevelName = My Level
GamePref.CreativeMenuEnabled = False
GamePref.DayCount = 3
GamePref.DayLightLength = 40
GamePref.DayNightLength = 60
GamePref.DeathPenalty = 1
GamePref.DebugMenuEnabled = False
GamePref.DebugMenuShowTasks = False
GamePref.DebugPanelsEnabled = -
GamePref.DebugStopEnemiesMoving = False
GamePref.DiscordAutoJoinVoiceMode = 0
GamePref.DiscordDisabled = False
GamePref.DiscordDmPrivacyMode = True
GamePref.DiscordFirstTimeInfoShown = False
GamePref.DiscordInputVolume = 1
GamePref.DiscordLastAccountType = 0
GamePref.DiscordMuteDmNotifications = True
GamePref.DiscordOutputVolume = 1
GamePref.DiscordSelectedInputDevice = default
GamePref.DiscordSelectedOutputDevice = default
GamePref.DiscordVoiceModePtt = False
GamePref.DiscordVoiceVadModeAuto = True
GamePref.DiscordVoiceVadThreshold = -60
GamePref.DropOnDeath = 1
GamePref.DropOnQuit = 0
GamePref.DynamicMeshDistance = 1000
GamePref.DynamicMeshEnabled = True
GamePref.DynamicMeshLandClaimBuffer = 3
GamePref.DynamicMeshLandClaimOnly = True
GamePref.DynamicMeshMaxItemCache = 3
GamePref.DynamicMeshMaxRegionCache = 1
GamePref.DynamicMeshUseImposters = False
GamePref.DynamicSpawner = 
GamePref.EACEnabled = False
GamePref.EnableMapRendering = False
GamePref.EnemyDifficulty = 0
GamePref.EnemySpawnMode = True
GamePref.EulaLatestVersion = 0
GamePref.EulaVersionAccepted = -1
GamePref.FavoriteServersList = 
GamePref.FragLimit = 20
GamePref.GameDifficulty = 1
GamePref.GameGuidClient = 
GamePref.GameMode = GameModeSurvival
GamePref.GameName = WasmAcceptance1
GamePref.GameNameClient = My Game
GamePref.GameSaveStorageType = 0
GamePref.GameVersion = V 3.1.0
GamePref.GameWorld = Navezgane
GamePref.GameWorldLocationType = 5
GamePref.HideCommandExecutionLog = 0
GamePref.IgnoreEOSSanctions = False
GamePref.JarRefund = 60
GamePref.JoiningOptions = True
GamePref.LandClaimCount = 5
GamePref.LandClaimDeadZone = 30
GamePref.LandClaimDecayMode = 0
GamePref.LandClaimExpiryTime = 7
GamePref.LandClaimOfflineDelay = 0
GamePref.LandClaimOfflineDurabilityModifier = 4
GamePref.LandClaimOnlineDurabilityModifier = 4
GamePref.LandClaimSize = 41
GamePref.Language = 
GamePref.LanguageBrowser = 
GamePref.LastGameResetRevision = 0
GamePref.LastLoadedPrefab = 
GamePref.LastLoadingTipRead = -1
GamePref.LootAbundance = 100
GamePref.LootRespawnDays = 7
GamePref.LootTimer = 
GamePref.MatchLength = 10
GamePref.MaxChunkAge = -1
GamePref.MaxQueuedMeshLayers = 40
GamePref.MaxSpawnedAnimals = 50
GamePref.MaxSpawnedZombies = 16
GamePref.MaxUncoveredMapChunksPerPlayer = 131072
GamePref.NoGraphicsMode = True
GamePref.OptionsAllowController = True
GamePref.OptionsAmbientVolumeLevel = 1
GamePref.OptionsAudioOcclusion = False
GamePref.OptionsAutoPartyWithFriends = True
GamePref.OptionsBackgroundGlobalOpacity = 0.95
GamePref.OptionsBindingsResetRevision = 0
GamePref.OptionsChatCommunication = True
GamePref.OptionsControllerAimAssists = True
GamePref.OptionsControllerCursorHoverSensitivity = 0.5
GamePref.OptionsControllerCursorSnap = True
GamePref.OptionsControllerIconStyle = 0
GamePref.OptionsControllerJoystickLayout = 0
GamePref.OptionsControllerLookAcceleration = 4
GamePref.OptionsControllerLookAxisDeadzone = 0.1
GamePref.OptionsControllerLookInvert = False
GamePref.OptionsControllerMoveAxisDeadzone = 0.1
GamePref.OptionsControllerSensitivityX = 0.35
GamePref.OptionsControllerSensitivityY = 0.25
GamePref.OptionsControllerTriggerEffects = False
GamePref.OptionsControllerVehicleSensitivity = 1
GamePref.OptionsControllerVibration = True
GamePref.OptionsControllerVibrationStrength = 2
GamePref.OptionsControllerWeaponAiming = False
GamePref.OptionsControllerZoomSensitivity = 0.5
GamePref.OptionsControlsDefaultQuickAction = 0
GamePref.OptionsControlsResetRevision = 0
GamePref.OptionsControlsSprintLock = 1
GamePref.OptionsCrosshairADS = True
GamePref.OptionsCrosshairColor = 0
GamePref.OptionsCrosshairDot3P = True
GamePref.OptionsCrosshairEnabled = True
GamePref.OptionsCrosshairOpacity = 1
GamePref.OptionsCrosshairRangedEnabled = True
GamePref.OptionsCrosshairScale = 1
GamePref.OptionsCrosshairThickness = 0.2
GamePref.OptionsCrossplay = True
GamePref.OptionsDisableChunkLODs = False
GamePref.OptionsDisableXmlEvents = False
GamePref.OptionsDynamicMusicDailyTime = 0.45
GamePref.OptionsDynamicMusicEnabled = True
GamePref.OptionsFilterProfanity = False
GamePref.OptionsForegroundGlobalOpacity = 1
GamePref.OptionsGfx3PCameraMode = 0
GamePref.OptionsGfxAA = 1
GamePref.OptionsGfxAASharpness = 0
GamePref.OptionsGfxBloom = True
GamePref.OptionsGfxBrightness = 0.5
GamePref.OptionsGfxCameraDistance3P = 0.25
GamePref.OptionsGfxDefaultFirstPersonCamera = True
GamePref.OptionsGfxDOF = False
GamePref.OptionsGfxDynamicMinFPS = 30
GamePref.OptionsGfxDynamicMode = 0
GamePref.OptionsGfxDynamicScale = 1
GamePref.OptionsGfxFOV = 65
GamePref.OptionsGfxFOV3P = 65
GamePref.OptionsGfxFSRPreset = 2
GamePref.OptionsGfxGrassDistance = 1
GamePref.OptionsGfxLimitFpsInGame = -1
GamePref.OptionsGfxLODDistance = 0.5
GamePref.OptionsGfxMotionBlur = 1
GamePref.OptionsGfxMotionBlurEnabled = True
GamePref.OptionsGfxObjQuality = 3
GamePref.OptionsGfxOcclusion = True
GamePref.OptionsGfxQualityPreset = 2
GamePref.OptionsGfxReflectQuality = 1
GamePref.OptionsGfxReflectShadows = False
GamePref.OptionsGfxResetRevision = 0
GamePref.OptionsGfxResolution = 0
GamePref.OptionsGfxShadowDistance = 1
GamePref.OptionsGfxShadowQuality = 1
GamePref.OptionsGfxSignQuality = 2
GamePref.OptionsGfxSSAO = True
GamePref.OptionsGfxSSReflections = 1
GamePref.OptionsGfxStreamMipmaps = True
GamePref.OptionsGfxSunShafts = True
GamePref.OptionsGfxTerrainQuality = 3
GamePref.OptionsGfxTexFilter = 1
GamePref.OptionsGfxTexQuality = 1
GamePref.OptionsGfxTreeDistance = 4
GamePref.OptionsGfxUpscalerMode = 4
GamePref.OptionsGfxViewDistance = 6
GamePref.OptionsGfxVsync = 1
GamePref.OptionsGfxWaterPtlLimiter = 0.5
GamePref.OptionsGfxWaterQuality = 1
GamePref.OptionsHudOpacity = 1
GamePref.OptionsHudSize = 1
GamePref.OptionsInterfaceSensitivity = 0.5
GamePref.OptionsIntroMovieEnabled = True
GamePref.OptionsInvertMouse = False
GamePref.OptionsJournalPopup = True
GamePref.OptionsLookSensitivity = 0.5
GamePref.OptionsMenuMusicVolumeLevel = 0.7
GamePref.OptionsMicVolumeLevel = 0.75
GamePref.OptionsMumblePositionalAudioSupport = False
GamePref.OptionsMusicVolumeLevel = 0.6
GamePref.OptionsOverallAudioVolumeLevel = 1
GamePref.OptionsPlayChanceFrequency = 3
GamePref.OptionsPlayChanceProbability = 0.983
GamePref.OptionsPlayerModelTexture = Player/Male/Player_male
GamePref.OptionsPOICulling = 1
GamePref.OptionsPoiVolumesSkipDeleteConfirmation = False
GamePref.OptionsQuestsAutoAccept = True
GamePref.OptionsQuestsAutoShare = True
GamePref.OptionsScreenBoundsValue = 1
GamePref.OptionsSelectionBoxAlphaMultiplier = 0.4
GamePref.OptionsShowCompass = True
GamePref.OptionsShowConsoleButton = False
GamePref.OptionsShowCrosshair = True
GamePref.OptionsStabSpawnBlocksOnGround = True
GamePref.OptionsSubtitlesEnabled = True
GamePref.OptionsTempCelsius = False
GamePref.OptionsUiCompassUseEnglishCardinalDirections = False
GamePref.OptionsUiFpsScaling = 1
GamePref.OptionsVehicleLookSensitivity = 0.5
GamePref.OptionsVoiceChatEnabled = True
GamePref.OptionsVoiceInputDevice = 
GamePref.OptionsVoiceOutputDevice = 
GamePref.OptionsVoiceVolumeLevel = 0.75
GamePref.OptionsWeaponAiming = False
GamePref.OptionsZoomAccel = 0.5
GamePref.OptionsZoomSensitivity = 0.3
GamePref.PartySharedKillRange = 100
GamePref.PersistentPlayerProfiles = False
GamePref.PlayerAutologin = False
GamePref.PlayerKillingMode = KillStrangersOnly
GamePref.PlayerName = Player
GamePref.PlayerSafeZoneHours = 7
GamePref.PlayerSafeZoneLevel = 5
GamePref.PlaytestBiome = 3
GamePref.QuestProgressionDailyLimit = 4
GamePref.RebuildMap = False
GamePref.Region = 
GamePref.ResetUnprotectedChunks = 0
GamePref.SandboxCode = 
GamePref.SandboxPreset = 
GamePref.SaveDataLimit = -1
GamePref.SaveDataLimitType = Unlimited
GamePref.SelectionContextMode = 0
GamePref.SelectionOperationMode = 0
GamePref.ServerAdminSlots = 0
GamePref.ServerAdminSlotsPermission = 0
GamePref.ServerAllowCrossplay = True
GamePref.ServerDescription = 
GamePref.ServerDisabledNetworkProtocols = 
GamePref.ServerEACPeerToPeer = True
GamePref.ServerEnabled = True
GamePref.ServerIP = 
GamePref.ServerIsPublic = False
GamePref.ServerLoginConfirmationText = 
GamePref.ServerMatchmakingGroup = 
GamePref.ServerMaxAllowedViewDistance = 12
GamePref.ServerMaxPlayerCount = 4
GamePref.ServerMaxWorldTransferSpeedKiBs = 512
GamePref.ServerName = Default Server
GamePref.ServerPort = 26900
GamePref.ServerReservedSlots = 0
GamePref.ServerReservedSlotsPermission = 100
GamePref.ServerVisibility = 2
GamePref.ServerWebsiteURL = 
GamePref.ShowFriendPlayerOnMap = True
GamePref.SkipSpawnButton = False
GamePref.StormFreq = 100
GamePref.TelnetEnabled = True
GamePref.TelnetFailedLoginLimit = 10
GamePref.TelnetFailedLoginsBlocktime = 10
GamePref.TelnetPort = 8081
GamePref.TerminalWindowEnabled = True
GamePref.TwitchBloodMoonAllowed = True
GamePref.TwitchServerPermission = 90
GamePref.UNUSED_ControlPanelEnabled = False
GamePref.UNUSED_ControlPanelPort = 8080
GamePref.UNUSED_LastLoadedPrefabSize = 
GamePref.UNUSED_NewGameSetDefaults = 
GamePref.UNUSED_OptionsBloom = 
GamePref.UNUSED_OptionsDOF = 
GamePref.UNUSED_OptionsFieldOfViewNew = 
GamePref.UNUSED_OptionsGamma = 
GamePref.UNUSED_OptionsGfxGameplayResolutionHeight = 
GamePref.UNUSED_OptionsGfxGameplayResolutionWidth = 
GamePref.UNUSED_OptionsGfxUMATexQuality = 
GamePref.UNUSED_OptionsMotionBlur = 
GamePref.UNUSED_OptionsObjectBlur = 
GamePref.UNUSED_OptionsPlayerModel = playerMale
GamePref.UNUSED_OptionsReflectionBounces = 
GamePref.UNUSED_OptionsReflectionCullList = 
GamePref.UNUSED_OptionsReflectionFarClip = 
GamePref.UNUSED_OptionsReflectionRefreshMode = 
GamePref.UNUSED_OptionsReflectionShadowDistance = 
GamePref.UNUSED_OptionsReflectionTimeSlicingMode = 
GamePref.UNUSED_OptionsSSAO = 
GamePref.UNUSED_OptionsStreamingMipmapsBudget = 
GamePref.UNUSED_OptionsSunShafts = 
GamePref.UNUSED_PlayerId = 
GamePref.UNUSED_SaveGameFolder = 
GamePref.UNUSED_UserDataFolder = 
GamePref.UserWorldStorageType = 0
GamePref.WebDashboardEnabled = False
GamePref.WebDashboardPort = 8080
GamePref.WebDashboardUrl = 
GamePref.WorldGenSeed = 
GamePref.WorldGenSize = 8192
GamePref.XPMultiplier = 100
GamePref.ZombieBMMove = 3
GamePref.ZombieFeralMove = 3
GamePref.ZombieFeralSense = 0
GamePref.ZombieMove = 0
GamePref.ZombieMoveNight = 3
GamePref.ZombiePlayers = True
GameStat.AirDropFrequency = 0
GameStat.AirDropMarker = True
GameStat.AllowedViewDistance = 12
GameStat.AnimalCount = 0
GameStat.AutoParty = False
GameStat.BedrollExpiryTime = 45
GameStat.BiomeGSModifier = 100
GameStat.BiomeLSModifier = 100
GameStat.BiomeProgression = True
GameStat.BlockDamageAI = 100
GameStat.BlockDamageAIBM = 100
GameStat.BlockDamagePlayer = 100
GameStat.BloodMoonDay = 0
GameStat.BloodMoonEnemyCount = 8
GameStat.BloodMoonWarning = 8
GameStat.CameraRestrictionMode = 0
GameStat.ChunkStabilityEnabled = True
GameStat.CurrentRoundIx = 0
GameStat.DayLightLength = 18
GameStat.DayLimitActive = False
GameStat.DayLimitThisRound = 0
GameStat.DayNightLength = 60
GameStat.DeathPenalty = XPOnly
GameStat.DropOnDeath = 1
GameStat.DropOnQuit = 0
GameStat.EnemyCount = 0
GameStat.EnemyDifficulty = Normal
GameStat.EnemySpawnMode = True
GameStat.FragLimitActive = False
GameStat.FragLimitThisRound = 0
GameStat.GameDifficulty = 2
GameStat.GameModeId = 0
GameStat.GameState = 0
GameStat.GlobalGSModifier = 100
GameStat.GlobalLSModifier = 100
GameStat.GlobalMessageToShow = 
GameStat.IsCreativeMenuEnabled = False
GameStat.IsFlyingEnabled = False
GameStat.IsPlayerCollisionEnabled = True
GameStat.IsPlayerDamageEnabled = True
GameStat.IsResetMapOnRestart = False
GameStat.IsSaveSupplyCrates = True
GameStat.IsSpawnEnemies = True
GameStat.IsSpawnNearOtherPlayer = False
GameStat.IsTeleportEnabled = False
GameStat.IsVersionCheckDone = False
GameStat.JarRefund = 60
GameStat.LandClaimCount = 5
GameStat.LandClaimDeadZone = 30
GameStat.LandClaimDecayMode = 0
GameStat.LandClaimExpiryTime = 3
GameStat.LandClaimOfflineDelay = 0
GameStat.LandClaimOfflineDurabilityModifier = 32
GameStat.LandClaimOnlineDurabilityModifier = 32
GameStat.LandClaimSize = 41
GameStat.LoadScene = 
GameStat.LootAbundance = 100
GameStat.LootRespawnDays = 7
GameStat.LootTimer = 
GameStat.OptionsPOICulling = 0
GameStat.PartySharedKillRange = 100
GameStat.PlayerKillingMode = KillStrangersOnly
GameStat.QuestProgressionDailyLimit = 4
GameStat.SandboxCode = 
GameStat.SandboxPreset = 
GameStat.ScoreDiedMultiplier = -5
GameStat.ScorePlayerKillMultiplier = 1
GameStat.ScoreZombieKillMultiplier = 1
GameStat.ShowAllPlayersOnMap = False
GameStat.ShowFriendPlayerOnMap = True
GameStat.ShowSpawnWindow = False
GameStat.ShowWindow = 
GameStat.StormFreq = 0
GameStat.TimeLimitActive = False
GameStat.TimeLimitThisRound = 0
GameStat.TimeOfDayIncPerSec = 20
GameStat.TwitchBloodMoonAllowed = True
GameStat.UNUSED_GameDifficultyBonus = 
GameStat.UNUSED_ShowZombieCounter = 
GameStat.XPMultiplier = 100
GameStat.ZombieHordeMeter = False
Sandbox Code: 
Sandbox Options:
  - Invalid code -
2026-08-24T13:46:28 6.703 INF [PlatformApplication] restart required = False
2026-08-24T13:46:28 6.705 INF StartAsServer
2026-08-24T13:46:29 6.799 WRN save folder does not exist
2026-08-24T13:46:29 6.831 INF [wasm] hello mod alive at tick 23400 (world 0)
2026-08-24T13:46:29 6.832 INF Loaded (local): events in 0.00
2026-08-24T13:46:29 6.857 INF Loaded (local): materials in 0.01
2026-08-24T13:46:29 6.878 INF Loaded (local): physicsbodies in 0.01
2026-08-24T13:46:29 6.887 INF Loaded (local): painting in 0.00
2026-08-24T13:46:29 6.888 INF [wasm] hello mod alive at tick 23500 (world 0)
2026-08-24T13:46:29 6.903 INF [wasm] hello mod alive at tick 23600 (world 0)
2026-08-24T13:46:29 6.938 INF [wasm] hello mod alive at tick 23700 (world 0)
2026-08-24T13:46:29 6.953 INF [wasm] hello mod alive at tick 23800 (world 0)
2026-08-24T13:46:29 7.054 INF Loaded (local): shapes in 0.03
2026-08-24T13:46:29 7.069 INF [wasm] hello mod alive at tick 23900 (world 0)
2026-08-24T13:46:29 7.117 INF [wasm] hello mod alive at tick 24000 (world 0)
2026-08-24T13:46:29 7.122 INF Chat (from '-non-player-', entity id '-1', to 'Global'): hello survivor from a wasm mod at tick 24000
2026-08-24T13:46:29 7.139 INF [wasm] hello mod alive at tick 24100 (world 0)
2026-08-24T13:46:29 7.152 INF [wasm] hello mod alive at tick 24200 (world 0)
2026-08-24T13:46:29 7.169 INF [wasm] hello mod alive at tick 24300 (world 0)
2026-08-24T13:46:31 9.666 INF [wasm] hello mod alive at tick 25000 (world 0)
2026-08-24T13:46:31 9.666 INF Chat (from '-non-player-', entity id '-1', to 'Global'): hello survivor from a wasm mod at tick 25000
ERROR: Shader Legacy Shaders/Transparent/Cutout/VertexLit shader is not supported on this GPU (none of subshaders/fallbacks are suitable)
WARNING: Shader Unsupported: 'Game/SpeedTree8' - All subshaders removed
WARNING: Shader Did you use #pragma only_renderers and omit this platform?
WARNING: Shader If subshaders removal was intentional, you may have forgotten turning Fallback off?
ERROR: Shader Game/SpeedTree8 shader is not supported on this GPU (none of subshaders/fallbacks are suitable)
WARNING: Shader Unsupported: 'Game/SpeedTree8' - All subshaders removed
WARNING: Shader Did you use #pragma only_renderers and omit this platform?
WARNING: Shader If subshaders removal was intentional, you may have forgotten turning Fallback off?
WARNING: Shader Unsupported: 'Nature/SpeedTree8' - All subshaders removed
WARNING: Shader Did you use #pragma only_renderers and omit this platform?
WARNING: Shader If subshaders removal was intentional, you may have forgotten turning Fallback off?
ERROR: Shader Nature/SpeedTree8 shader is not supported on this GPU (none of subshaders/fallbacks are suitable)
WARNING: Shader Unsupported: 'Nature/SpeedTree8' - All subshaders removed
WARNING: Shader Did you use #pragma only_renderers and omit this platform?
WARNING: Shader If subshaders removal was intentional, you may have forgotten turning Fallback off?
ERROR: Shader Game/BlockMissing shader is not supported on this GPU (none of subshaders/fallbacks are suitable)
WARNING: Shader Unsupported: '7DTD/7DTD_Liquid' - All subshaders removed
WARNING: Shader Did you use #pragma only_renderers and omit this platform?
WARNING: Shader If subshaders removal was intentional, you may have forgotten turning Fallback off?
ERROR: Shader 7DTD/7DTD_Liquid shader is not supported on this GPU (none of subshaders/fallbacks are suitable)
WARNING: Shader Unsupported: '7DTD/7DTD_Liquid' - All subshaders removed
WARNING: Shader Did you use #pragma only_renderers and omit this platform?
WARNING: Shader If subshaders removal was intentional, you may have forgotten turning Fallback off?
WARNING: Shader Unsupported: 'Custom/SignTextShader' - All subshaders removed
WARNING: Shader Did you use #pragma only_renderers and omit this platform?
WARNING: Shader If subshaders removal was intentional, you may have forgotten turning Fallback off?
ERROR: Shader Custom/SignTextShader shader is not supported on this GPU (none of subshaders/fallbacks are suitable)
WARNING: Shader Unsupported: 'Custom/SignTextShader' - All subshaders removed
WARNING: Shader Did you use #pragma only_renderers and omit this platform?
WARNING: Shader If subshaders removal was intentional, you may have forgotten turning Fallback off?
2026-08-24T13:46:37 15.086 INF [wasm] hello mod alive at tick 25100 (world 0)
ERROR: Shader Game/SemiTransGlow shader is not supported on this GPU (none of subshaders/fallbacks are suitable)
WARNING: Shader Unsupported: 'Game Particles/Unlit' - All subshaders removed
WARNING: Shader Did you use #pragma only_renderers and omit this platform?
WARNING: Shader If subshaders removal was intentional, you may have forgotten turning Fallback off?
ERROR: Shader Game Particles/Unlit shader is not supported on this GPU (none of subshaders/fallbacks are suitable)
WARNING: Shader Unsupported: 'Game Particles/Unlit' - All subshaders removed
WARNING: Shader Did you use #pragma only_renderers and omit this platform?
WARNING: Shader If subshaders removal was intentional, you may have forgotten turning Fallback off?
ERROR: Shader Game/SemiTransGlow shader is not supported on this GPU (none of subshaders/fallbacks are suitable)
The referenced script on this Behaviour (Game Object '<null>') is missing!
WARNING: Shader Unsupported: 'GameScreenFlicker' - All subshaders removed
WARNING: Shader Did you use #pragma only_renderers and omit this platform?
WARNING: Shader If subshaders removal was intentional, you may have forgotten turning Fallback off?
ERROR: Shader GameScreenFlicker shader is not supported on this GPU (none of subshaders/fallbacks are suitable)
WARNING: Shader Unsupported: 'GameScreenFlicker' - All subshaders removed
WARNING: Shader Did you use #pragma only_renderers and omit this platform?
WARNING: Shader If subshaders removal was intentional, you may have forgotten turning Fallback off?
The referenced script on this Behaviour (Game Object '<null>') is missing!
The referenced script on this Behaviour (Game Object '<null>') is missing!
The referenced script on this Behaviour (Game Object '<null>') is missing!
The referenced script on this Behaviour (Game Object '<null>') is missing!
WARNING: Shader Unsupported: '7DTD/TorchGlow' - All subshaders removed
WARNING: Shader Did you use #pragma only_renderers and omit this platform?
WARNING: Shader If subshaders removal was intentional, you may have forgotten turning Fallback off?
ERROR: Shader 7DTD/TorchGlow shader is not supported on this GPU (none of subshaders/fallbacks are suitable)
WARNING: Shader Unsupported: '7DTD/TorchGlow' - All subshaders removed
WARNING: Shader Did you use #pragma only_renderers and omit this platform?
WARNING: Shader If subshaders removal was intentional, you may have forgotten turning Fallback off?
WARNING: Shader Unsupported: 'Game/TorchFire' - All subshaders removed
WARNING: Shader Did you use #pragma only_renderers and omit this platform?
WARNING: Shader If subshaders removal was intentional, you may have forgotten turning Fallback off?
ERROR: Shader Game/TorchFire shader is not supported on this GPU (none of subshaders/fallbacks are suitable)
WARNING: Shader Unsupported: 'Game/TorchFire' - All subshaders removed
WARNING: Shader Did you use #pragma only_renderers and omit this platform?
WARNING: Shader If subshaders removal was intentional, you may have forgotten turning Fallback off?
WARNING: Shader Unsupported: 'Game/TorchFire' - All subshaders removed
WARNING: Shader Did you use #pragma only_renderers and omit this platform?
WARNING: Shader If subshaders removal was intentional, you may have forgotten turning Fallback off?
ERROR: Shader Game/TorchFire shader is not supported on this GPU (none of subshaders/fallbacks are suitable)
WARNING: Shader Unsupported: 'Game/TorchFire' - All subshaders removed
WARNING: Shader Did you use #pragma only_renderers and omit this platform?
WARNING: Shader If subshaders removal was intentional, you may have forgotten turning Fallback off?
WARNING: Shader Unsupported: 'Game Particles/Unlit' - All subshaders removed
WARNING: Shader Did you use #pragma only_renderers and omit this platform?
WARNING: Shader If subshaders removal was intentional, you may have forgotten turning Fallback off?
ERROR: Shader Game Particles/Unlit shader is not supported on this GPU (none of subshaders/fallbacks are suitable)
WARNING: Shader Unsupported: 'Game Particles/Unlit' - All subshaders removed
WARNING: Shader Did you use #pragma only_renderers and omit this platform?
WARNING: Shader If subshaders removal was intentional, you may have forgotten turning Fallback off?
WARNING: Shader Unsupported: '7DTD/7DTD_Cobweb' - All subshaders removed
WARNING: Shader Did you use #pragma only_renderers and omit this platform?
WARNING: Shader If subshaders removal was intentional, you may have forgotten turning Fallback off?
ERROR: Shader 7DTD/7DTD_Cobweb shader is not supported on this GPU (none of subshaders/fallbacks are suitable)
WARNING: Shader Unsupported: '7DTD/7DTD_Cobweb' - All subshaders removed
WARNING: Shader Did you use #pragma only_renderers and omit this platform?
WARNING: Shader If subshaders removal was intentional, you may have forgotten turning Fallback off?
WARNING: Shader Unsupported: 'Game/EntityTintMaskSSS' - All subshaders removed
WARNING: Shader Did you use #pragma only_renderers and omit this platform?
WARNING: Shader If subshaders removal was intentional, you may have forgotten turning Fallback off?
ERROR: Shader Game/EntityTintMaskSSS shader is not supported on this GPU (none of subshaders/fallbacks are suitable)
WARNING: Shader Unsupported: 'Game/EntityTintMaskSSS' - All subshaders removed
WARNING: Shader Did you use #pragma only_renderers and omit this platform?
WARNING: Shader If subshaders removal was intentional, you may have forgotten turning Fallback off?
WARNING: Shader Unsupported: 'Game/EntityTintMaskSSS' - All subshaders removed
WARNING: Shader Did you use #pragma only_renderers and omit this platform?
WARNING: Shader If subshaders removal was intentional, you may have forgotten turning Fallback off?
ERROR: Shader Game/EntityTintMaskSSS shader is not supported on this GPU (none of subshaders/fallbacks are suitable)
WARNING: Shader Unsupported: 'Game/EntityTintMaskSSS' - All subshaders removed
WARNING: Shader Did you use #pragma only_renderers and omit this platform?
WARNING: Shader If subshaders removal was intentional, you may have forgotten turning Fallback off?
WARNING: Shader Unsupported: 'Game/CharacterPlayerOutfit' - All subshaders removed
WARNING: Shader Did you use #pragma only_renderers and omit this platform?
WARNING: Shader If subshaders removal was intentional, you may have forgotten turning Fallback off?
ERROR: Shader Game/CharacterPlayerOutfit shader is not supported on this GPU (none of subshaders/fallbacks are suitable)
WARNING: Shader Unsupported: 'Game/CharacterPlayerOutfit' - All subshaders removed
WARNING: Shader Did you use #pragma only_renderers and omit this platform?
WARNING: Shader If subshaders removal was intentional, you may have forgotten turning Fallback off?
WARNING: Shader Unsupported: 'Game Particles/Lit' - All subshaders removed
WARNING: Shader Did you use #pragma only_renderers and omit this platform?
WARNING: Shader If subshaders removal was intentional, you may have forgotten turning Fallback off?
ERROR: Shader Game Particles/Lit shader is not supported on this GPU (none of subshaders/fallbacks are suitable)
WARNING: Shader Unsupported: 'Game Particles/Lit' - All subshaders removed
WARNING: Shader Did you use #pragma only_renderers and omit this platform?
WARNING: Shader If subshaders removal was intentional, you may have forgotten turning Fallback off?
WARNING: Shader Unsupported: '7DTD/7DTD_Sign_Illuminated' - All subshaders removed
WARNING: Shader Did you use #pragma only_renderers and omit this platform?
WARNING: Shader If subshaders removal was intentional, you may have forgotten turning Fallback off?
ERROR: Shader 7DTD/7DTD_Sign_Illuminated shader is not supported on this GPU (none of subshaders/fallbacks are suitable)
WARNING: Shader Unsupported: '7DTD/7DTD_Sign_Illuminated' - All subshaders removed
WARNING: Shader Did you use #pragma only_renderers and omit this platform?
WARNING: Shader If subshaders removal was intentional, you may have forgotten turning Fallback off?
WARNING: Shader Unsupported: 'Custom/SignTextShader' - All subshaders removed
WARNING: Shader Did you use #pragma only_renderers and omit this platform?
WARNING: Shader If subshaders removal was intentional, you may have forgotten turning Fallback off?
ERROR: Shader Custom/SignTextShader shader is not supported on this GPU (none of subshaders/fallbacks are suitable)
WARNING: Shader Unsupported: 'Custom/SignTextShader' - All subshaders removed
WARNING: Shader Did you use #pragma only_renderers and omit this platform?
WARNING: Shader If subshaders removal was intentional, you may have forgotten turning Fallback off?
WARNING: Shader Unsupported: 'Game/SignTech/Standard' - All subshaders removed
WARNING: Shader Did you use #pragma only_renderers and omit this platform?
WARNING: Shader If subshaders removal was intentional, you may have forgotten turning Fallback off?
ERROR: Shader Game/SignTech/Standard shader is not supported on this GPU (none of subshaders/fallbacks are suitable)
WARNING: Shader Unsupported: 'Game/SignTech/Standard' - All subshaders removed
WARNING: Shader Did you use #pragma only_renderers and omit this platform?
WARNING: Shader If subshaders removal was intentional, you may have forgotten turning Fallback off?
WARNING: Shader Unsupported: 'Game/SignTech/CutoutFallback' - All subshaders removed
WARNING: Shader Did you use #pragma only_renderers and omit this platform?
WARNING: Shader If subshaders removal was intentional, you may have forgotten turning Fallback off?
ERROR: Shader Game/SignTech/CutoutFallback shader is not supported on this GPU (none of subshaders/fallbacks are suitable)
WARNING: Shader Unsupported: 'Game/SignTech/CutoutFallback' - All subshaders removed
WARNING: Shader Did you use #pragma only_renderers and omit this platform?
WARNING: Shader If subshaders removal was intentional, you may have forgotten turning Fallback off?
WARNING: Shader Unsupported: 'Game/SignTech/Cutout' - All subshaders removed
WARNING: Shader Did you use #pragma only_renderers and omit this platform?
WARNING: Shader If subshaders removal was intentional, you may have forgotten turning Fallback off?
ERROR: Shader Game/SignTech/Cutout shader is not supported on this GPU (none of subshaders/fallbacks are suitable)
WARNING: Shader Unsupported: 'Game/SignTech/Cutout' - All subshaders removed
WARNING: Shader Did you use #pragma only_renderers and omit this platform?
WARNING: Shader If subshaders removal was intentional, you may have forgotten turning Fallback off?
WARNING: Shader Unsupported: 'Game/Cloth' - All subshaders removed
WARNING: Shader Did you use #pragma only_renderers and omit this platform?
WARNING: Shader If subshaders removal was intentional, you may have forgotten turning Fallback off?
ERROR: Shader Game/Cloth shader is not supported on this GPU (none of subshaders/fallbacks are suitable)
WARNING: Shader Unsupported: 'Game/Cloth' - All subshaders removed
WARNING: Shader Did you use #pragma only_renderers and omit this platform?
WARNING: Shader If subshaders removal was intentional, you may have forgotten turning Fallback off?
WARNING: Shader Unsupported: 'Game/Cloth Sign' - All subshaders removed
WARNING: Shader Did you use #pragma only_renderers and omit this platform?
WARNING: Shader If subshaders removal was intentional, you may have forgotten turning Fallback off?
ERROR: Shader Game/Cloth Sign shader is not supported on this GPU (none of subshaders/fallbacks are suitable)
WARNING: Shader Unsupported: 'Game/Cloth Sign' - All subshaders removed
WARNING: Shader Did you use #pragma only_renderers and omit this platform?
WARNING: Shader If subshaders removal was intentional, you may have forgotten turning Fallback off?
WARNING: Shader Unsupported: 'Game/Entity Tint Mask Sign' - All subshaders removed
WARNING: Shader Did you use #pragma only_renderers and omit this platform?
WARNING: Shader If subshaders removal was intentional, you may have forgotten turning Fallback off?
ERROR: Shader Game/Entity Tint Mask Sign shader is not supported on this GPU (none of subshaders/fallbacks are suitable)
WARNING: Shader Unsupported: 'Game/Entity Tint Mask Sign' - All subshaders removed
WARNING: Shader Did you use #pragma only_renderers and omit this platform?
WARNING: Shader If subshaders removal was intentional, you may have forgotten turning Fallback off?
2026-08-24T13:46:43 21.205 INF [wasm] hello mod alive at tick 25200 (world 0)
WARNING: Shader Unsupported: 'Game/SpeedTree' - All subshaders removed
WARNING: Shader Did you use #pragma only_renderers and omit this platform?
WARNING: Shader If subshaders removal was intentional, you may have forgotten turning Fallback off?
ERROR: Shader Game/SpeedTree shader is not supported on this GPU (none of subshaders/fallbacks are suitable)
WARNING: Shader Unsupported: 'Game/SpeedTree' - All subshaders removed
WARNING: Shader Did you use #pragma only_renderers and omit this platform?
WARNING: Shader If subshaders removal was intentional, you may have forgotten turning Fallback off?
WARNING: Shader Unsupported: 'Game/SpeedTree Billboard' - All subshaders removed
WARNING: Shader Did you use #pragma only_renderers and omit this platform?
WARNING: Shader If subshaders removal was intentional, you may have forgotten turning Fallback off?
ERROR: Shader Game/SpeedTree Billboard shader is not supported on this GPU (none of subshaders/fallbacks are suitable)
WARNING: Shader Unsupported: 'Game/SpeedTree Billboard' - All subshaders removed
WARNING: Shader Did you use #pragma only_renderers and omit this platform?
WARNING: Shader If subshaders removal was intentional, you may have forgotten turning Fallback off?
WARNING: Shader Unsupported: 'Standard' - All subshaders removed
WARNING: Shader Did you use #pragma only_renderers and omit this platform?
WARNING: Shader If subshaders removal was intentional, you may have forgotten turning Fallback off?
ERROR: Shader Standard shader is not supported on this GPU (none of subshaders/fallbacks are suitable)
WARNING: Shader Unsupported: 'Standard' - All subshaders removed
WARNING: Shader Did you use #pragma only_renderers and omit this platform?
WARNING: Shader If subshaders removal was intentional, you may have forgotten turning Fallback off?
WARNING: Shader Unsupported: 'Game/EntityTintMaskSSS' - All subshaders removed
WARNING: Shader Did you use #pragma only_renderers and omit this platform?
WARNING: Shader If subshaders removal was intentional, you may have forgotten turning Fallback off?
ERROR: Shader Game/EntityTintMaskSSS shader is not supported on this GPU (none of subshaders/fallbacks are suitable)
WARNING: Shader Unsupported: 'Game/EntityTintMaskSSS' - All subshaders removed
WARNING: Shader Did you use #pragma only_renderers and omit this platform?
WARNING: Shader If subshaders removal was intentional, you may have forgotten turning Fallback off?
WARNING: Shader Unsupported: 'Nature/SpeedTree Billboard' - All subshaders removed
WARNING: Shader Did you use #pragma only_renderers and omit this platform?
WARNING: Shader If subshaders removal was intentional, you may have forgotten turning Fallback off?
ERROR: Shader Nature/SpeedTree Billboard shader is not supported on this GPU (none of subshaders/fallbacks are suitable)
WARNING: Shader Unsupported: 'Nature/SpeedTree Billboard' - All subshaders removed
WARNING: Shader Did you use #pragma only_renderers and omit this platform?
WARNING: Shader If subshaders removal was intentional, you may have forgotten turning Fallback off?
WARNING: Shader Unsupported: 'Nature/SpeedTree' - All subshaders removed
WARNING: Shader Did you use #pragma only_renderers and omit this platform?
WARNING: Shader If subshaders removal was intentional, you may have forgotten turning Fallback off?
ERROR: Shader Nature/SpeedTree shader is not supported on this GPU (none of subshaders/fallbacks are suitable)
WARNING: Shader Unsupported: 'Nature/SpeedTree' - All subshaders removed
WARNING: Shader Did you use #pragma only_renderers and omit this platform?
WARNING: Shader If subshaders removal was intentional, you may have forgotten turning Fallback off?
WARNING: Shader Unsupported: 'Game/Autodesk XFade' - All subshaders removed
WARNING: Shader Did you use #pragma only_renderers and omit this platform?
WARNING: Shader If subshaders removal was intentional, you may have forgotten turning Fallback off?
ERROR: Shader Game/Autodesk XFade shader is not supported on this GPU (none of subshaders/fallbacks are suitable)
WARNING: Shader Unsupported: 'Game/Autodesk XFade' - All subshaders removed
WARNING: Shader Did you use #pragma only_renderers and omit this platform?
WARNING: Shader If subshaders removal was intentional, you may have forgotten turning Fallback off?
Unloading 5 Unused Serialized files (Serialized files now loaded: 52)
2026-08-24T13:46:44 22.092 INF Block IDs with mapping
2026-08-24T13:46:44 22.118 INF Block IDs total 24809, terr 30, last 25030
2026-08-24T13:46:44 22.132 INF Loaded (local): blocks in 14.71
Unloading 22636 unused Assets to reduce memory usage. Loaded Objects now: 199944.
Total: 350.971184 ms (FindLiveObjects: 35.322444 ms CreateObjectMapping: 16.868521 ms MarkObjects: 291.545042 ms  DeleteObjects: 7.234165 ms)

2026-08-24T13:46:44 22.551 INF Loaded (local): progression in 0.06
2026-08-24T13:46:44 22.559 INF [wasm] hello mod alive at tick 25300 (world 0)
2026-08-24T13:46:44 22.569 INF [wasm] hello mod alive at tick 25400 (world 0)
WARNING: Shader Unsupported: '7DTD_Unity5/WaterInBucket' - All subshaders removed
WARNING: Shader Did you use #pragma only_renderers and omit this platform?
WARNING: Shader If subshaders removal was intentional, you may have forgotten turning Fallback off?
ERROR: Shader 7DTD_Unity5/WaterInBucket shader is not supported on this GPU (none of subshaders/fallbacks are suitable)
WARNING: Shader Unsupported: '7DTD_Unity5/WaterInBucket' - All subshaders removed
WARNING: Shader Did you use #pragma only_renderers and omit this platform?
WARNING: Shader If subshaders removal was intentional, you may have forgotten turning Fallback off?
2026-08-24T13:46:45 22.750 INF Loaded (local): buffs in 0.16
2026-08-24T13:46:45 22.852 INF [wasm] hello mod alive at tick 25500 (world 0)
2026-08-24T13:46:45 22.860 INF [wasm] hello mod alive at tick 25600 (world 0)
2026-08-24T13:46:45 22.871 INF Loaded (local): misc in 0.00
2026-08-24T13:46:45 22.875 INF [wasm] hello mod alive at tick 25700 (world 0)
2026-08-24T13:46:45 22.887 INF [wasm] hello mod alive at tick 25800 (world 0)
2026-08-24T13:46:45 22.898 INF [wasm] hello mod alive at tick 25900 (world 0)
2026-08-24T13:46:45 22.910 INF [wasm] hello mod alive at tick 26000 (world 0)
2026-08-24T13:46:45 22.911 INF Chat (from '-non-player-', entity id '-1', to 'Global'): hello survivor from a wasm mod at tick 26000
2026-08-24T13:46:45 22.927 INF [wasm] hello mod alive at tick 26100 (world 0)
WARNING: Shader Unsupported: '7DTD/TorchGlow' - All subshaders removed
WARNING: Shader Did you use #pragma only_renderers and omit this platform?
WARNING: Shader If subshaders removal was intentional, you may have forgotten turning Fallback off?
ERROR: Shader 7DTD/TorchGlow shader is not supported on this GPU (none of subshaders/fallbacks are suitable)
WARNING: Shader Unsupported: '7DTD/TorchGlow' - All subshaders removed
WARNING: Shader Did you use #pragma only_renderers and omit this platform?
WARNING: Shader If subshaders removal was intentional, you may have forgotten turning Fallback off?
2026-08-24T13:46:45 23.420 WRN Type:ItemClassWildChicken, Assembly-CSharp, Version=0.0.0.0, Culture=neutral, PublicKeyToken=null is missing the UnityEngine.Scripting.Preserve attribute, this will fail on consoles
WARNING: Shader Unsupported: 'Game Particles/Unlit' - All subshaders removed
WARNING: Shader Did you use #pragma only_renderers and omit this platform?
WARNING: Shader If subshaders removal was intentional, you may have forgotten turning Fallback off?
ERROR: Shader Game Particles/Unlit shader is not supported on this GPU (none of subshaders/fallbacks are suitable)
WARNING: Shader Unsupported: 'Game Particles/Unlit' - All subshaders removed
WARNING: Shader Did you use #pragma only_renderers and omit this platform?
WARNING: Shader If subshaders removal was intentional, you may have forgotten turning Fallback off?
2026-08-24T13:46:45 23.518 INF Loaded (local): items in 0.52
2026-08-24T13:46:45 23.523 INF [wasm] hello mod alive at tick 26200 (world 0)
ERROR: Shader Shader Forge/7DTD_Particle_Additive shader is not supported on this GPU (none of subshaders/fallbacks are suitable)
WARNING: Shader Unsupported: 'Game/Glass Reflex' - All subshaders removed
WARNING: Shader Did you use #pragma only_renderers and omit this platform?
WARNING: Shader If subshaders removal was intentional, you may have forgotten turning Fallback off?
ERROR: Shader Game/Glass Reflex shader is not supported on this GPU (none of subshaders/fallbacks are suitable)
WARNING: Shader Unsupported: 'Game/Glass Reflex' - All subshaders removed
WARNING: Shader Did you use #pragma only_renderers and omit this platform?
WARNING: Shader If subshaders removal was intentional, you may have forgotten turning Fallback off?
2026-08-24T13:46:45 23.680 INF Item IDs with mapping
2026-08-24T13:46:45 23.681 INF ItemIDs from Mapping
2026-08-24T13:46:45 23.690 INF ItemClass assignLeftOverItems 67056 of 81920
2026-08-24T13:46:46 23.899 INF Loaded (local): item_modifiers in 0.22
2026-08-24T13:46:46 23.914 INF [wasm] hello mod alive at tick 26300 (world 0)
2026-08-24T13:46:46 24.079 INF Loaded (local): entityclasses in 0.10
2026-08-24T13:46:46 24.084 INF Loaded (local): qualityinfo in 0.00
2026-08-24T13:46:46 24.090 INF [wasm] hello mod alive at tick 26400 (world 0)
2026-08-24T13:46:46 24.108 INF [wasm] hello mod alive at tick 26500 (world 0)
2026-08-24T13:46:46 24.135 INF [wasm] hello mod alive at tick 26600 (world 0)
2026-08-24T13:46:46 24.310 INF Loaded (local): sounds in 0.06
2026-08-24T13:46:46 24.313 INF [wasm] hello mod alive at tick 26700 (world 0)
2026-08-24T13:46:46 24.389 INF Loaded (local): recipes in 0.05
2026-08-24T13:46:46 24.394 INF [wasm] hello mod alive at tick 26800 (world 0)
2026-08-24T13:46:46 24.424 INF Loaded (local): blockplaceholders in 0.02
2026-08-24T13:46:46 24.442 INF [wasm] hello mod alive at tick 26900 (world 0)
2026-08-24T13:46:46 24.587 INF Loaded (local): loot in 0.09
2026-08-24T13:46:46 24.597 INF [wasm] hello mod alive at tick 27000 (world 0)
2026-08-24T13:46:46 24.597 INF Chat (from '-non-player-', entity id '-1', to 'Global'): hello survivor from a wasm mod at tick 27000
2026-08-24T13:46:46 24.616 INF [wasm] hello mod alive at tick 27100 (world 0)
2026-08-24T13:46:46 24.635 INF [wasm] hello mod alive at tick 27200 (world 0)
2026-08-24T13:46:47 24.785 INF Loaded (local): entitygroups in 0.07
2026-08-24T13:46:47 24.945 INF [wasm] hello mod alive at tick 27400 (world 0)
2026-08-24T13:46:47 24.958 INF Loaded (local): utilityai in 0.01
2026-08-24T13:46:47 24.965 INF Loaded (local): vehicles in 0.00
2026-08-24T13:46:47 24.972 INF Loaded (local): rwgmixer in 0.00
2026-08-24T13:46:47 24.975 INF Loaded (local): weathersurvival in 0.00
2026-08-24T13:46:47 24.975 INF [wasm] hello mod alive at tick 27500 (world 0)
2026-08-24T13:46:47 24.978 INF Loaded (local): archetypes in 0.00
2026-08-24T13:46:47 25.015 INF Loaded (local): challenges in 0.02
2026-08-24T13:46:47 25.025 INF [wasm] hello mod alive at tick 27600 (world 0)
2026-08-24T13:46:47 25.094 INF Loaded (local): quests in 0.06
2026-08-24T13:46:47 25.112 INF Loaded (local): traders in 0.01
2026-08-24T13:46:47 25.131 INF Loaded (local): npc in 0.01
2026-08-24T13:46:47 25.143 INF Loaded (local): dialogs in 0.01
2026-08-24T13:46:47 25.167 INF Loaded (local): ui_display in 0.02
2026-08-24T13:46:47 25.169 INF [wasm] hello mod alive at tick 27700 (world 0)
2026-08-24T13:46:47 25.188 INF Loaded (local): nav_objects in 0.01
2026-08-24T13:46:47 25.207 INF [wasm] hello mod alive at tick 27800 (world 0)
2026-08-24T13:46:47 25.227 INF Loaded (local): gamestages in 0.02
2026-08-24T13:46:47 25.243 INF [wasm] hello mod alive at tick 27900 (world 0)
2026-08-24T13:46:47 25.260 INF [wasm] hello mod alive at tick 28000 (world 0)
2026-08-24T13:46:47 25.260 INF Chat (from '-non-player-', entity id '-1', to 'Global'): hello survivor from a wasm mod at tick 28000
2026-08-24T13:46:47 25.540 INF Loaded (local): gameevents in 0.26
2026-08-24T13:46:47 25.554 INF [wasm] hello mod alive at tick 28100 (world 0)
2026-08-24T13:46:47 25.654 INF Loaded (local): twitch in 0.07
2026-08-24T13:46:47 25.663 INF Loaded (local): twitch_events in 0.01
2026-08-24T13:46:47 25.695 INF Loaded (local): dmscontent in 0.03
2026-08-24T13:46:47 25.701 INF Loaded (local): XUi_Common/styles in 0.00
2026-08-24T13:46:47 25.708 INF [wasm] hello mod alive at tick 28200 (world 0)
2026-08-24T13:46:47 25.708 INF Loaded (local): XUi_Common/templates in 0.00
2026-08-24T13:46:47 25.709 INF Loaded (local): XUi_InGame/styles in 0.00
2026-08-24T13:46:48 25.721 INF Loaded (local): XUi_InGame/templates in 0.00
2026-08-24T13:46:48 25.731 INF [wasm] hello mod alive at tick 28300 (world 0)
2026-08-24T13:46:48 25.784 INF Loaded (local): XUi_InGame/windows in 0.00
2026-08-24T13:46:48 25.784 INF [wasm] hello mod alive at tick 28400 (world 0)
2026-08-24T13:46:48 25.787 INF Loaded (local): XUi_InGame/xui in 0.00
2026-08-24T13:46:48 25.831 INF Loaded (local): biomes in 0.02
2026-08-24T13:46:48 25.832 INF [wasm] hello mod alive at tick 28500 (world 0)
2026-08-24T13:46:48 25.834 INF Loaded (local): worldglobal in 0.00
2026-08-24T13:46:48 25.847 INF Loaded (local): spawning in 0.01
2026-08-24T13:46:48 25.849 INF Loaded (local): loadingscreen in 0.00
2026-08-24T13:46:48 25.863 INF Added 1336 subtitle data entries and 3 speaker colors
2026-08-24T13:46:48 25.864 INF Loaded (local): subtitles in 0.00
2026-08-24T13:46:48 25.865 INF Loaded (local): videos in 0.00
2026-08-24T13:46:48 25.866 INF [wasm] hello mod alive at tick 28600 (world 0)
2026-08-24T13:46:48 25.893 INF Loaded (local): signs in 0.02
2026-08-24T13:46:48 25.899 INF Loaded (local): sandbox_overrides in 0.00
2026-08-24T13:46:48 25.905 INF Loading players.xml
2026-08-24T13:46:48 25.917 INF createWorld: Navezgane, Navezgane (src: GameData, DeviceLocal), WasmAcceptance1, GameModeSurvival
2026-08-24T13:46:48 25.918 INF Occlusion: Disabled
2026-08-24T13:46:48 25.941 INF Started thread ChunkRegeneration
2026-08-24T13:46:48 25.941 INF Started thread ChunkCalc
2026-08-24T13:46:48 25.942 INF Started thread ChunkMeshBake
2026-08-24T13:46:48 25.958 INF World.Load: Navezgane Navezgane (src: GameData, DeviceLocal)
2026-08-24T13:46:48 25.960 INF Loading base world file header...
2026-08-24T13:46:48 25.964 INF Loaded world file from different version: 'V 4.0 (b8)'
2026-08-24T13:46:48 25.985 WRN Next Airdrop: 4 12:00
2026-08-24T13:46:48 25.985 INF BloodMoon SetDay: day 7, last day 0, freq 7, range 0
2026-08-24T13:46:48 25.994 WRN Next Airdrop: 4 12:00
2026-08-24T13:46:48 25.994 INF BloodMoon SetDay: day 7, last day 0, freq 7, range 0
2026-08-24T13:46:48 26.005 INF Started thread WaterSimulationApplyChanges
2026-08-24T13:46:52 29.765 INF [wasm] hello mod alive at tick 28700 (world 7000)
2026-08-24T13:46:53 31.175 INF Started thread GenerateChunks
2026-08-24T13:46:53 31.529 INF Calculating world hashes took 346 ms (world size 193 MiB)
2026-08-24T13:46:53 31.531 INF Initial ENABLE_FILE_BACKED_ARRAYS == False
2026-08-24T13:46:54 31.858 INF GenWorldFromRaw load dtm took 676ms
2026-08-24T13:46:54 31.932 INF Biomes image size w= 3072, h = 3072
2026-08-24T13:46:54 32.506 INF GenWorldFromRaw biomes took 647ms
Unloading 1 Unused Serialized files (Serialized files now loaded: 52)
Unloading 9050 unused Assets to reduce memory usage. Loaded Objects now: 191429.
Total: 507.237902 ms (FindLiveObjects: 27.867224 ms CreateObjectMapping: 15.633234 ms MarkObjects: 460.603317 ms  DeleteObjects: 3.132944 ms)

Texture with ID 2676 and with size 6144x6144 was too large for graphics device maximum supported texture size (4096x4096). Falling back to a dummy texture. Generate mip maps to provide lower size fallback.
Texture with ID 2677 and with size 6144x6144 was too large for graphics device maximum supported texture size (4096x4096). Falling back to a dummy texture. Generate mip maps to provide lower size fallback.
2026-08-24T13:46:55 33.673 INF GenWorldFromRaw shader control textures took 397ms
2026-08-24T13:46:56 33.890 INF Computed 506 chunk groups containing a total of 9722 chunks. Largest group contains 435 chunks.
2026-08-24T13:46:56 33.892 INF Started thread SaveChunks /root/.local/share/7DaysToDie/Saves/Navezgane/WasmAcceptance1/Region
2026-08-24T13:46:56 33.893 INF GenWorldFromRaw misc took 220ms
2026-08-24T13:46:56 34.244 INF GenWorldFromRaw splats took 350ms
Unloading 0 Unused Serialized files (Serialized files now loaded: 52)
Unloading 0 unused Assets to reduce memory usage. Loaded Objects now: 191433.
Total: 499.865078 ms (FindLiveObjects: 20.870004 ms CreateObjectMapping: 12.435859 ms MarkObjects: 466.399334 ms  DeleteObjects: 0.158858 ms)

2026-08-24T13:46:57 35.457 INF [DECO] read 
2026-08-24T13:46:57 35.458 INF DecoManager chunks
2026-08-24T13:46:58 36.058 INF Dynamic Music Initialized on Server
2026-08-24T13:46:58 36.058 INF Dynamic Music Initialized on Dedi
2026-08-24T13:46:58 36.059 INF AstarManager Init
2026-08-24T13:46:58 36.190 INF [wasm] hello mod alive at tick 28800 (world 7000)
WARNING: Shader Unsupported: '7DTD_Unity5/Wire' - All subshaders removed
WARNING: Shader Did you use #pragma only_renderers and omit this platform?
WARNING: Shader If subshaders removal was intentional, you may have forgotten turning Fallback off?
ERROR: Shader 7DTD_Unity5/Wire shader is not supported on this GPU (none of subshaders/fallbacks are suitable)
WARNING: Shader Unsupported: '7DTD_Unity5/Wire' - All subshaders removed
WARNING: Shader Did you use #pragma only_renderers and omit this platform?
WARNING: Shader If subshaders removal was intentional, you may have forgotten turning Fallback off?
WARNING: Shader Unsupported: 'Game Particles/surfaceShader_masked_Embers' - All subshaders removed
WARNING: Shader Did you use #pragma only_renderers and omit this platform?
WARNING: Shader If subshaders removal was intentional, you may have forgotten turning Fallback off?
ERROR: Shader Game Particles/surfaceShader_masked_Embers shader is not supported on this GPU (none of subshaders/fallbacks are suitable)
WARNING: Shader Unsupported: 'Game Particles/surfaceShader_masked_Embers' - All subshaders removed
WARNING: Shader Did you use #pragma only_renderers and omit this platform?
WARNING: Shader If subshaders removal was intentional, you may have forgotten turning Fallback off?
2026-08-24T13:46:58 36.354 INF createWorld() done
2026-08-24T13:46:58 36.394 INF Loaded player
2026-08-24T13:46:58 36.425 INF [LANMasterServerAnnouncer] listening on 11000 and multicast group 239.192.0.1
2026-08-24T13:46:58 36.426 INF [PlayerInteractions] JoinedMultplayerServer
Unloading 2 Unused Serialized files (Serialized files now loaded: 52)
dlopen failed trying to load:
steamclient.so
with error:
steamclient.so: cannot open shared object file: No such file or directory
[S_API] SteamAPI_Init(): Loaded '/root/.local/share/Steam/steamcmd/linux64/steamclient.so' OK.  (First tried local 'steamclient.so')
Shutdown handler: initialize.
08/24 13:46:58 minidumps folder is set to /tmp/dumps
Setting breakpad minidump AppID = 251570
SteamInternal_SetMinidumpSteamID:  Caching Steam ID:  76561197960265728 [API loaded no]
[S_API FAIL] Tried to access Steam interface SteamNetworkingUtils004 before SteamAPI_Init succeeded.
Unloading 12 unused Assets to reduce memory usage. Loaded Objects now: 193475.
Total: 1026.682954 ms (FindLiveObjects: 42.559574 ms CreateObjectMapping: 50.031546 ms MarkObjects: 929.621111 ms  DeleteObjects: 4.468880 ms)

2026-08-24T13:47:00 38.584 INF [Steamworks.NET] Registering auth callbacks
2026-08-24T13:47:00 38.588 INF Localization language from platform: english
2026-08-24T13:47:00 38.588 INF [Steamworks.NET] GameServer.Init successful
2026-08-24T13:47:00 38.591 INF [Steamworks.NET] Making server public
2026-08-24T13:47:00 38.609 WRN Next Airdrop: 4 12:00
2026-08-24T13:47:00 38.621 INF Loading dymesh settings
2026-08-24T13:47:00 38.622 INF Dynamic Mesh Settings
2026-08-24T13:47:00 38.622 INF Use Imposter Values: False
2026-08-24T13:47:00 38.623 INF Only Player Areas: True
2026-08-24T13:47:00 38.623 INF Player Area Buffer: 3
2026-08-24T13:47:00 38.623 INF Max View Distance: 1000
2026-08-24T13:47:00 38.623 INF Regen all on new world: False
2026-08-24T13:47:00 38.626 INF Dymesh: Prepping dynamic mesh. Resend Default: True
2026-08-24T13:47:00 38.626 INF Dymesh: Mesh location: /root/.local/share/7DaysToDie/Saves/Navezgane/WasmAcceptance1/DynamicMeshes/
2026-08-24T13:47:00 38.629 INF [Web] Webserver not started, WebDashboardEnabled set to false
2026-08-24T13:47:00 38.629 INF StartGame done
2026-08-24T13:47:01 39.085 INF [Steamworks.NET] GameServer.LogOn successful, SteamID=90291512349484062, public IP=11*.18*.19*.23*
2026-08-24T13:47:01 39.113 INF [Discord] Global lobby: 118.189.191.239_821745933C3EF149BDF74BF70809B778
2026-08-24T13:47:01 39.635 INF Dymesh: Warming dynamic mesh
2026-08-24T13:47:01 39.635 INF Dymesh: Creating dynamic mesh manager
2026-08-24T13:47:01 39.640 INF Dymesh: Awake
2026-08-24T13:47:01 39.640 INF Dymesh: Mesh location: /root/.local/share/7DaysToDie/Saves/Navezgane/WasmAcceptance1/DynamicMeshes/
2026-08-24T13:47:01 39.641 INF Dymesh: Loading Items: /root/.local/share/7DaysToDie/Saves/Navezgane/WasmAcceptance1/DynamicMeshes/
2026-08-24T13:47:01 39.642 INF Dymesh: Loaded Items: 0
2026-08-24T13:47:01 39.644 INF Dymesh: Loading all items took: 0.002957 seconds.
2026-08-24T13:47:01 39.647 INF Clearing queues.
2026-08-24T13:47:01 39.648 INF Cleared queues.
2026-08-24T13:47:01 39.649 INF Dynamic thread starting
2026-08-24T13:47:01 39.651 INF Dymesh door replacement: imposterBlock
2026-08-24T13:47:03 41.300 INF [wasm] hello mod alive at tick 28900 (world 7000)
2026-08-24T13:47:08 46.299 INF [wasm] hello mod alive at tick 29000 (world 7000)
2026-08-24T13:47:08 46.300 INF Chat (from '-non-player-', entity id '-1', to 'Global'): hello survivor from a wasm mod at tick 29000
2026-08-24T13:47:13 51.301 INF [wasm] hello mod alive at tick 29100 (world 7000)
2026-08-24T13:47:18 56.301 INF [wasm] hello mod alive at tick 29200 (world 7000)
2026-08-24T13:47:23 61.302 INF [wasm] hello mod alive at tick 29300 (world 7000)
2026-08-24T13:47:28 66.303 INF [wasm] hello mod alive at tick 29400 (world 7000)
2026-08-24T13:47:29 67.177 INF NET: LiteNetLib: Connect from: 172.17.0.1:57152 / 0
2026-08-24T13:47:29 67.179 INF Started thread NCS_Reader_0_0
2026-08-24T13:47:29 67.179 INF Started thread NCS_Writer_0_0
2026-08-24T13:47:29 67.180 INF Started thread NCS_Reader_0_1
2026-08-24T13:47:29 67.180 INF Started thread NCS_Writer_0_1
2026-08-24T13:47:29 67.186 INF [NET] PlayerConnected EntityID=-1, PltfmId='Local_<none>', CrossId='<unknown/none>', OwnerID='<unknown/none>', PlayerName='', ClientNumber='1'
2026-08-24T13:47:29 67.224 INF NPPL.Read
2026-08-24T13:47:29 67.254 INF PlayerLogin: maci1/V 3.1.0
2026-08-24T13:47:29 67.255 INF Client IP: 172.17.0.1
2026-08-24T13:47:29 67.256 INF [Auth] PlayerName authorization successful: EntityID=-1, PltfmId='Local_maci1', CrossId='Local_maci1', OwnerID='<unknown/none>', PlayerName='maci1', ClientNumber='1'
2026-08-24T13:47:29 67.256 INF [Auth] ServerState authorization successful: EntityID=-1, PltfmId='Local_maci1', CrossId='Local_maci1', OwnerID='<unknown/none>', PlayerName='maci1', ClientNumber='1'
2026-08-24T13:47:29 67.257 INF [Auth] MpHostAllowed authorization successful: EntityID=-1, PltfmId='Local_maci1', CrossId='Local_maci1', OwnerID='<unknown/none>', PlayerName='maci1', ClientNumber='1'
2026-08-24T13:47:29 67.257 INF [Auth] PlayerId authorization successful: EntityID=-1, PltfmId='Local_maci1', CrossId='Local_maci1', OwnerID='<unknown/none>', PlayerName='maci1', ClientNumber='1'
2026-08-24T13:47:29 67.257 INF [Auth] DuplicateUserId authorization successful: EntityID=-1, PltfmId='Local_maci1', CrossId='Local_maci1', OwnerID='<unknown/none>', PlayerName='maci1', ClientNumber='1'
2026-08-24T13:47:29 67.257 INF [Auth] VersionCheck authorization successful: EntityID=-1, PltfmId='Local_maci1', CrossId='Local_maci1', OwnerID='<unknown/none>', PlayerName='maci1', ClientNumber='1'
2026-08-24T13:47:29 67.259 INF [Auth] PlayerSlots authorization successful: EntityID=-1, PltfmId='Local_maci1', CrossId='Local_maci1', OwnerID='<unknown/none>', PlayerName='maci1', ClientNumber='1'
2026-08-24T13:47:29 67.259 INF [Auth] PlayerSlots authorization successful: EntityID=-1, PltfmId='Local_maci1', CrossId='Local_maci1', OwnerID='<unknown/none>', PlayerName='maci1', ClientNumber='1'
2026-08-24T13:47:29 67.259 INF [Auth] LegacyModAuthorizations authorization successful: EntityID=-1, PltfmId='Local_maci1', CrossId='Local_maci1', OwnerID='<unknown/none>', PlayerName='maci1', ClientNumber='1'
2026-08-24T13:47:29 67.260 INF [Auth] PlatformAuth authorization successful: EntityID=-1, PltfmId='Local_maci1', CrossId='Local_maci1', OwnerID='<unknown/none>', PlayerName='maci1', ClientNumber='1'
2026-08-24T13:47:29 67.261 INF [Auth] BansAndWhitelist authorization successful: EntityID=-1, PltfmId='Local_maci1', CrossId='Local_maci1', OwnerID='<unknown/none>', PlayerName='maci1', ClientNumber='1'
2026-08-24T13:47:29 67.261 INF [Auth] Crossplay authorization successful: EntityID=-1, PltfmId='Local_maci1', CrossId='Local_maci1', OwnerID='<unknown/none>', PlayerName='maci1', ClientNumber='1'
2026-08-24T13:47:29 67.263 INF [EncryptionAgreement] Unsupported client device Unknown
2026-08-24T13:47:29 67.263 INF [Auth] Encryption authorization successful: EntityID=-1, PltfmId='Local_maci1', CrossId='Local_maci1', OwnerID='<unknown/none>', PlayerName='maci1', ClientNumber='1'
2026-08-24T13:47:29 67.304 INF [Auth] Finalizer authorization successful: EntityID=-1, PltfmId='Local_maci1', CrossId='Local_maci1', OwnerID='<unknown/none>', PlayerName='maci1', ClientNumber='1'
2026-08-24T13:47:29 67.310 INF Allowing player with id Local_maci1
2026-08-24T13:47:29 67.357 INF RequestToEnterGame: Local_maci1/maci1
2026-08-24T13:47:29 67.408 INF Preparing Localization chunks for clients
2026-08-24T13:47:29 67.408 INF Localization size: 151 B, chunk count: 1
2026-08-24T13:47:29 67.408 INF Starting to send Localization to EntityID=-1, PltfmId='Local_maci1', CrossId='Local_maci1', OwnerID='<unknown/none>', PlayerName='maci1', ClientNumber='1'...
2026-08-24T13:47:29 67.655 INF Sending Localization to EntityID=-1, PltfmId='Local_maci1', CrossId='Local_maci1', OwnerID='<unknown/none>', PlayerName='maci1', ClientNumber='1' done
2026-08-24T13:47:30 68.257 INF RequestToSpawnPlayer: 171, maci1, 5
2026-08-24T13:47:30 68.438 INF Created player with id=171
2026-08-24T13:47:30 68.466 INF [PlayerInteractions] persistent player login
2026-08-24T13:47:30 68.467 INF [WasmHost] player spawned: maci1 (entity 171)
2026-08-24T13:47:30 68.470 INF [wasm] THE BOSS IS HERE
2026-08-24T13:47:30 68.482 INF Telnet connection from: 172.17.0.1:46580
2026-08-24T13:47:30 68.482 INF Started thread TelnetClient_172.17.0.1:46580
2026-08-24T13:47:30 68.502 INF [DECO] written 75856, in 21ms
2026-08-24T13:47:30 68.504 INF [DECO] write thread 0ms
2026-08-24T13:47:30 68.640 INF Time: 1.02m FPS: 20.00 Heap: 1259.7MB Max: 1259.7MB Chunks: 45 CGO: 0 Ply: 1 Zom: 0 Ent: 1 (1) Items: 0 CO: 1 RSS: 1414.8MB
2026-08-24T13:47:33 71.563 INF [wasm] hello mod alive at tick 29500 (world 7020)
2026-08-24T13:47:37 75.069 INF Telnet connection from: 172.17.0.1:46596
2026-08-24T13:47:37 75.069 INF Started thread TelnetClient_172.17.0.1:46596
2026-08-24T13:47:37 75.088 EXC Object reference not set to an instance of an object
  at NetPackageMinEventFire.write (PooledBinaryWriter _bw) [0x00041] in <45dc491acd8a4242bd87a82d58eff30d>:0 
  at NetConnectionSimple.WriteToStream (System.Int32 streamIndex, System.Int32 packageIndex, System.Int32& packagesToSend, NetPackage& package, PooledBinaryWriter& writer, System.IO.MemoryStream& stream) [0x0007f] in <45dc491acd8a4242bd87a82d58eff30d>:0 
UnityEngine.StackTraceUtility:ExtractStringFromException(Object)
Log:Exception(Exception)
NetConnectionSimple:WriteToStream(Int32, Int32, Int32&, NetPackage&, PooledBinaryWriter&, MemoryStream&)
NetConnectionSimple:taskSerialize(ThreadInfo)
ThreadManager:myThreadInvoke(Object)
System.Threading.ThreadHelper:ThreadStart_Context(Object)
System.Threading.ExecutionContext:RunInternal(ExecutionContext, ContextCallback, Object, Boolean)
System.Threading.ExecutionContext:Run(ExecutionContext, ContextCallback, Object, Boolean)
System.Threading.ExecutionContext:Run(ExecutionContext, ContextCallback, Object)
System.Threading.ThreadHelper:ThreadStart(Object)

2026-08-24T13:47:37 75.090 WRN Failed writing first package: NetPackageMinEventFire of size 32. 1 remaining packages in queue.
2026-08-24T13:47:37 75.108 ERR IOException in TelnetClient_172.17.0.1:46580: Unable to write data to the transport connection: The socket has been shut down.
2026-08-24T13:47:37 75.109 EXC Unable to write data to the transport connection: The socket has been shut down. ---> The socket has been shut down

Rethrow as IOException: Unable to write data to the transport connection: The socket has been shut down.
  at System.Net.Sockets.NetworkStream.Write (System.ReadOnlySpan`1[T] source) [0x0007d] in <b6d85684387445d1bc2505c6de8fed9f>:0 
  at System.Net.Sockets.NetworkStream.WriteByte (System.Byte value) [0x0000a] in <b6d85684387445d1bc2505c6de8fed9f>:0 
  at TelnetConnection.handleWriting () [0x00014] in <45dc491acd8a4242bd87a82d58eff30d>:0 
  at TelnetConnection.HandlerThread (ThreadManager+ThreadInfo _tInfo) [0x00022] in <45dc491acd8a4242bd87a82d58eff30d>:0 
UnityEngine.StackTraceUtility:ExtractStringFromException(Object)
Log:Exception(Exception)
TelnetConnection:HandlerThread(ThreadInfo)
ThreadManager:myThreadInvoke(Object)
System.Threading.QueueUserWorkItemCallback:System.Threading.IThreadPoolWorkItem.ExecuteWorkItem()
System.Threading.ThreadPoolWorkQueue:Dispatch()
System.Threading._ThreadPoolWaitCallback:PerformWaitCallback()

2026-08-24T13:47:37 75.110 INF Telnet connection closed: 172.17.0.1:46580
2026-08-24T13:47:37 75.110 INF Exited thread TelnetClient_172.17.0.1:46580
2026-08-24T13:47:37 75.117 EXC Object reference not set to an instance of an object
  at NetPackageMinEventFire.write (PooledBinaryWriter _bw) [0x00041] in <45dc491acd8a4242bd87a82d58eff30d>:0 
  at NetConnectionSimple.WriteToStream (System.Int32 streamIndex, System.Int32 packageIndex, System.Int32& packagesToSend, NetPackage& package, PooledBinaryWriter& writer, System.IO.MemoryStream& stream) [0x0007f] in <45dc491acd8a4242bd87a82d58eff30d>:0 
UnityEngine.StackTraceUtility:ExtractStringFromException(Object)
Log:Exception(Exception)
NetConnectionSimple:WriteToStream(Int32, Int32, Int32&, NetPackage&, PooledBinaryWriter&, MemoryStream&)
NetConnectionSimple:taskSerialize(ThreadInfo)
ThreadManager:myThreadInvoke(Object)
System.Threading.ThreadHelper:ThreadStart_Context(Object)
System.Threading.ExecutionContext:RunInternal(ExecutionContext, ContextCallback, Object, Boolean)
System.Threading.ExecutionContext:Run(ExecutionContext, ContextCallback, Object, Boolean)
System.Threading.ExecutionContext:Run(ExecutionContext, ContextCallback, Object)
System.Threading.ThreadHelper:ThreadStart(Object)

2026-08-24T13:47:37 75.117 WRN Failed writing first package: NetPackageMinEventFire of size 32. 1 remaining packages in queue.
2026-08-24T13:47:38 76.559 INF [wasm] hello mod alive at tick 29600 (world 7049)
2026-08-24T13:47:40 77.818 EXC Object reference not set to an instance of an object
  at NetPackageMinEventFire.write (PooledBinaryWriter _bw) [0x00041] in <45dc491acd8a4242bd87a82d58eff30d>:0 
  at NetConnectionSimple.WriteToStream (System.Int32 streamIndex, System.Int32 packageIndex, System.Int32& packagesToSend, NetPackage& package, PooledBinaryWriter& writer, System.IO.MemoryStream& stream) [0x0007f] in <45dc491acd8a4242bd87a82d58eff30d>:0 
UnityEngine.StackTraceUtility:ExtractStringFromException(Object)
Log:Exception(Exception)
NetConnectionSimple:WriteToStream(Int32, Int32, Int32&, NetPackage&, PooledBinaryWriter&, MemoryStream&)
NetConnectionSimple:taskSerialize(ThreadInfo)
ThreadManager:myThreadInvoke(Object)
System.Threading.ThreadHelper:ThreadStart_Context(Object)
System.Threading.ExecutionContext:RunInternal(ExecutionContext, ContextCallback, Object, Boolean)
System.Threading.ExecutionContext:Run(ExecutionContext, ContextCallback, Object, Boolean)
System.Threading.ExecutionContext:Run(ExecutionContext, ContextCallback, Object)
System.Threading.ThreadHelper:ThreadStart(Object)

2026-08-24T13:47:40 77.818 WRN Failed writing first package: NetPackageMinEventFire of size 32. 2 remaining packages in queue.
2026-08-24T13:47:43 81.561 INF [wasm] hello mod alive at tick 29700 (world 7079)
2026-08-24T13:47:48 86.560 INF [wasm] hello mod alive at tick 29800 (world 7109)
2026-08-24T13:47:53 91.561 INF [wasm] hello mod alive at tick 29900 (world 7139)
2026-08-24T13:47:58 96.561 INF [wasm] hello mod alive at tick 30000 (world 7169)
2026-08-24T13:47:58 96.561 INF Chat (from '-non-player-', entity id '-1', to 'Global'): hello survivor from a wasm mod at tick 30000
2026-08-24T13:47:59 96.987 INF Telnet connection from: 172.17.0.1:53746
2026-08-24T13:47:59 96.987 INF Started thread TelnetClient_172.17.0.1:53746
2026-08-24T13:48:00 98.662 INF Time: 1.52m FPS: 20.00 Heap: 1502.4MB Max: 1502.4MB Chunks: 191 CGO: 8 Ply: 1 Zom: 0 Ent: 1 (59) Items: 0 CO: 1 RSS: 640.3MB
2026-08-24T13:48:03 101.560 INF [wasm] hello mod alive at tick 30100 (world 7199)
2026-08-24T13:48:03 101.571 ERR IOException in TelnetClient_172.17.0.1:46596: Unable to write data to the transport connection: The socket has been shut down.
2026-08-24T13:48:03 101.571 EXC Unable to write data to the transport connection: The socket has been shut down. ---> The socket has been shut down

Rethrow as IOException: Unable to write data to the transport connection: The socket has been shut down.
  at System.Net.Sockets.NetworkStream.Write (System.ReadOnlySpan`1[T] source) [0x0007d] in <b6d85684387445d1bc2505c6de8fed9f>:0 
  at System.Net.Sockets.NetworkStream.WriteByte (System.Byte value) [0x0000a] in <b6d85684387445d1bc2505c6de8fed9f>:0 
  at TelnetConnection.handleWriting () [0x00014] in <45dc491acd8a4242bd87a82d58eff30d>:0 
  at TelnetConnection.HandlerThread (ThreadManager+ThreadInfo _tInfo) [0x00022] in <45dc491acd8a4242bd87a82d58eff30d>:0 
UnityEngine.StackTraceUtility:ExtractStringFromException(Object)
Log:Exception(Exception)
TelnetConnection:HandlerThread(ThreadInfo)
ThreadManager:myThreadInvoke(Object)
System.Threading.QueueUserWorkItemCallback:System.Threading.IThreadPoolWorkItem.ExecuteWorkItem()
System.Threading.ThreadPoolWorkQueue:Dispatch()
System.Threading._ThreadPoolWaitCallback:PerformWaitCallback()

2026-08-24T13:48:03 101.571 INF Telnet connection closed: 172.17.0.1:46596
2026-08-24T13:48:03 101.571 INF Exited thread TelnetClient_172.17.0.1:46596
2026-08-24T13:48:08 106.561 INF [wasm] hello mod alive at tick 30200 (world 7229)
2026-08-24T13:48:13 111.562 INF [wasm] hello mod alive at tick 30300 (world 7259)
2026-08-24T13:48:18 116.563 INF [wasm] hello mod alive at tick 30400 (world 7288)
2026-08-24T13:48:21 118.911 INF Telnet connection from: 172.17.0.1:35692
2026-08-24T13:48:21 118.911 INF Started thread TelnetClient_172.17.0.1:35692
2026-08-24T13:48:23 121.563 INF [wasm] hello mod alive at tick 30500 (world 7318)
2026-08-24T13:48:28 126.564 INF [wasm] hello mod alive at tick 30600 (world 7348)
2026-08-24T13:48:28 126.567 ERR IOException in TelnetClient_172.17.0.1:53746: Unable to write data to the transport connection: The socket has been shut down.
2026-08-24T13:48:28 126.570 EXC Unable to write data to the transport connection: The socket has been shut down. ---> The socket has been shut down

Rethrow as IOException: Unable to write data to the transport connection: The socket has been shut down.
  at System.Net.Sockets.NetworkStream.Write (System.ReadOnlySpan`1[T] source) [0x0007d] in <b6d85684387445d1bc2505c6de8fed9f>:0 
  at System.Net.Sockets.NetworkStream.WriteByte (System.Byte value) [0x0000a] in <b6d85684387445d1bc2505c6de8fed9f>:0 
  at TelnetConnection.handleWriting () [0x00014] in <45dc491acd8a4242bd87a82d58eff30d>:0 
  at TelnetConnection.HandlerThread (ThreadManager+ThreadInfo _tInfo) [0x00022] in <45dc491acd8a4242bd87a82d58eff30d>:0 
UnityEngine.StackTraceUtility:ExtractStringFromException(Object)
Log:Exception(Exception)
TelnetConnection:HandlerThread(ThreadInfo)
ThreadManager:myThreadInvoke(Object)
System.Threading.QueueUserWorkItemCallback:System.Threading.IThreadPoolWorkItem.ExecuteWorkItem()
System.Threading.ThreadPoolWorkQueue:Dispatch()
System.Threading._ThreadPoolWaitCallback:PerformWaitCallback()

2026-08-24T13:48:28 126.570 INF Telnet connection closed: 172.17.0.1:53746
2026-08-24T13:48:28 126.570 INF Exited thread TelnetClient_172.17.0.1:53746
2026-08-24T13:48:30 128.326 INF [DECO] written 75865, in 61ms
2026-08-24T13:48:30 128.329 INF [DECO] write thread 3ms
2026-08-24T13:48:30 128.679 INF Time: 2.02m FPS: 20.00 Heap: 1507.5MB Max: 1507.5MB Chunks: 191 CGO: 7 Ply: 1 Zom: 0 Ent: 1 (59) Items: 0 CO: 1 RSS: 524.3MB
2026-08-24T13:48:33 131.579 INF [wasm] hello mod alive at tick 30700 (world 7378)
2026-08-24T13:48:38 136.580 INF [wasm] hello mod alive at tick 30800 (world 7408)
2026-08-24T13:48:43 140.821 INF Telnet connection from: 172.17.0.1:52732
2026-08-24T13:48:43 140.822 INF Started thread TelnetClient_172.17.0.1:52732
2026-08-24T13:48:43 141.580 INF [wasm] hello mod alive at tick 30900 (world 7438)
2026-08-24T13:48:43 141.592 ERR IOException in TelnetClient_172.17.0.1:35692: Unable to write data to the transport connection: The socket has been shut down.
2026-08-24T13:48:43 141.593 EXC Unable to write data to the transport connection: The socket has been shut down. ---> The socket has been shut down

Rethrow as IOException: Unable to write data to the transport connection: The socket has been shut down.
  at System.Net.Sockets.NetworkStream.Write (System.ReadOnlySpan`1[T] source) [0x0007d] in <b6d85684387445d1bc2505c6de8fed9f>:0 
  at System.Net.Sockets.NetworkStream.WriteByte (System.Byte value) [0x0000a] in <b6d85684387445d1bc2505c6de8fed9f>:0 
  at TelnetConnection.handleWriting () [0x00014] in <45dc491acd8a4242bd87a82d58eff30d>:0 
  at TelnetConnection.HandlerThread (ThreadManager+ThreadInfo _tInfo) [0x00022] in <45dc491acd8a4242bd87a82d58eff30d>:0 
UnityEngine.StackTraceUtility:ExtractStringFromException(Object)
Log:Exception(Exception)
TelnetConnection:HandlerThread(ThreadInfo)
ThreadManager:myThreadInvoke(Object)
System.Threading.QueueUserWorkItemCallback:System.Threading.IThreadPoolWorkItem.ExecuteWorkItem()
System.Threading.ThreadPoolWorkQueue:Dispatch()
System.Threading._ThreadPoolWaitCallback:PerformWaitCallback()

2026-08-24T13:48:43 141.593 INF Telnet connection closed: 172.17.0.1:35692
2026-08-24T13:48:43 141.593 INF Exited thread TelnetClient_172.17.0.1:35692
2026-08-24T13:48:48 146.580 INF [wasm] hello mod alive at tick 31000 (world 7468)
2026-08-24T13:48:48 146.588 INF Chat (from '-non-player-', entity id '-1', to 'Global'): hello survivor from a wasm mod at tick 31000
2026-08-24T13:48:53 151.580 INF [wasm] hello mod alive at tick 31100 (world 7498)
2026-08-24T13:48:58 156.580 INF [wasm] hello mod alive at tick 31200 (world 7528)
2026-08-24T13:49:01 159.246 INF Time: 2.53m FPS: 20.00 Heap: 1505.2MB Max: 1507.5MB Chunks: 191 CGO: 9 Ply: 1 Zom: 0 Ent: 1 (59) Items: 0 CO: 1 RSS: 897.7MB
2026-08-24T13:49:01 159.279 INF NET: LiteNetLib: Client disconnect from: 172.17.0.1:57152 / 0 (RemoteConnectionClose)
2026-08-24T13:49:01 159.296 INF NET: LiteNetLib: MT: Client disconnect from: 172.17.0.1:57152 / 0 (RemoteConnectionClose)
2026-08-24T13:49:01 159.296 INF [NET] PlayerDisconnected EntityID=171, PltfmId='Local_maci1', CrossId='Local_maci1', OwnerID='<unknown/none>', PlayerName='maci1', ClientNumber='1'
2026-08-24T13:49:01 159.300 INF DynamicMusic: 171 successfully removed from Bloodmoon state cache
2026-08-24T13:49:01 159.301 INF Client disconnected from dy mesh: Id: 171 Total: 0
2026-08-24T13:49:01 159.304 INF Player disconnected: EntityID=171, PltfmId='Local_maci1', CrossId='Local_maci1', OwnerID='<unknown/none>', PlayerName='maci1', ClientNumber='1'
2026-08-24T13:49:01 159.304 INF Exited thread NCS_Writer_0_0
2026-08-24T13:49:01 159.304 INF Exited thread NCS_Reader_0_0
2026-08-24T13:49:01 159.304 INF Exited thread NCS_Reader_0_1
2026-08-24T13:49:01 159.304 INF Exited thread NCS_Writer_0_1
2026-08-24T13:49:01 159.314 INF GMSG: Player 'maci1' left the game
2026-08-24T13:49:01 159.314 ERR IOException in TelnetClient_172.17.0.1:52732: Unable to write data to the transport connection: The socket has been shut down.
2026-08-24T13:49:01 159.315 EXC Unable to write data to the transport connection: The socket has been shut down. ---> The socket has been shut down

Rethrow as IOException: Unable to write data to the transport connection: The socket has been shut down.
  at System.Net.Sockets.NetworkStream.Write (System.ReadOnlySpan`1[T] source) [0x0007d] in <b6d85684387445d1bc2505c6de8fed9f>:0 
  at System.Net.Sockets.NetworkStream.WriteByte (System.Byte value) [0x0000a] in <b6d85684387445d1bc2505c6de8fed9f>:0 
  at TelnetConnection.handleWriting () [0x00014] in <45dc491acd8a4242bd87a82d58eff30d>:0 
  at TelnetConnection.HandlerThread (ThreadManager+ThreadInfo _tInfo) [0x00022] in <45dc491acd8a4242bd87a82d58eff30d>:0 
UnityEngine.StackTraceUtility:ExtractStringFromException(Object)
Log:Exception(Exception)
TelnetConnection:HandlerThread(ThreadInfo)
ThreadManager:myThreadInvoke(Object)
System.Threading.QueueUserWorkItemCallback:System.Threading.IThreadPoolWorkItem.ExecuteWorkItem()
System.Threading.ThreadPoolWorkQueue:Dispatch()
System.Threading._ThreadPoolWaitCallback:PerformWaitCallback()

2026-08-24T13:49:01 159.315 INF Telnet connection closed: 172.17.0.1:52732
2026-08-24T13:49:01 159.316 INF Exited thread TelnetClient_172.17.0.1:52732
2026-08-24T13:49:01 159.319 INF [PlayerInteractions] persistent player disconnect
2026-08-24T13:49:04 162.159 INF [wasm] hello mod alive at tick 31300 (world 7542)
2026-08-24T13:49:09 167.159 INF [wasm] hello mod alive at tick 31400 (world 7542)
2026-08-24T13:49:09 167.259 INF Clearing all pools
