Mono path[0] = '/game/7DaysToDieServer_Data/Managed'
Mono config path = '/game/7DaysToDieServer_Data/MonoBleedingEdge/etc'
Preloaded 'libEOSSDK-Linux-Shipping.so'
Preloaded 'libMagick.so'
Preloaded 'lib_burst_generated.so'
Preloaded 'libgetrss.so'
Preloaded 'libsteam_api.so'
Preloaded 'steamclient.so'
Unable to preload the following plugins:
	libEOSSDK-LinuxArm64-Shipping.so
	libMouseLib.so
	libdiscord_partner_sdk.so
Input System module state changed to: Initialized.
[PhysX] Initialized MultithreadedTaskDispatcher with 32 workers.
Loading player data from /game/7DaysToDieServer_Data/data.unity3d
PlayerPrefs - Creating folder: /root/.config/unity3d/The Fun Pimps
PlayerPrefs - Creating folder: /root/.config/unity3d/The Fun Pimps/7 Days To Die - Dedicated
Unable to load player prefs
Initialize engine version: 2022.3.62f2 (7670c08855a9)
[Subsystems] Discovering subsystems at path /game/7DaysToDieServer_Data/UnitySubsystems
Forcing GfxDevice: Null
GfxDevice: creating device client; threaded=0; jobified=0
NullGfxDevice:
    Version:  NULL 1.0 [1.0]
    Renderer: Null Device
    Vendor:   Unity Technologies
Begin MonoManager ReloadAssembly
- Loaded All Assemblies, in  0.073 seconds
- Finished resetting the current domain, in  0.001 seconds
ERROR: Shader Hidden/LandClaimBoundary shader is not supported on this GPU (none of subshaders/fallbacks are suitable)
ERROR: Shader Sprites/Default shader is not supported on this GPU (none of subshaders/fallbacks are suitable)
ERROR: Shader Sprites/Mask shader is not supported on this GPU (none of subshaders/fallbacks are suitable)
ERROR: Shader Legacy Shaders/VertexLit shader is not supported on this GPU (none of subshaders/fallbacks are suitable)
ERROR: Shader GUI/Text Shader shader is not supported on this GPU (none of subshaders/fallbacks are suitable)
WARNING: Shader Unsupported: 'Legacy Shaders/Diffuse' - All subshaders removed
WARNING: Shader Did you use #pragma only_renderers and omit this platform?
WARNING: Shader If subshaders removal was intentional, you may have forgotten turning Fallback off?
ERROR: Shader Legacy Shaders/Diffuse shader is not supported on this GPU (none of subshaders/fallbacks are suitable)
WARNING: Shader Unsupported: 'Legacy Shaders/Diffuse' - All subshaders removed
WARNING: Shader Did you use #pragma only_renderers and omit this platform?
WARNING: Shader If subshaders removal was intentional, you may have forgotten turning Fallback off?
WARNING: Shader Unsupported: 'Game/Cube_UI_Glow' - All subshaders removed
WARNING: Shader Did you use #pragma only_renderers and omit this platform?
WARNING: Shader If subshaders removal was intentional, you may have forgotten turning Fallback off?
ERROR: Shader Game/Cube_UI_Glow shader is not supported on this GPU (none of subshaders/fallbacks are suitable)
WARNING: Shader Unsupported: 'Game/Cube_UI_Glow' - All subshaders removed
WARNING: Shader Did you use #pragma only_renderers and omit this platform?
WARNING: Shader If subshaders removal was intentional, you may have forgotten turning Fallback off?
ERROR: Shader Unlit/Transparent Colored shader is not supported on this GPU (none of subshaders/fallbacks are suitable)
The referenced script on this Behaviour (Game Object 'BlockProcessor') is missing!
[PhysX] Initialized MultithreadedTaskDispatcher with 32 workers.
UnloadTime: 0.351269 ms
2026-08-24T12:25:52 0.000 INF Version: V 3.1.0 (b14) Compatibility Version: V 3.1.0, Build: LinuxServer 64 Bit


2026-08-24T12:25:52 0.021 WRN The open files limit is too low (2048) and may cause crashes. Recommended is at least 10240. Follow these steps to increment it:
- Open /etc/security/limits.conf with a text editor: 'sudo editor /etc/security/limits.conf'
- Add or update the line: 'root soft nofile 10240'
- Save the file and exit the editor
- Apply the changes: Log out and back in or restart the system


2026-08-24T12:25:52 0.021 INF System information:
2026-08-24T12:25:52 0.021 INF    OS: Linux 7.1 Ubuntu 26.04 64bit
2026-08-24T12:25:52 0.022 INF    CPU: AMD Ryzen 9 9950X 16-Core Processor (cores: 32)
2026-08-24T12:25:52 0.022 INF    RAM: 126412 MB
2026-08-24T12:25:52 0.022 INF    GPU: Null Device (128 MB)
2026-08-24T12:25:52 0.024 INF    Graphics API: NULL 1.0 [1.0] (shader level 3.0)
2026-08-24T12:25:52 0.025 INF Local UTC offset: 0 hours
2026-08-24T12:25:52 0.037 INF Command line arguments: /game/7DaysToDieServer.x86_64 -logfile /logs/server.log -quit -batchmode -nographics -dedicated -configfile=/game/serverconfig.xml
2026-08-24T12:25:52 0.039 INF Parsing server configfile: /game/serverconfig.xml
2026-08-24T12:25:52 0.055 INF Parsing server configfile successfully completed
2026-08-24T12:25:52 0.056 INF Overriding default user data path to /root/.local/share/7DaysToDie
2026-08-24T12:25:52 0.060 INF [Platform] Init
2026-08-24T12:25:52 0.089 INF [Platform] Using native platform: Steam
2026-08-24T12:25:52 0.090 INF [Platform] Using server platform: Steam
2026-08-24T12:25:52 0.090 INF [Platform] Using server platform: LAN
2026-08-24T12:25:52 0.090 INF [Platform] Using server platform: Local
2026-08-24T12:25:52 0.092 INF Starting PlayerInputManager...
2026-08-24T12:25:52 0.093 INF InControl (version 1.8.9 build 9376, native module = False, XInput = False)
2026-08-24T12:25:52 0.095 INF InControl (version 1.8.9 build 9376)
2026-08-24T12:25:52 0.159 INF UnityInputDeviceManager enabled.
2026-08-24T12:25:52 0.168 INF [Platform] Initializing Steam
2026-08-24T12:25:52 0.172 INF [Platform] Initializing LAN
2026-08-24T12:25:52 0.172 INF [Platform] Initializing Local
2026-08-24T12:25:52 0.185 INF [SaveDataUtils] InitStatic Begin
2026-08-24T12:25:52 0.187 INF [SaveDataUtils] UserGameDataDir: /root/.local/share/7DaysToDie
2026-08-24T12:25:52 0.187 INF [SaveDataUtils] SdPlayerPrefs -> Unity
2026-08-24T12:25:52 0.187 INF [SaveDataUtils] InitStatic Complete
2026-08-24T12:25:52 0.205 INF Last played version: V 3.1.0
2026-08-24T12:25:52 0.205 INF Starting dedicated server level=Navezgane game name=WasmAcceptance1
2026-08-24T12:25:52 0.206 INF Maximum allowed players: 4
2026-08-24T12:25:52 0.206 INF Game mode: GameModeSurvival
2026-08-24T12:25:52 0.206 INF Crossplay: True
2026-08-24T12:25:53 0.398 INF Awake IsFocused: True
2026-08-24T12:25:53 0.398 INF Awake
2026-08-24T12:25:53 0.538 INF Dedicated server only build
ERROR: Shader Occlusion/DepthCopy shader is not supported on this GPU (none of subshaders/fallbacks are suitable)
WARNING: Shader Unsupported: 'Standard' - All subshaders removed
WARNING: Shader Did you use #pragma only_renderers and omit this platform?
WARNING: Shader If subshaders removal was intentional, you may have forgotten turning Fallback off?
ERROR: Shader Standard shader is not supported on this GPU (none of subshaders/fallbacks are suitable)
WARNING: Shader Unsupported: 'Standard' - All subshaders removed
WARNING: Shader Did you use #pragma only_renderers and omit this platform?
WARNING: Shader If subshaders removal was intentional, you may have forgotten turning Fallback off?
2026-08-24T12:25:53 0.551 INF Occlusion: Awake
2026-08-24T12:25:53 0.552 INF Texture quality is set to 3
ERROR: Shader Legacy Shaders/VertexLit shader is not supported on this GPU (none of subshaders/fallbacks are suitable)
WARNING: Shader Unsupported: 'Legacy Shaders/Diffuse' - All subshaders removed
WARNING: Shader Did you use #pragma only_renderers and omit this platform?
WARNING: Shader If subshaders removal was intentional, you may have forgotten turning Fallback off?
ERROR: Shader Legacy Shaders/Diffuse shader is not supported on this GPU (none of subshaders/fallbacks are suitable)
WARNING: Shader Unsupported: 'Legacy Shaders/Diffuse' - All subshaders removed
WARNING: Shader Did you use #pragma only_renderers and omit this platform?
WARNING: Shader If subshaders removal was intentional, you may have forgotten turning Fallback off?
WARNING: Shader Unsupported: 'Game/Entity Tint Mask' - All subshaders removed
WARNING: Shader Did you use #pragma only_renderers and omit this platform?
WARNING: Shader If subshaders removal was intentional, you may have forgotten turning Fallback off?
ERROR: Shader Game/Entity Tint Mask shader is not supported on this GPU (none of subshaders/fallbacks are suitable)
WARNING: Shader Unsupported: 'Game/Entity Tint Mask' - All subshaders removed
WARNING: Shader Did you use #pragma only_renderers and omit this platform?
WARNING: Shader If subshaders removal was intentional, you may have forgotten turning Fallback off?
2026-08-24T12:25:53 0.603 INF [MODS] Start loading from: '/game/7DaysToDieServer_Data/../Mods'
2026-08-24T12:25:53 0.607 INF [MODS]   Trying to load from folder: '0_TFP_Harmony'
2026-08-24T12:25:53 0.611 INF [MODS]     Loaded assembly 0Harmony (in /game/Mods/0_TFP_Harmony/0Harmony.dll)
2026-08-24T12:25:53 0.612 INF [MODS]     Loaded assembly Mono.Cecil.Mdb (in /game/Mods/0_TFP_Harmony/Mono.Cecil.Mdb.dll)
2026-08-24T12:25:53 0.612 INF [MODS]     Loaded assembly Mono.Cecil.Pdb (in /game/Mods/0_TFP_Harmony/Mono.Cecil.Pdb.dll)
2026-08-24T12:25:53 0.612 INF [MODS]     Loaded assembly Mono.Cecil.Rocks (in /game/Mods/0_TFP_Harmony/Mono.Cecil.Rocks.dll)
2026-08-24T12:25:53 0.613 INF [MODS]     Loaded assembly Mono.Cecil (in /game/Mods/0_TFP_Harmony/Mono.Cecil.dll)
2026-08-24T12:25:53 0.613 INF [MODS]     Loaded assembly MonoMod.Backports (in /game/Mods/0_TFP_Harmony/MonoMod.Backports.dll)
2026-08-24T12:25:53 0.614 INF [MODS]     Loaded assembly MonoMod.Core (in /game/Mods/0_TFP_Harmony/MonoMod.Core.dll)
2026-08-24T12:25:53 0.614 INF [MODS]     Loaded assembly MonoMod.ILHelpers (in /game/Mods/0_TFP_Harmony/MonoMod.ILHelpers.dll)
2026-08-24T12:25:53 0.615 INF [MODS]     Loaded assembly MonoMod.Iced (in /game/Mods/0_TFP_Harmony/MonoMod.Iced.dll)
2026-08-24T12:25:53 0.615 INF [MODS]     Loaded assembly MonoMod.RuntimeDetour (in /game/Mods/0_TFP_Harmony/MonoMod.RuntimeDetour.dll)
2026-08-24T12:25:53 0.616 INF [MODS]     Loaded assembly MonoMod.Utils (in /game/Mods/0_TFP_Harmony/MonoMod.Utils.dll)
2026-08-24T12:25:53 0.616 INF [MODS]     Loaded assembly System.ValueTuple (in /game/Mods/0_TFP_Harmony/System.ValueTuple.dll)
2026-08-24T12:25:53 0.616 INF [MODS]     Loaded assembly TfpHarmony (in /game/Mods/0_TFP_Harmony/TfpHarmony.dll)
2026-08-24T12:25:53 0.616 INF [MODS]     Loaded Mod: TFP_Harmony (1.1.0.4)
2026-08-24T12:25:53 0.616 INF [MODS]   Trying to load from folder: '1_HordeForge_WasmHost'
2026-08-24T12:25:53 0.617 INF [MODS]     Loaded assembly HordeForge.GameBridge (in /game/Mods/1_HordeForge_WasmHost/HordeForge.GameBridge.dll)
2026-08-24T12:25:53 0.617 INF [MODS]     Loaded assembly HordeForge.WasmHost (in /game/Mods/1_HordeForge_WasmHost/HordeForge.WasmHost.dll)
2026-08-24T12:25:53 0.617 INF [MODS]     Loaded assembly IndexRange (in /game/Mods/1_HordeForge_WasmHost/IndexRange.dll)
2026-08-24T12:25:53 0.617 INF [MODS]     Loaded assembly System.Buffers (in /game/Mods/1_HordeForge_WasmHost/System.Buffers.dll)
2026-08-24T12:25:53 0.618 INF [MODS]     Loaded assembly System.Memory (in /game/Mods/1_HordeForge_WasmHost/System.Memory.dll)
2026-08-24T12:25:53 0.618 INF [MODS]     Loaded assembly System.Numerics.Vectors (in /game/Mods/1_HordeForge_WasmHost/System.Numerics.Vectors.dll)
2026-08-24T12:25:53 0.618 INF [MODS]     Loaded assembly Wasmtime.Dotnet (in /game/Mods/1_HordeForge_WasmHost/Wasmtime.Dotnet.dll)
2026-08-24T12:25:53 0.618 INF [MODS]     Loaded Mod: 1_HordeForge_WasmHost (0.1.0)
2026-08-24T12:25:53 0.618 INF [MODS]   Trying to load from folder: 'TFP_CommandExtensions'
2026-08-24T12:25:53 0.619 INF [MODS]     Loaded assembly CommandExtensions (in /game/Mods/TFP_CommandExtensions/CommandExtensions.dll)
2026-08-24T12:25:53 0.619 INF [MODS]     Loaded Mod: TFP_CommandExtensions (1.3.0.0)
2026-08-24T12:25:53 0.619 INF [MODS]   Trying to load from folder: 'Wasm'
2026-08-24T12:25:53 0.619 WRN [MODS]     Folder Wasm does not contain a ModInfo.xml, ignoring
2026-08-24T12:25:53 0.619 INF [MODS]   Trying to load from folder: 'Xample_MarkersMod'
2026-08-24T12:25:53 0.619 INF [MODS]     Loaded assembly MarkersMod (in /game/Mods/Xample_MarkersMod/MarkersMod.dll)
2026-08-24T12:25:53 0.619 INF [MODS]     Loaded Mod: TFP_MarkersExample (1.3.0.0)
2026-08-24T12:25:53 0.620 INF [MODS] Initializing mod code
2026-08-24T12:25:53 0.620 INF [MODS]   Initializing mod TFP_Harmony
2026-08-24T12:25:53 0.627 INF [MODS]     Found ModAPI in assembly TfpHarmony (in /game/Mods/0_TFP_Harmony/TfpHarmony.dll), creating instance
2026-08-24T12:25:53 0.628 INF [MODS]       [Harmony] Init done
Fallback handler could not load library /game/7DaysToDieServer_Data/MonoBleedingEdge/x86_64/data-0x558f98e65d10.so
2026-08-24T12:25:53 0.785 INF [MODS]     Initialized code in mod 'TFP_Harmony' in assembly TfpHarmony (in /game/Mods/0_TFP_Harmony/TfpHarmony.dll)
2026-08-24T12:25:53 0.785 INF [MODS]   Initializing mod 1_HordeForge_WasmHost
2026-08-24T12:25:53 0.785 INF [MODS]     Found ModAPI in assembly HordeForge.GameBridge (in /game/Mods/1_HordeForge_WasmHost/HordeForge.GameBridge.dll), creating instance
Fallback handler could not load library /game/7DaysToDieServer_Data/MonoBleedingEdge/x86_64/wasmtime
2026-08-24T12:25:53 0.838 INF [wasm] boss mod loaded
2026-08-24T12:25:53 0.839 INF [wasm] hello mod loaded
2026-08-24T12:25:53 0.839 INF [WasmHost] started; loaded 2 module(s) from /game/7DaysToDieServer_Data/../Mods/Wasm
2026-08-24T12:25:53 0.842 INF [WasmHost] patched GameManager.Update
2026-08-24T12:25:53 0.861 INF [WasmHost] patched GameManager.RequestToSpawnPlayer
2026-08-24T12:25:53 0.861 INF [MODS]     Initialized code in mod '1_HordeForge_WasmHost' in assembly HordeForge.GameBridge (in /game/Mods/1_HordeForge_WasmHost/HordeForge.GameBridge.dll)
2026-08-24T12:25:53 0.866 INF [MODS]   Initializing mod TFP_CommandExtensions
2026-08-24T12:25:53 0.866 INF [MODS]     Found ModAPI in assembly CommandExtensions (in /game/Mods/TFP_CommandExtensions/CommandExtensions.dll), creating instance
2026-08-24T12:25:53 0.866 INF [MODS]     Initialized code in mod 'TFP_CommandExtensions' in assembly CommandExtensions (in /game/Mods/TFP_CommandExtensions/CommandExtensions.dll)
2026-08-24T12:25:53 0.866 INF [MODS]   Initializing mod TFP_MarkersExample
2026-08-24T12:25:53 0.866 INF [MODS]     Found ModAPI in assembly MarkersMod (in /game/Mods/Xample_MarkersMod/MarkersMod.dll), creating instance
2026-08-24T12:25:53 0.866 INF [MODS]     Initialized code in mod 'TFP_MarkersExample' in assembly MarkersMod (in /game/Mods/Xample_MarkersMod/MarkersMod.dll)
2026-08-24T12:25:53 0.866 INF [MODS] Loading done
2026-08-24T12:25:53 0.873 INF Permissions file 'serveradmin.xml' not found, creating.
2026-08-24T12:25:53 0.886 INF Command "automation" has no explicit permission level, but a default permission of 1000, adding to permission list
2026-08-24T12:25:53 0.887 INF Command "ccphysics" has no explicit permission level, but a default permission of 1000, adding to permission list
2026-08-24T12:25:53 0.887 INF Command "chunkcache" has no explicit permission level, but a default permission of 1000, adding to permission list
2026-08-24T12:25:53 0.887 INF Command "createwebuser" has no explicit permission level, but a default permission of 1000, adding to permission list
2026-08-24T12:25:53 0.888 INF Command "debugshot" has no explicit permission level, but a default permission of 1000, adding to permission list
2026-08-24T12:25:53 0.888 INF Command "debugweather" has no explicit permission level, but a default permission of 1000, adding to permission list
2026-08-24T12:25:53 0.888 INF Command "decomgr" has no explicit permission level, but a default permission of 1000, adding to permission list
2026-08-24T12:25:53 0.888 INF Command "exportcurrentconfigs" has no explicit permission level, but a default permission of 1000, adding to permission list
2026-08-24T12:25:53 0.888 INF Command "fallingblocks" has no explicit permission level, but a default permission of 1000, adding to permission list
2026-08-24T12:25:53 0.888 INF Command "getgamepref" has no explicit permission level, but a default permission of 1000, adding to permission list
2026-08-24T12:25:53 0.888 INF Command "getgamestat" has no explicit permission level, but a default permission of 1000, adding to permission list
2026-08-24T12:25:53 0.888 INF Command "getlogpath" has no explicit permission level, but a default permission of 1000, adding to permission list
2026-08-24T12:25:53 0.888 INF Command "getoptions" has no explicit permission level, but a default permission of 1000, adding to permission list
2026-08-24T12:25:53 0.888 INF Command "getsandboxoptions" has no explicit permission level, but a default permission of 1000, adding to permission list
2026-08-24T12:25:53 0.888 INF Command "gettime" has no explicit permission level, but a default permission of 1000, adding to permission list
2026-08-24T12:25:53 0.888 INF Command "gfx" has no explicit permission level, but a default permission of 1000, adding to permission list
2026-08-24T12:25:53 0.888 INF Command "graph" has no explicit permission level, but a default permission of 1000, adding to permission list
2026-08-24T12:25:53 0.889 INF Command "help" has no explicit permission level, but a default permission of 1000, adding to permission list
2026-08-24T12:25:53 0.889 INF Command "listplayerids" has no explicit permission level, but a default permission of 1000, adding to permission list
2026-08-24T12:25:53 0.889 INF Command "listthreads" has no explicit permission level, but a default permission of 1000, adding to permission list
2026-08-24T12:25:53 0.890 INF Command "loot" has no explicit permission level, but a default permission of 1000, adding to permission list
2026-08-24T12:25:53 0.890 INF Command "memcl" has no explicit permission level, but a default permission of 1000, adding to permission list
2026-08-24T12:25:53 0.890 INF Command "meshdatamanager" has no explicit permission level, but a default permission of 1000, adding to permission list
2026-08-24T12:25:53 0.890 INF Command "performanceprofiler" has no explicit permission level, but a default permission of 1000, adding to permission list
2026-08-24T12:25:53 0.892 INF Command "settempunit" has no explicit permission level, but a default permission of 1000, adding to permission list
2026-08-24T12:25:53 0.893 INF Command "signeditordebug" has no explicit permission level, but a default permission of 1000, adding to permission list
2026-08-24T12:25:53 0.893 INF Command "signtexman" has no explicit permission level, but a default permission of 1000, adding to permission list
2026-08-24T12:25:53 0.894 INF Creating TransformDebug GameObject
2026-08-24T12:25:53 0.894 INF Command "uioptions" has no explicit permission level, but a default permission of 1000, adding to permission list
ERROR: Shader Legacy Shaders/Particles/Additive shader is not supported on this GPU (none of subshaders/fallbacks are suitable)
WARNING: Shader Unsupported: 'Game Particles/partPyro_template_lit_B' - All subshaders removed
WARNING: Shader Did you use #pragma only_renderers and omit this platform?
WARNING: Shader If subshaders removal was intentional, you may have forgotten turning Fallback off?
ERROR: Shader Game Particles/partPyro_template_lit_B shader is not supported on this GPU (none of subshaders/fallbacks are suitable)
WARNING: Shader Unsupported: 'Game Particles/partPyro_template_lit_B' - All subshaders removed
WARNING: Shader Did you use #pragma only_renderers and omit this platform?
WARNING: Shader If subshaders removal was intentional, you may have forgotten turning Fallback off?
WARNING: Shader Unsupported: 'Game Particles/partPyro_fireShader_A' - All subshaders removed
WARNING: Shader Did you use #pragma only_renderers and omit this platform?
WARNING: Shader If subshaders removal was intentional, you may have forgotten turning Fallback off?
ERROR: Shader Game Particles/partPyro_fireShader_A shader is not supported on this GPU (none of subshaders/fallbacks are suitable)
WARNING: Shader Unsupported: 'Game Particles/partPyro_fireShader_A' - All subshaders removed
WARNING: Shader Did you use #pragma only_renderers and omit this platform?
WARNING: Shader If subshaders removal was intentional, you may have forgotten turning Fallback off?
WARNING: Shader Unsupported: 'Standard' - All subshaders removed
WARNING: Shader Did you use #pragma only_renderers and omit this platform?
WARNING: Shader If subshaders removal was intentional, you may have forgotten turning Fallback off?
ERROR: Shader Standard shader is not supported on this GPU (none of subshaders/fallbacks are suitable)
WARNING: Shader Unsupported: 'Standard' - All subshaders removed
WARNING: Shader Did you use #pragma only_renderers and omit this platform?
WARNING: Shader If subshaders removal was intentional, you may have forgotten turning Fallback off?
WARNING: Shader Unsupported: 'Game Particles/bloodShader_O_packed' - All subshaders removed
WARNING: Shader Did you use #pragma only_renderers and omit this platform?
WARNING: Shader If subshaders removal was intentional, you may have forgotten turning Fallback off?
ERROR: Shader Game Particles/bloodShader_O_packed shader is not supported on this GPU (none of subshaders/fallbacks are suitable)
WARNING: Shader Unsupported: 'Game Particles/bloodShader_O_packed' - All subshaders removed
WARNING: Shader Did you use #pragma only_renderers and omit this platform?
WARNING: Shader If subshaders removal was intentional, you may have forgotten turning Fallback off?
WARNING: Shader Unsupported: 'Game Particles/bloodShader_T_packed' - All subshaders removed
WARNING: Shader Did you use #pragma only_renderers and omit this platform?
WARNING: Shader If subshaders removal was intentional, you may have forgotten turning Fallback off?
ERROR: Shader Game Particles/bloodShader_T_packed shader is not supported on this GPU (none of subshaders/fallbacks are suitable)
WARNING: Shader Unsupported: 'Game Particles/bloodShader_T_packed' - All subshaders removed
WARNING: Shader Did you use #pragma only_renderers and omit this platform?
WARNING: Shader If subshaders removal was intentional, you may have forgotten turning Fallback off?
ERROR: Shader Game Particles/bloodShader_U_packed shader is not supported on this GPU (none of subshaders/fallbacks are suitable)
WARNING: Shader Unsupported: 'Particles/Standard Surface' - All subshaders removed
WARNING: Shader Did you use #pragma only_renderers and omit this platform?
WARNING: Shader If subshaders removal was intentional, you may have forgotten turning Fallback off?
ERROR: Shader Particles/Standard Surface shader is not supported on this GPU (none of subshaders/fallbacks are suitable)
WARNING: Shader Unsupported: 'Particles/Standard Surface' - All subshaders removed
WARNING: Shader Did you use #pragma only_renderers and omit this platform?
WARNING: Shader If subshaders removal was intentional, you may have forgotten turning Fallback off?
WARNING: Shader Unsupported: 'Autodesk Interactive' - All subshaders removed
WARNING: Shader Did you use #pragma only_renderers and omit this platform?
WARNING: Shader If subshaders removal was intentional, you may have forgotten turning Fallback off?
ERROR: Shader Autodesk Interactive shader is not supported on this GPU (none of subshaders/fallbacks are suitable)
WARNING: Shader Unsupported: 'Autodesk Interactive' - All subshaders removed
WARNING: Shader Did you use #pragma only_renderers and omit this platform?
WARNING: Shader If subshaders removal was intentional, you may have forgotten turning Fallback off?
WARNING: Shader Unsupported: 'Game/Autodesk XFade' - All subshaders removed
WARNING: Shader Did you use #pragma only_renderers and omit this platform?
WARNING: Shader If subshaders removal was intentional, you may have forgotten turning Fallback off?
ERROR: Shader Game/Autodesk XFade shader is not supported on this GPU (none of subshaders/fallbacks are suitable)
WARNING: Shader Unsupported: 'Game/Autodesk XFade' - All subshaders removed
WARNING: Shader Did you use #pragma only_renderers and omit this platform?
WARNING: Shader If subshaders removal was intentional, you may have forgotten turning Fallback off?
WARNING: Shader Unsupported: '7DTD/7DTD_Glass' - All subshaders removed
WARNING: Shader Did you use #pragma only_renderers and omit this platform?
WARNING: Shader If subshaders removal was intentional, you may have forgotten turning Fallback off?
ERROR: Shader 7DTD/7DTD_Glass shader is not supported on this GPU (none of subshaders/fallbacks are suitable)
WARNING: Shader Unsupported: '7DTD/7DTD_Glass' - All subshaders removed
WARNING: Shader Did you use #pragma only_renderers and omit this platform?
WARNING: Shader If subshaders removal was intentional, you may have forgotten turning Fallback off?
WARNING: Shader Unsupported: '7DTD/7DTD_Fire' - All subshaders removed
WARNING: Shader Did you use #pragma only_renderers and omit this platform?
WARNING: Shader If subshaders removal was intentional, you may have forgotten turning Fallback off?
ERROR: Shader 7DTD/7DTD_Fire shader is not supported on this GPU (none of subshaders/fallbacks are suitable)
WARNING: Shader Unsupported: '7DTD/7DTD_Fire' - All subshaders removed
WARNING: Shader Did you use #pragma only_renderers and omit this platform?
WARNING: Shader If subshaders removal was intentional, you may have forgotten turning Fallback off?
ERROR: Shader Legacy/AlphaSelfIllum shader is not supported on this GPU (none of subshaders/fallbacks are suitable)
WARNING: Shader Unsupported: 'Game Particles/vomitShader_T_packed' - All subshaders removed
WARNING: Shader Did you use #pragma only_renderers and omit this platform?
WARNING: Shader If subshaders removal was intentional, you may have forgotten turning Fallback off?
ERROR: Shader Game Particles/vomitShader_T_packed shader is not supported on this GPU (none of subshaders/fallbacks are suitable)
WARNING: Shader Unsupported: 'Game Particles/vomitShader_T_packed' - All subshaders removed
WARNING: Shader Did you use #pragma only_renderers and omit this platform?
WARNING: Shader If subshaders removal was intentional, you may have forgotten turning Fallback off?
ERROR: Shader Particles/Blood_Particle shader is not supported on this GPU (none of subshaders/fallbacks are suitable)
ERROR: Shader Legacy Shaders/Particles/Alpha Blended Premultiply shader is not supported on this GPU (none of subshaders/fallbacks are suitable)
WARNING: Shader Unsupported: 'Game Particles/Standard Surface' - All subshaders removed
WARNING: Shader Did you use #pragma only_renderers and omit this platform?
WARNING: Shader If subshaders removal was intentional, you may have forgotten turning Fallback off?
ERROR: Shader Game Particles/Standard Surface shader is not supported on this GPU (none of subshaders/fallbacks are suitable)
WARNING: Shader Unsupported: 'Game Particles/Standard Surface' - All subshaders removed
WARNING: Shader Did you use #pragma only_renderers and omit this platform?
WARNING: Shader If subshaders removal was intentional, you may have forgotten turning Fallback off?
ERROR: Shader Game Particles/shader_gas_lit shader is not supported on this GPU (none of subshaders/fallbacks are suitable)
WARNING: Shader Unsupported: 'Particles/Standard Unlit' - All subshaders removed
WARNING: Shader Did you use #pragma only_renderers and omit this platform?
WARNING: Shader If subshaders removal was intentional, you may have forgotten turning Fallback off?
ERROR: Shader Particles/Standard Unlit shader is not supported on this GPU (none of subshaders/fallbacks are suitable)
WARNING: Shader Unsupported: 'Particles/Standard Unlit' - All subshaders removed
WARNING: Shader Did you use #pragma only_renderers and omit this platform?
WARNING: Shader If subshaders removal was intentional, you may have forgotten turning Fallback off?
WARNING: Shader Unsupported: 'Game Particles/Unlit' - All subshaders removed
WARNING: Shader Did you use #pragma only_renderers and omit this platform?
WARNING: Shader If subshaders removal was intentional, you may have forgotten turning Fallback off?
ERROR: Shader Game Particles/Unlit shader is not supported on this GPU (none of subshaders/fallbacks are suitable)
WARNING: Shader Unsupported: 'Game Particles/Unlit' - All subshaders removed
WARNING: Shader Did you use #pragma only_renderers and omit this platform?
WARNING: Shader If subshaders removal was intentional, you may have forgotten turning Fallback off?
WARNING: Shader Unsupported: 'Game Particles/shader_gas_customLit' - All subshaders removed
WARNING: Shader Did you use #pragma only_renderers and omit this platform?
WARNING: Shader If subshaders removal was intentional, you may have forgotten turning Fallback off?
ERROR: Shader Game Particles/shader_gas_customLit shader is not supported on this GPU (none of subshaders/fallbacks are suitable)
WARNING: Shader Unsupported: 'Game Particles/shader_gas_customLit' - All subshaders removed
WARNING: Shader Did you use #pragma only_renderers and omit this platform?
WARNING: Shader If subshaders removal was intentional, you may have forgotten turning Fallback off?
ERROR: Shader Game/Transparent shader is not supported on this GPU (none of subshaders/fallbacks are suitable)
WARNING: Shader Unsupported: 'Legacy Shaders/Specular' - All subshaders removed
WARNING: Shader Did you use #pragma only_renderers and omit this platform?
WARNING: Shader If subshaders removal was intentional, you may have forgotten turning Fallback off?
ERROR: Shader Legacy Shaders/Specular shader is not supported on this GPU (none of subshaders/fallbacks are suitable)
WARNING: Shader Unsupported: 'Legacy Shaders/Specular' - All subshaders removed
WARNING: Shader Did you use #pragma only_renderers and omit this platform?
WARNING: Shader If subshaders removal was intentional, you may have forgotten turning Fallback off?
WARNING: Shader Unsupported: 'Game Particles/surfaceShader_particleEnhanced' - All subshaders removed
WARNING: Shader Did you use #pragma only_renderers and omit this platform?
WARNING: Shader If subshaders removal was intentional, you may have forgotten turning Fallback off?
ERROR: Shader Game Particles/surfaceShader_particleEnhanced shader is not supported on this GPU (none of subshaders/fallbacks are suitable)
WARNING: Shader Unsupported: 'Game Particles/surfaceShader_particleEnhanced' - All subshaders removed
WARNING: Shader Did you use #pragma only_renderers and omit this platform?
WARNING: Shader If subshaders removal was intentional, you may have forgotten turning Fallback off?
WARNING: Shader Unsupported: 'Game Particles/S_transLit_NLA' - All subshaders removed
WARNING: Shader Did you use #pragma only_renderers and omit this platform?
WARNING: Shader If subshaders removal was intentional, you may have forgotten turning Fallback off?
ERROR: Shader Game Particles/S_transLit_NLA shader is not supported on this GPU (none of subshaders/fallbacks are suitable)
WARNING: Shader Unsupported: 'Game Particles/S_transLit_NLA' - All subshaders removed
WARNING: Shader Did you use #pragma only_renderers and omit this platform?
WARNING: Shader If subshaders removal was intentional, you may have forgotten turning Fallback off?
WARNING: Shader Unsupported: 'Legacy Shaders/Bumped Specular' - All subshaders removed
WARNING: Shader Did you use #pragma only_renderers and omit this platform?
WARNING: Shader If subshaders removal was intentional, you may have forgotten turning Fallback off?
ERROR: Shader Legacy Shaders/Bumped Specular shader is not supported on this GPU (none of subshaders/fallbacks are suitable)
WARNING: Shader Unsupported: 'Legacy Shaders/Bumped Specular' - All subshaders removed
WARNING: Shader Did you use #pragma only_renderers and omit this platform?
WARNING: Shader If subshaders removal was intentional, you may have forgotten turning Fallback off?
WARNING: Shader Unsupported: 'Standard (Specular setup)' - All subshaders removed
WARNING: Shader Did you use #pragma only_renderers and omit this platform?
WARNING: Shader If subshaders removal was intentional, you may have forgotten turning Fallback off?
ERROR: Shader Standard (Specular setup) shader is not supported on this GPU (none of subshaders/fallbacks are suitable)
WARNING: Shader Unsupported: 'Standard (Specular setup)' - All subshaders removed
WARNING: Shader Did you use #pragma only_renderers and omit this platform?
WARNING: Shader If subshaders removal was intentional, you may have forgotten turning Fallback off?
ERROR: Shader Legacy Shaders/Particles/Alpha Blended shader is not supported on this GPU (none of subshaders/fallbacks are suitable)
WARNING: Shader Unsupported: 'Game/Autodesk' - All subshaders removed
WARNING: Shader Did you use #pragma only_renderers and omit this platform?
WARNING: Shader If subshaders removal was intentional, you may have forgotten turning Fallback off?
ERROR: Shader Game/Autodesk shader is not supported on this GPU (none of subshaders/fallbacks are suitable)
WARNING: Shader Unsupported: 'Game/Autodesk' - All subshaders removed
WARNING: Shader Did you use #pragma only_renderers and omit this platform?
WARNING: Shader If subshaders removal was intentional, you may have forgotten turning Fallback off?
WARNING: Shader Unsupported: 'Game/Glass Reflex' - All subshaders removed
WARNING: Shader Did you use #pragma only_renderers and omit this platform?
WARNING: Shader If subshaders removal was intentional, you may have forgotten turning Fallback off?
ERROR: Shader Game/Glass Reflex shader is not supported on this GPU (none of subshaders/fallbacks are suitable)
WARNING: Shader Unsupported: 'Game/Glass Reflex' - All subshaders removed
WARNING: Shader Did you use #pragma only_renderers and omit this platform?
WARNING: Shader If subshaders removal was intentional, you may have forgotten turning Fallback off?
WARNING: Shader Unsupported: 'Game Particles/Lit' - All subshaders removed
WARNING: Shader Did you use #pragma only_renderers and omit this platform?
WARNING: Shader If subshaders removal was intentional, you may have forgotten turning Fallback off?
ERROR: Shader Game Particles/Lit shader is not supported on this GPU (none of subshaders/fallbacks are suitable)
WARNING: Shader Unsupported: 'Game Particles/Lit' - All subshaders removed
WARNING: Shader Did you use #pragma only_renderers and omit this platform?
WARNING: Shader If subshaders removal was intentional, you may have forgotten turning Fallback off?
ERROR: Shader Legacy Shaders/Particles/Additive (Soft) shader is not supported on this GPU (none of subshaders/fallbacks are suitable)
WARNING: Shader Unsupported: 'Game/BasicUV_TA' - All subshaders removed
WARNING: Shader Did you use #pragma only_renderers and omit this platform?
WARNING: Shader If subshaders removal was intentional, you may have forgotten turning Fallback off?
ERROR: Shader Game/BasicUV_TA shader is not supported on this GPU (none of subshaders/fallbacks are suitable)
WARNING: Shader Unsupported: 'Game/BasicUV_TA' - All subshaders removed
WARNING: Shader Did you use #pragma only_renderers and omit this platform?
WARNING: Shader If subshaders removal was intentional, you may have forgotten turning Fallback off?
ERROR: Shader Shader Forge/PaintParticle shader is not supported on this GPU (none of subshaders/fallbacks are suitable)
WARNING: Shader Unsupported: 'Game Particles/shader_gas_unlit' - All subshaders removed
WARNING: Shader Did you use #pragma only_renderers and omit this platform?
WARNING: Shader If subshaders removal was intentional, you may have forgotten turning Fallback off?
ERROR: Shader Game Particles/shader_gas_unlit shader is not supported on this GPU (none of subshaders/fallbacks are suitable)
WARNING: Shader Unsupported: 'Game Particles/shader_gas_unlit' - All subshaders removed
WARNING: Shader Did you use #pragma only_renderers and omit this platform?
WARNING: Shader If subshaders removal was intentional, you may have forgotten turning Fallback off?
ERROR: Shader Shader Forge/7DTD_Fire_New shader is not supported on this GPU (none of subshaders/fallbacks are suitable)
WARNING: Shader Unsupported: 'Legacy Shaders/Bumped Diffuse' - All subshaders removed
WARNING: Shader Did you use #pragma only_renderers and omit this platform?
WARNING: Shader If subshaders removal was intentional, you may have forgotten turning Fallback off?
ERROR: Shader Legacy Shaders/Bumped Diffuse shader is not supported on this GPU (none of subshaders/fallbacks are suitable)
WARNING: Shader Unsupported: 'Legacy Shaders/Bumped Diffuse' - All subshaders removed
WARNING: Shader Did you use #pragma only_renderers and omit this platform?
WARNING: Shader If subshaders removal was intentional, you may have forgotten turning Fallback off?
ERROR: Shader Legacy Shaders/Transparent/Cutout/VertexLit shader is not supported on this GPU (none of subshaders/fallbacks are suitable)
WARNING: Shader Unsupported: 'Legacy Shaders/Transparent/Cutout/Diffuse' - All subshaders removed
WARNING: Shader Did you use #pragma only_renderers and omit this platform?
WARNING: Shader If subshaders removal was intentional, you may have forgotten turning Fallback off?
ERROR: Shader Legacy Shaders/Transparent/Cutout/Diffuse shader is not supported on this GPU (none of subshaders/fallbacks are suitable)
WARNING: Shader Unsupported: 'Legacy Shaders/Transparent/Cutout/Diffuse' - All subshaders removed
WARNING: Shader Did you use #pragma only_renderers and omit this platform?
WARNING: Shader If subshaders removal was intentional, you may have forgotten turning Fallback off?
WARNING: Shader Unsupported: 'Legacy Shaders/Transparent/Cutout/Bumped Specular' - All subshaders removed
WARNING: Shader Did you use #pragma only_renderers and omit this platform?
WARNING: Shader If subshaders removal was intentional, you may have forgotten turning Fallback off?
ERROR: Shader Legacy Shaders/Transparent/Cutout/Bumped Specular shader is not supported on this GPU (none of subshaders/fallbacks are suitable)
WARNING: Shader Unsupported: 'Legacy Shaders/Transparent/Cutout/Bumped Specular' - All subshaders removed
WARNING: Shader Did you use #pragma only_renderers and omit this platform?
WARNING: Shader If subshaders removal was intentional, you may have forgotten turning Fallback off?
WARNING: Shader Unsupported: 'Legacy Shaders/Transparent/Cutout/Bumped Diffuse' - All subshaders removed
WARNING: Shader Did you use #pragma only_renderers and omit this platform?
WARNING: Shader If subshaders removal was intentional, you may have forgotten turning Fallback off?
ERROR: Shader Legacy Shaders/Transparent/Cutout/Bumped Diffuse shader is not supported on this GPU (none of subshaders/fallbacks are suitable)
WARNING: Shader Unsupported: 'Legacy Shaders/Transparent/Cutout/Bumped Diffuse' - All subshaders removed
WARNING: Shader Did you use #pragma only_renderers and omit this platform?
WARNING: Shader If subshaders removal was intentional, you may have forgotten turning Fallback off?
WARNING: Shader Unsupported: 'Game/Dismember/CopExplosion' - All subshaders removed
WARNING: Shader Did you use #pragma only_renderers and omit this platform?
WARNING: Shader If subshaders removal was intentional, you may have forgotten turning Fallback off?
ERROR: Shader Game/Dismember/CopExplosion shader is not supported on this GPU (none of subshaders/fallbacks are suitable)
WARNING: Shader Unsupported: 'Game/Dismember/CopExplosion' - All subshaders removed
WARNING: Shader Did you use #pragma only_renderers and omit this platform?
WARNING: Shader If subshaders removal was intentional, you may have forgotten turning Fallback off?
ERROR: Shader Game/Character shader is not supported on this GPU (none of subshaders/fallbacks are suitable)
WARNING: Shader Unsupported: 'Game Particles/Liquid' - All subshaders removed
WARNING: Shader Did you use #pragma only_renderers and omit this platform?
WARNING: Shader If subshaders removal was intentional, you may have forgotten turning Fallback off?
ERROR: Shader Game Particles/Liquid shader is not supported on this GPU (none of subshaders/fallbacks are suitable)
WARNING: Shader Unsupported: 'Game Particles/Liquid' - All subshaders removed
WARNING: Shader Did you use #pragma only_renderers and omit this platform?
WARNING: Shader If subshaders removal was intentional, you may have forgotten turning Fallback off?
ERROR: Shader Game/Dismember/Bloodcap shader is not supported on this GPU (none of subshaders/fallbacks are suitable)
WARNING: Shader Unsupported: 'Legacy Shaders/Reflective/VertexLit' - All subshaders removed
WARNING: Shader Did you use #pragma only_renderers and omit this platform?
WARNING: Shader If subshaders removal was intentional, you may have forgotten turning Fallback off?
ERROR: Shader Legacy Shaders/Reflective/VertexLit shader is not supported on this GPU (none of subshaders/fallbacks are suitable)
WARNING: Shader Unsupported: 'Legacy Shaders/Reflective/VertexLit' - All subshaders removed
WARNING: Shader Did you use #pragma only_renderers and omit this platform?
WARNING: Shader If subshaders removal was intentional, you may have forgotten turning Fallback off?
WARNING: Shader Unsupported: 'Legacy Shaders/Reflective/Bumped Diffuse' - All subshaders removed
WARNING: Shader Did you use #pragma only_renderers and omit this platform?
WARNING: Shader If subshaders removal was intentional, you may have forgotten turning Fallback off?
ERROR: Shader Legacy Shaders/Reflective/Bumped Diffuse shader is not supported on this GPU (none of subshaders/fallbacks are suitable)
WARNING: Shader Unsupported: 'Legacy Shaders/Reflective/Bumped Diffuse' - All subshaders removed
WARNING: Shader Did you use #pragma only_renderers and omit this platform?
WARNING: Shader If subshaders removal was intentional, you may have forgotten turning Fallback off?
WARNING: Shader Unsupported: 'Legacy Shaders/Reflective/Bumped Specular' - All subshaders removed
WARNING: Shader Did you use #pragma only_renderers and omit this platform?
WARNING: Shader If subshaders removal was intentional, you may have forgotten turning Fallback off?
ERROR: Shader Legacy Shaders/Reflective/Bumped Specular shader is not supported on this GPU (none of subshaders/fallbacks are suitable)
WARNING: Shader Unsupported: 'Legacy Shaders/Reflective/Bumped Specular' - All subshaders removed
WARNING: Shader Did you use #pragma only_renderers and omit this platform?
WARNING: Shader If subshaders removal was intentional, you may have forgotten turning Fallback off?
WARNING: Shader Unsupported: 'Game Particles/sparkShader' - All subshaders removed
WARNING: Shader Did you use #pragma only_renderers and omit this platform?
WARNING: Shader If subshaders removal was intentional, you may have forgotten turning Fallback off?
ERROR: Shader Game Particles/sparkShader shader is not supported on this GPU (none of subshaders/fallbacks are suitable)
WARNING: Shader Unsupported: 'Game Particles/sparkShader' - All subshaders removed
WARNING: Shader Did you use #pragma only_renderers and omit this platform?
WARNING: Shader If subshaders removal was intentional, you may have forgotten turning Fallback off?
WARNING: Shader Unsupported: 'stainedGlass' - All subshaders removed
WARNING: Shader Did you use #pragma only_renderers and omit this platform?
WARNING: Shader If subshaders removal was intentional, you may have forgotten turning Fallback off?
ERROR: Shader stainedGlass shader is not supported on this GPU (none of subshaders/fallbacks are suitable)
WARNING: Shader Unsupported: 'stainedGlass' - All subshaders removed
WARNING: Shader Did you use #pragma only_renderers and omit this platform?
WARNING: Shader If subshaders removal was intentional, you may have forgotten turning Fallback off?
WARNING: Shader Unsupported: 'Game Particles/barrelLiquidShader_packed' - All subshaders removed
WARNING: Shader Did you use #pragma only_renderers and omit this platform?
WARNING: Shader If subshaders removal was intentional, you may have forgotten turning Fallback off?
ERROR: Shader Game Particles/barrelLiquidShader_packed shader is not supported on this GPU (none of subshaders/fallbacks are suitable)
WARNING: Shader Unsupported: 'Game Particles/barrelLiquidShader_packed' - All subshaders removed
WARNING: Shader Did you use #pragma only_renderers and omit this platform?
WARNING: Shader If subshaders removal was intentional, you may have forgotten turning Fallback off?
ERROR: Shader Hidden/Game/ChunkTransparent shader is not supported on this GPU (none of subshaders/fallbacks are suitable)
2026-08-24T12:25:54 1.629 INF Loaded (local): events in 0.00
2026-08-24T12:25:54 1.639 INF Loaded (local): rwgmixer in 0.01
2026-08-24T12:25:54 1.646 INF Loaded (local): archetypes in 0.01
2026-08-24T12:25:54 1.648 INF Loaded (local): loadingscreen in 0.00
2026-08-24T12:25:54 1.657 INF Added 1336 subtitle data entries and 3 speaker colors
2026-08-24T12:25:54 1.657 INF Loaded (local): subtitles in 0.00
2026-08-24T12:25:54 1.657 INF Loaded (local): videos in 0.00
2026-08-24T12:25:54 1.658 INF Loaded (local): sandbox_overrides in 0.00
2026-08-24T12:25:54 1.658 INF WorldStaticData.Init() needed 0.755 s
2026-08-24T12:25:54 1.659 INF Started Telnet on 8081
2026-08-24T12:25:54 1.668 WRN [Discord] Full Discord integration only available when running with EOS cross platform provider!
2026-08-24T12:25:54 1.671 INF [PartyQuests] Initialized
2026-08-24T12:25:54 1.671 INF Awake done in 1273 ms
2026-08-24T12:25:54 1.737 INF [wasm] hello mod alive at tick 100 (world 0)
2026-08-24T12:25:54 1.745 INF [wasm] hello mod alive at tick 200 (world 0)
2026-08-24T12:25:54 1.753 INF [wasm] hello mod alive at tick 300 (world 0)
2026-08-24T12:25:54 1.761 INF [wasm] hello mod alive at tick 400 (world 0)
2026-08-24T12:25:54 1.769 INF [wasm] hello mod alive at tick 500 (world 0)
2026-08-24T12:25:54 1.777 INF [wasm] hello mod alive at tick 600 (world 0)
2026-08-24T12:25:54 1.785 INF [wasm] hello mod alive at tick 700 (world 0)
2026-08-24T12:25:54 1.793 INF [wasm] hello mod alive at tick 800 (world 0)
2026-08-24T12:25:54 1.801 INF [wasm] hello mod alive at tick 900 (world 0)
2026-08-24T12:25:54 1.809 INF [wasm] hello mod alive at tick 1000 (world 0)
2026-08-24T12:25:54 1.812 INF NetPackageManager Init
2026-08-24T12:25:54 1.827 INF [WasmHost] dropped 1 log line(s) from guest wasm (rate cap 10/s)
2026-08-24T12:25:55 2.273 INF [wasm] hello mod alive at tick 6700 (world 0)
2026-08-24T12:25:55 2.281 INF [wasm] hello mod alive at tick 6800 (world 0)
2026-08-24T12:25:55 2.289 INF [wasm] hello mod alive at tick 6900 (world 0)
2026-08-24T12:25:55 2.297 INF [wasm] hello mod alive at tick 7000 (world 0)
2026-08-24T12:25:55 2.305 INF [wasm] hello mod alive at tick 7100 (world 0)
2026-08-24T12:25:55 2.313 INF [wasm] hello mod alive at tick 7200 (world 0)
2026-08-24T12:25:55 2.321 INF [wasm] hello mod alive at tick 7300 (world 0)
2026-08-24T12:25:55 2.329 INF [wasm] hello mod alive at tick 7400 (world 0)
2026-08-24T12:25:55 2.336 INF [wasm] hello mod alive at tick 7500 (world 0)
2026-08-24T12:25:55 2.344 INF [wasm] hello mod alive at tick 7600 (world 0)
2026-08-24T12:25:55 2.704 INF [WasmHost] dropped 101 log line(s) from guest wasm (rate cap 10/s)
2026-08-24T12:25:56 3.275 INF [wasm] hello mod alive at tick 19300 (world 0)
2026-08-24T12:25:56 3.283 INF [wasm] hello mod alive at tick 19400 (world 0)
2026-08-24T12:25:56 3.291 INF [wasm] hello mod alive at tick 19500 (world 0)
2026-08-24T12:25:56 3.299 INF [wasm] hello mod alive at tick 19600 (world 0)
2026-08-24T12:25:56 3.307 INF [wasm] hello mod alive at tick 19700 (world 0)
2026-08-24T12:25:56 3.315 INF [wasm] hello mod alive at tick 19800 (world 0)
2026-08-24T12:25:56 3.323 INF [wasm] hello mod alive at tick 19900 (world 0)
2026-08-24T12:25:56 3.332 INF [wasm] hello mod alive at tick 20000 (world 0)
2026-08-24T12:25:56 3.340 INF [wasm] hello mod alive at tick 20100 (world 0)
2026-08-24T12:25:56 3.348 INF [wasm] hello mod alive at tick 20200 (world 0)
2026-08-24T12:25:56 3.580 INF [WasmHost] dropped 201 log line(s) from guest wasm (rate cap 10/s)
2026-08-24T12:25:56 4.210 INF [PermissionsManager] ResolvePermissions(_perms: [All], _canPrompt: False)
2026-08-24T12:25:56 4.210 INF [PermissionsManager] ResolvePermissions(_perms: [All], _canPrompt: False) Fetching Title Storage Overrides...
2026-08-24T12:25:56 4.210 INF [PermissionsManager] ResolvePermissions(_perms: [All], _canPrompt: False) Fetched Title Storage Overrides!
2026-08-24T12:25:56 4.212 INF NET: Starting server protocols
2026-08-24T12:25:56 4.229 INF NET: LiteNetLib server started
2026-08-24T12:25:56 4.230 INF [Steamworks.NET] NET: Server started
2026-08-24T12:25:56 4.230 INF Started thread SteamNetworkingServer
2026-08-24T12:25:56 4.231 INF StartGame
2026-08-24T12:25:56 4.242 INF Persistent GamePrefs saved
GamePref.AdminFileName = serveradmin.xml
GamePref.AirDropFrequency = 3
GamePref.AirDropMarker = True
GamePref.AISmellMode = 3
GamePref.AllowSpawnNearBackpack = True
GamePref.AllowSpawnNearFriend = 2
GamePref.AutopilotMode = 0
GamePref.BedrollDeadZoneSize = 15
GamePref.BedrollExpiryTime = 45
GamePref.BiomeProgression = True
GamePref.BlockDamageAI = 100
GamePref.BlockDamageAIBM = 100
GamePref.BlockDamagePlayer = 100
GamePref.BloodMoonEnemyCount = 8
GamePref.BloodMoonFrequency = 7
GamePref.BloodMoonRange = 0
GamePref.BloodMoonWarning = 8
GamePref.BuildCreate = False
GamePref.CameraRestrictionMode = 0
GamePref.ConnectToServerIP = 127.0.0.1
GamePref.ConnectToServerPort = 26900
GamePref.CreateLevelDim = 4096
GamePref.CreateLevelName = My Level
GamePref.CreativeMenuEnabled = False
GamePref.DayCount = 3
GamePref.DayLightLength = 40
GamePref.DayNightLength = 60
GamePref.DeathPenalty = 1
GamePref.DebugMenuEnabled = False
GamePref.DebugMenuShowTasks = False
GamePref.DebugPanelsEnabled = -
GamePref.DebugStopEnemiesMoving = False
GamePref.DiscordAutoJoinVoiceMode = 0
GamePref.DiscordDisabled = False
GamePref.DiscordDmPrivacyMode = True
GamePref.DiscordFirstTimeInfoShown = False
GamePref.DiscordInputVolume = 1
GamePref.DiscordLastAccountType = 0
GamePref.DiscordMuteDmNotifications = True
GamePref.DiscordOutputVolume = 1
GamePref.DiscordSelectedInputDevice = default
GamePref.DiscordSelectedOutputDevice = default
GamePref.DiscordVoiceModePtt = False
GamePref.DiscordVoiceVadModeAuto = True
GamePref.DiscordVoiceVadThreshold = -60
GamePref.DropOnDeath = 1
GamePref.DropOnQuit = 0
GamePref.DynamicMeshDistance = 1000
GamePref.DynamicMeshEnabled = True
GamePref.DynamicMeshLandClaimBuffer = 3
GamePref.DynamicMeshLandClaimOnly = True
GamePref.DynamicMeshMaxItemCache = 3
GamePref.DynamicMeshMaxRegionCache = 1
GamePref.DynamicMeshUseImposters = False
GamePref.DynamicSpawner = 
GamePref.EACEnabled = False
GamePref.EnableMapRendering = False
GamePref.EnemyDifficulty = 0
GamePref.EnemySpawnMode = True
GamePref.EulaLatestVersion = 0
GamePref.EulaVersionAccepted = -1
GamePref.FavoriteServersList = 
GamePref.FragLimit = 20
GamePref.GameDifficulty = 1
GamePref.GameGuidClient = 
GamePref.GameMode = GameModeSurvival
GamePref.GameName = WasmAcceptance1
GamePref.GameNameClient = My Game
GamePref.GameSaveStorageType = 0
GamePref.GameVersion = V 3.1.0
GamePref.GameWorld = Navezgane
GamePref.GameWorldLocationType = 5
GamePref.HideCommandExecutionLog = 0
GamePref.IgnoreEOSSanctions = False
GamePref.JarRefund = 60
GamePref.JoiningOptions = True
GamePref.LandClaimCount = 5
GamePref.LandClaimDeadZone = 30
GamePref.LandClaimDecayMode = 0
GamePref.LandClaimExpiryTime = 7
GamePref.LandClaimOfflineDelay = 0
GamePref.LandClaimOfflineDurabilityModifier = 4
GamePref.LandClaimOnlineDurabilityModifier = 4
GamePref.LandClaimSize = 41
GamePref.Language = 
GamePref.LanguageBrowser = 
GamePref.LastGameResetRevision = 0
GamePref.LastLoadedPrefab = 
GamePref.LastLoadingTipRead = -1
GamePref.LootAbundance = 100
GamePref.LootRespawnDays = 7
GamePref.LootTimer = 
GamePref.MatchLength = 10
GamePref.MaxChunkAge = -1
GamePref.MaxQueuedMeshLayers = 40
GamePref.MaxSpawnedAnimals = 50
GamePref.MaxSpawnedZombies = 16
GamePref.MaxUncoveredMapChunksPerPlayer = 131072
GamePref.NoGraphicsMode = True
GamePref.OptionsAllowController = True
GamePref.OptionsAmbientVolumeLevel = 1
GamePref.OptionsAudioOcclusion = False
GamePref.OptionsAutoPartyWithFriends = True
GamePref.OptionsBackgroundGlobalOpacity = 0.95
GamePref.OptionsBindingsResetRevision = 0
GamePref.OptionsChatCommunication = True
GamePref.OptionsControllerAimAssists = True
GamePref.OptionsControllerCursorHoverSensitivity = 0.5
GamePref.OptionsControllerCursorSnap = True
GamePref.OptionsControllerIconStyle = 0
GamePref.OptionsControllerJoystickLayout = 0
GamePref.OptionsControllerLookAcceleration = 4
GamePref.OptionsControllerLookAxisDeadzone = 0.1
GamePref.OptionsControllerLookInvert = False
GamePref.OptionsControllerMoveAxisDeadzone = 0.1
GamePref.OptionsControllerSensitivityX = 0.35
GamePref.OptionsControllerSensitivityY = 0.25
GamePref.OptionsControllerTriggerEffects = False
GamePref.OptionsControllerVehicleSensitivity = 1
GamePref.OptionsControllerVibration = True
GamePref.OptionsControllerVibrationStrength = 2
GamePref.OptionsControllerWeaponAiming = False
GamePref.OptionsControllerZoomSensitivity = 0.5
GamePref.OptionsControlsDefaultQuickAction = 0
GamePref.OptionsControlsResetRevision = 0
GamePref.OptionsControlsSprintLock = 1
GamePref.OptionsCrosshairADS = True
GamePref.OptionsCrosshairColor = 0
GamePref.OptionsCrosshairDot3P = True
GamePref.OptionsCrosshairEnabled = True
GamePref.OptionsCrosshairOpacity = 1
GamePref.OptionsCrosshairRangedEnabled = True
GamePref.OptionsCrosshairScale = 1
GamePref.OptionsCrosshairThickness = 0.2
GamePref.OptionsCrossplay = True
GamePref.OptionsDisableChunkLODs = False
GamePref.OptionsDisableXmlEvents = False
GamePref.OptionsDynamicMusicDailyTime = 0.45
GamePref.OptionsDynamicMusicEnabled = True
GamePref.OptionsFilterProfanity = False
GamePref.OptionsForegroundGlobalOpacity = 1
GamePref.OptionsGfx3PCameraMode = 0
GamePref.OptionsGfxAA = 1
GamePref.OptionsGfxAASharpness = 0
GamePref.OptionsGfxBloom = True
GamePref.OptionsGfxBrightness = 0.5
GamePref.OptionsGfxCameraDistance3P = 0.25
GamePref.OptionsGfxDefaultFirstPersonCamera = True
GamePref.OptionsGfxDOF = False
GamePref.OptionsGfxDynamicMinFPS = 30
GamePref.OptionsGfxDynamicMode = 0
GamePref.OptionsGfxDynamicScale = 1
GamePref.OptionsGfxFOV = 65
GamePref.OptionsGfxFOV3P = 65
GamePref.OptionsGfxFSRPreset = 2
GamePref.OptionsGfxGrassDistance = 1
GamePref.OptionsGfxLimitFpsInGame = -1
GamePref.OptionsGfxLODDistance = 0.5
GamePref.OptionsGfxMotionBlur = 1
GamePref.OptionsGfxMotionBlurEnabled = True
GamePref.OptionsGfxObjQuality = 3
GamePref.OptionsGfxOcclusion = True
GamePref.OptionsGfxQualityPreset = 2
GamePref.OptionsGfxReflectQuality = 1
GamePref.OptionsGfxReflectShadows = False
GamePref.OptionsGfxResetRevision = 0
GamePref.OptionsGfxResolution = 0
GamePref.OptionsGfxShadowDistance = 1
GamePref.OptionsGfxShadowQuality = 1
GamePref.OptionsGfxSignQuality = 2
GamePref.OptionsGfxSSAO = True
GamePref.OptionsGfxSSReflections = 1
GamePref.OptionsGfxStreamMipmaps = True
GamePref.OptionsGfxSunShafts = True
GamePref.OptionsGfxTerrainQuality = 3
GamePref.OptionsGfxTexFilter = 1
GamePref.OptionsGfxTexQuality = 1
GamePref.OptionsGfxTreeDistance = 4
GamePref.OptionsGfxUpscalerMode = 4
GamePref.OptionsGfxViewDistance = 6
GamePref.OptionsGfxVsync = 1
GamePref.OptionsGfxWaterPtlLimiter = 0.5
GamePref.OptionsGfxWaterQuality = 1
GamePref.OptionsHudOpacity = 1
GamePref.OptionsHudSize = 1
GamePref.OptionsInterfaceSensitivity = 0.5
GamePref.OptionsIntroMovieEnabled = True
GamePref.OptionsInvertMouse = False
GamePref.OptionsJournalPopup = True
GamePref.OptionsLookSensitivity = 0.5
GamePref.OptionsMenuMusicVolumeLevel = 0.7
GamePref.OptionsMicVolumeLevel = 0.75
GamePref.OptionsMumblePositionalAudioSupport = False
GamePref.OptionsMusicVolumeLevel = 0.6
GamePref.OptionsOverallAudioVolumeLevel = 1
GamePref.OptionsPlayChanceFrequency = 3
GamePref.OptionsPlayChanceProbability = 0.983
GamePref.OptionsPlayerModelTexture = Player/Male/Player_male
GamePref.OptionsPOICulling = 1
GamePref.OptionsPoiVolumesSkipDeleteConfirmation = False
GamePref.OptionsQuestsAutoAccept = True
GamePref.OptionsQuestsAutoShare = True
GamePref.OptionsScreenBoundsValue = 1
GamePref.OptionsSelectionBoxAlphaMultiplier = 0.4
GamePref.OptionsShowCompass = True
GamePref.OptionsShowConsoleButton = False
GamePref.OptionsShowCrosshair = True
GamePref.OptionsStabSpawnBlocksOnGround = True
GamePref.OptionsSubtitlesEnabled = True
GamePref.OptionsTempCelsius = False
GamePref.OptionsUiCompassUseEnglishCardinalDirections = False
GamePref.OptionsUiFpsScaling = 1
GamePref.OptionsVehicleLookSensitivity = 0.5
GamePref.OptionsVoiceChatEnabled = True
GamePref.OptionsVoiceInputDevice = 
GamePref.OptionsVoiceOutputDevice = 
GamePref.OptionsVoiceVolumeLevel = 0.75
GamePref.OptionsWeaponAiming = False
GamePref.OptionsZoomAccel = 0.5
GamePref.OptionsZoomSensitivity = 0.3
GamePref.PartySharedKillRange = 100
GamePref.PersistentPlayerProfiles = False
GamePref.PlayerAutologin = False
GamePref.PlayerKillingMode = KillStrangersOnly
GamePref.PlayerName = Player
GamePref.PlayerSafeZoneHours = 7
GamePref.PlayerSafeZoneLevel = 5
GamePref.PlaytestBiome = 3
GamePref.QuestProgressionDailyLimit = 4
GamePref.RebuildMap = False
GamePref.Region = 
GamePref.ResetUnprotectedChunks = 0
GamePref.SandboxCode = 
GamePref.SandboxPreset = 
GamePref.SaveDataLimit = -1
GamePref.SaveDataLimitType = Unlimited
GamePref.SelectionContextMode = 0
GamePref.SelectionOperationMode = 0
GamePref.ServerAdminSlots = 0
GamePref.ServerAdminSlotsPermission = 0
GamePref.ServerAllowCrossplay = True
GamePref.ServerDescription = 
GamePref.ServerDisabledNetworkProtocols = 
GamePref.ServerEACPeerToPeer = True
GamePref.ServerEnabled = True
GamePref.ServerIP = 
GamePref.ServerIsPublic = False
GamePref.ServerLoginConfirmationText = 
GamePref.ServerMatchmakingGroup = 
GamePref.ServerMaxAllowedViewDistance = 12
GamePref.ServerMaxPlayerCount = 4
GamePref.ServerMaxWorldTransferSpeedKiBs = 512
GamePref.ServerName = Default Server
GamePref.ServerPort = 26900
GamePref.ServerReservedSlots = 0
GamePref.ServerReservedSlotsPermission = 100
GamePref.ServerVisibility = 2
GamePref.ServerWebsiteURL = 
GamePref.ShowFriendPlayerOnMap = True
GamePref.SkipSpawnButton = False
GamePref.StormFreq = 100
GamePref.TelnetEnabled = True
GamePref.TelnetFailedLoginLimit = 10
GamePref.TelnetFailedLoginsBlocktime = 10
GamePref.TelnetPort = 8081
GamePref.TerminalWindowEnabled = True
GamePref.TwitchBloodMoonAllowed = True
GamePref.TwitchServerPermission = 90
GamePref.UNUSED_ControlPanelEnabled = False
GamePref.UNUSED_ControlPanelPort = 8080
GamePref.UNUSED_LastLoadedPrefabSize = 
GamePref.UNUSED_NewGameSetDefaults = 
GamePref.UNUSED_OptionsBloom = 
GamePref.UNUSED_OptionsDOF = 
GamePref.UNUSED_OptionsFieldOfViewNew = 
GamePref.UNUSED_OptionsGamma = 
GamePref.UNUSED_OptionsGfxGameplayResolutionHeight = 
GamePref.UNUSED_OptionsGfxGameplayResolutionWidth = 
GamePref.UNUSED_OptionsGfxUMATexQuality = 
GamePref.UNUSED_OptionsMotionBlur = 
GamePref.UNUSED_OptionsObjectBlur = 
GamePref.UNUSED_OptionsPlayerModel = playerMale
GamePref.UNUSED_OptionsReflectionBounces = 
GamePref.UNUSED_OptionsReflectionCullList = 
GamePref.UNUSED_OptionsReflectionFarClip = 
GamePref.UNUSED_OptionsReflectionRefreshMode = 
GamePref.UNUSED_OptionsReflectionShadowDistance = 
GamePref.UNUSED_OptionsReflectionTimeSlicingMode = 
GamePref.UNUSED_OptionsSSAO = 
GamePref.UNUSED_OptionsStreamingMipmapsBudget = 
GamePref.UNUSED_OptionsSunShafts = 
GamePref.UNUSED_PlayerId = 
GamePref.UNUSED_SaveGameFolder = 
GamePref.UNUSED_UserDataFolder = 
GamePref.UserWorldStorageType = 0
GamePref.WebDashboardEnabled = False
GamePref.WebDashboardPort = 8080
GamePref.WebDashboardUrl = 
GamePref.WorldGenSeed = 
GamePref.WorldGenSize = 8192
GamePref.XPMultiplier = 100
GamePref.ZombieBMMove = 3
GamePref.ZombieFeralMove = 3
GamePref.ZombieFeralSense = 0
GamePref.ZombieMove = 0
GamePref.ZombieMoveNight = 3
GamePref.ZombiePlayers = True
GameStat.AirDropFrequency = 0
GameStat.AirDropMarker = True
GameStat.AllowedViewDistance = 12
GameStat.AnimalCount = 0
GameStat.AutoParty = False
GameStat.BedrollExpiryTime = 45
GameStat.BiomeGSModifier = 100
GameStat.BiomeLSModifier = 100
GameStat.BiomeProgression = True
GameStat.BlockDamageAI = 100
GameStat.BlockDamageAIBM = 100
GameStat.BlockDamagePlayer = 100
GameStat.BloodMoonDay = 0
GameStat.BloodMoonEnemyCount = 8
GameStat.BloodMoonWarning = 8
GameStat.CameraRestrictionMode = 0
GameStat.ChunkStabilityEnabled = True
GameStat.CurrentRoundIx = 0
GameStat.DayLightLength = 18
GameStat.DayLimitActive = False
GameStat.DayLimitThisRound = 0
GameStat.DayNightLength = 60
GameStat.DeathPenalty = XPOnly
GameStat.DropOnDeath = 1
GameStat.DropOnQuit = 0
GameStat.EnemyCount = 0
GameStat.EnemyDifficulty = Normal
GameStat.EnemySpawnMode = True
GameStat.FragLimitActive = False
GameStat.FragLimitThisRound = 0
GameStat.GameDifficulty = 2
GameStat.GameModeId = 0
GameStat.GameState = 0
GameStat.GlobalGSModifier = 100
GameStat.GlobalLSModifier = 100
GameStat.GlobalMessageToShow = 
GameStat.IsCreativeMenuEnabled = False
GameStat.IsFlyingEnabled = False
GameStat.IsPlayerCollisionEnabled = True
GameStat.IsPlayerDamageEnabled = True
GameStat.IsResetMapOnRestart = False
GameStat.IsSaveSupplyCrates = True
GameStat.IsSpawnEnemies = True
GameStat.IsSpawnNearOtherPlayer = False
GameStat.IsTeleportEnabled = False
GameStat.IsVersionCheckDone = False
GameStat.JarRefund = 60
GameStat.LandClaimCount = 5
GameStat.LandClaimDeadZone = 30
GameStat.LandClaimDecayMode = 0
GameStat.LandClaimExpiryTime = 3
GameStat.LandClaimOfflineDelay = 0
GameStat.LandClaimOfflineDurabilityModifier = 32
GameStat.LandClaimOnlineDurabilityModifier = 32
GameStat.LandClaimSize = 41
GameStat.LoadScene = 
GameStat.LootAbundance = 100
GameStat.LootRespawnDays = 7
GameStat.LootTimer = 
GameStat.OptionsPOICulling = 0
GameStat.PartySharedKillRange = 100
GameStat.PlayerKillingMode = KillStrangersOnly
GameStat.QuestProgressionDailyLimit = 4
GameStat.SandboxCode = 
GameStat.SandboxPreset = 
GameStat.ScoreDiedMultiplier = -5
GameStat.ScorePlayerKillMultiplier = 1
GameStat.ScoreZombieKillMultiplier = 1
GameStat.ShowAllPlayersOnMap = False
GameStat.ShowFriendPlayerOnMap = True
GameStat.ShowSpawnWindow = False
GameStat.ShowWindow = 
GameStat.StormFreq = 0
GameStat.TimeLimitActive = False
GameStat.TimeLimitThisRound = 0
GameStat.TimeOfDayIncPerSec = 20
GameStat.TwitchBloodMoonAllowed = True
GameStat.UNUSED_GameDifficultyBonus = 
GameStat.UNUSED_ShowZombieCounter = 
GameStat.XPMultiplier = 100
GameStat.ZombieHordeMeter = False
Sandbox Code: 
Sandbox Options:
  - Invalid code -
2026-08-24T12:25:56 4.248 INF [PlatformApplication] restart required = False
2026-08-24T12:25:56 4.249 INF StartAsServer
2026-08-24T12:25:57 4.311 WRN save folder does not exist
2026-08-24T12:25:57 4.324 INF Loaded (local): events in 0.00
2026-08-24T12:25:57 4.324 INF [wasm] hello mod alive at tick 31000 (world 0)
2026-08-24T12:25:57 4.327 INF Chat (from '-non-player-', entity id '-1', to 'Global'): hello survivor from a wasm mod at tick 31000
2026-08-24T12:25:57 4.336 INF Loaded (local): materials in 0.01
2026-08-24T12:25:57 4.350 INF Loaded (local): physicsbodies in 0.01
2026-08-24T12:25:57 4.354 INF Loaded (local): painting in 0.00
2026-08-24T12:25:57 4.356 INF [wasm] hello mod alive at tick 31100 (world 0)
2026-08-24T12:25:57 4.367 INF [wasm] hello mod alive at tick 31200 (world 0)
2026-08-24T12:25:57 4.376 INF [wasm] hello mod alive at tick 31300 (world 0)
2026-08-24T12:25:57 4.391 INF [wasm] hello mod alive at tick 31400 (world 0)
2026-08-24T12:25:57 4.423 INF Loaded (local): shapes in 0.01
2026-08-24T12:25:57 4.431 INF [wasm] hello mod alive at tick 31500 (world 0)
2026-08-24T12:25:57 4.441 INF [wasm] hello mod alive at tick 31600 (world 0)
2026-08-24T12:25:57 4.451 INF [wasm] hello mod alive at tick 31700 (world 0)
2026-08-24T12:25:57 4.476 INF [wasm] hello mod alive at tick 31800 (world 0)
2026-08-24T12:25:57 4.484 INF [wasm] hello mod alive at tick 31900 (world 0)
2026-08-24T12:25:57 4.493 INF Chat (from '-non-player-', entity id '-1', to 'Global'): hello survivor from a wasm mod at tick 32000
Unrecognized thread niceness after calling setpriority. Target niceness is 0 and actual niceness is 10
2026-08-24T12:25:58 5.480 INF [wasm] hello mod alive at tick 32800 (world 0)
ERROR: Shader Legacy Shaders/Transparent/Cutout/VertexLit shader is not supported on this GPU (none of subshaders/fallbacks are suitable)
WARNING: Shader Unsupported: 'Game/SpeedTree8' - All subshaders removed
WARNING: Shader Did you use #pragma only_renderers and omit this platform?
WARNING: Shader If subshaders removal was intentional, you may have forgotten turning Fallback off?
ERROR: Shader Game/SpeedTree8 shader is not supported on this GPU (none of subshaders/fallbacks are suitable)
WARNING: Shader Unsupported: 'Game/SpeedTree8' - All subshaders removed
WARNING: Shader Did you use #pragma only_renderers and omit this platform?
WARNING: Shader If subshaders removal was intentional, you may have forgotten turning Fallback off?
WARNING: Shader Unsupported: 'Nature/SpeedTree8' - All subshaders removed
WARNING: Shader Did you use #pragma only_renderers and omit this platform?
WARNING: Shader If subshaders removal was intentional, you may have forgotten turning Fallback off?
ERROR: Shader Nature/SpeedTree8 shader is not supported on this GPU (none of subshaders/fallbacks are suitable)
WARNING: Shader Unsupported: 'Nature/SpeedTree8' - All subshaders removed
WARNING: Shader Did you use #pragma only_renderers and omit this platform?
WARNING: Shader If subshaders removal was intentional, you may have forgotten turning Fallback off?
ERROR: Shader Game/BlockMissing shader is not supported on this GPU (none of subshaders/fallbacks are suitable)
WARNING: Shader Unsupported: '7DTD/7DTD_Liquid' - All subshaders removed
WARNING: Shader Did you use #pragma only_renderers and omit this platform?
WARNING: Shader If subshaders removal was intentional, you may have forgotten turning Fallback off?
ERROR: Shader 7DTD/7DTD_Liquid shader is not supported on this GPU (none of subshaders/fallbacks are suitable)
WARNING: Shader Unsupported: '7DTD/7DTD_Liquid' - All subshaders removed
WARNING: Shader Did you use #pragma only_renderers and omit this platform?
WARNING: Shader If subshaders removal was intentional, you may have forgotten turning Fallback off?
WARNING: Shader Unsupported: 'Custom/SignTextShader' - All subshaders removed
WARNING: Shader Did you use #pragma only_renderers and omit this platform?
WARNING: Shader If subshaders removal was intentional, you may have forgotten turning Fallback off?
ERROR: Shader Custom/SignTextShader shader is not supported on this GPU (none of subshaders/fallbacks are suitable)
WARNING: Shader Unsupported: 'Custom/SignTextShader' - All subshaders removed
WARNING: Shader Did you use #pragma only_renderers and omit this platform?
WARNING: Shader If subshaders removal was intentional, you may have forgotten turning Fallback off?
ERROR: Shader Game/SemiTransGlow shader is not supported on this GPU (none of subshaders/fallbacks are suitable)
WARNING: Shader Unsupported: 'Game Particles/Unlit' - All subshaders removed
WARNING: Shader Did you use #pragma only_renderers and omit this platform?
WARNING: Shader If subshaders removal was intentional, you may have forgotten turning Fallback off?
ERROR: Shader Game Particles/Unlit shader is not supported on this GPU (none of subshaders/fallbacks are suitable)
WARNING: Shader Unsupported: 'Game Particles/Unlit' - All subshaders removed
WARNING: Shader Did you use #pragma only_renderers and omit this platform?
WARNING: Shader If subshaders removal was intentional, you may have forgotten turning Fallback off?
ERROR: Shader Game/SemiTransGlow shader is not supported on this GPU (none of subshaders/fallbacks are suitable)
The referenced script on this Behaviour (Game Object '<null>') is missing!
WARNING: Shader Unsupported: 'GameScreenFlicker' - All subshaders removed
WARNING: Shader Did you use #pragma only_renderers and omit this platform?
WARNING: Shader If subshaders removal was intentional, you may have forgotten turning Fallback off?
ERROR: Shader GameScreenFlicker shader is not supported on this GPU (none of subshaders/fallbacks are suitable)
WARNING: Shader Unsupported: 'GameScreenFlicker' - All subshaders removed
WARNING: Shader Did you use #pragma only_renderers and omit this platform?
WARNING: Shader If subshaders removal was intentional, you may have forgotten turning Fallback off?
The referenced script on this Behaviour (Game Object '<null>') is missing!
The referenced script on this Behaviour (Game Object '<null>') is missing!
The referenced script on this Behaviour (Game Object '<null>') is missing!
The referenced script on this Behaviour (Game Object '<null>') is missing!
WARNING: Shader Unsupported: 'Game Particles/Unlit' - All subshaders removed
WARNING: Shader Did you use #pragma only_renderers and omit this platform?
WARNING: Shader If subshaders removal was intentional, you may have forgotten turning Fallback off?
ERROR: Shader Game Particles/Unlit shader is not supported on this GPU (none of subshaders/fallbacks are suitable)
WARNING: Shader Unsupported: 'Game Particles/Unlit' - All subshaders removed
WARNING: Shader Did you use #pragma only_renderers and omit this platform?
WARNING: Shader If subshaders removal was intentional, you may have forgotten turning Fallback off?
WARNING: Shader Unsupported: '7DTD/TorchGlow' - All subshaders removed
WARNING: Shader Did you use #pragma only_renderers and omit this platform?
WARNING: Shader If subshaders removal was intentional, you may have forgotten turning Fallback off?
ERROR: Shader 7DTD/TorchGlow shader is not supported on this GPU (none of subshaders/fallbacks are suitable)
WARNING: Shader Unsupported: '7DTD/TorchGlow' - All subshaders removed
WARNING: Shader Did you use #pragma only_renderers and omit this platform?
WARNING: Shader If subshaders removal was intentional, you may have forgotten turning Fallback off?
WARNING: Shader Unsupported: 'Game/TorchFire' - All subshaders removed
WARNING: Shader Did you use #pragma only_renderers and omit this platform?
WARNING: Shader If subshaders removal was intentional, you may have forgotten turning Fallback off?
ERROR: Shader Game/TorchFire shader is not supported on this GPU (none of subshaders/fallbacks are suitable)
WARNING: Shader Unsupported: 'Game/TorchFire' - All subshaders removed
WARNING: Shader Did you use #pragma only_renderers and omit this platform?
WARNING: Shader If subshaders removal was intentional, you may have forgotten turning Fallback off?
WARNING: Shader Unsupported: 'Game/TorchFire' - All subshaders removed
WARNING: Shader Did you use #pragma only_renderers and omit this platform?
WARNING: Shader If subshaders removal was intentional, you may have forgotten turning Fallback off?
ERROR: Shader Game/TorchFire shader is not supported on this GPU (none of subshaders/fallbacks are suitable)
WARNING: Shader Unsupported: 'Game/TorchFire' - All subshaders removed
WARNING: Shader Did you use #pragma only_renderers and omit this platform?
WARNING: Shader If subshaders removal was intentional, you may have forgotten turning Fallback off?
WARNING: Shader Unsupported: '7DTD/7DTD_Cobweb' - All subshaders removed
WARNING: Shader Did you use #pragma only_renderers and omit this platform?
WARNING: Shader If subshaders removal was intentional, you may have forgotten turning Fallback off?
ERROR: Shader 7DTD/7DTD_Cobweb shader is not supported on this GPU (none of subshaders/fallbacks are suitable)
WARNING: Shader Unsupported: '7DTD/7DTD_Cobweb' - All subshaders removed
WARNING: Shader Did you use #pragma only_renderers and omit this platform?
WARNING: Shader If subshaders removal was intentional, you may have forgotten turning Fallback off?
WARNING: Shader Unsupported: 'Game/EntityTintMaskSSS' - All subshaders removed
WARNING: Shader Did you use #pragma only_renderers and omit this platform?
WARNING: Shader If subshaders removal was intentional, you may have forgotten turning Fallback off?
ERROR: Shader Game/EntityTintMaskSSS shader is not supported on this GPU (none of subshaders/fallbacks are suitable)
WARNING: Shader Unsupported: 'Game/EntityTintMaskSSS' - All subshaders removed
WARNING: Shader Did you use #pragma only_renderers and omit this platform?
WARNING: Shader If subshaders removal was intentional, you may have forgotten turning Fallback off?
WARNING: Shader Unsupported: 'Game/EntityTintMaskSSS' - All subshaders removed
WARNING: Shader Did you use #pragma only_renderers and omit this platform?
WARNING: Shader If subshaders removal was intentional, you may have forgotten turning Fallback off?
ERROR: Shader Game/EntityTintMaskSSS shader is not supported on this GPU (none of subshaders/fallbacks are suitable)
WARNING: Shader Unsupported: 'Game/EntityTintMaskSSS' - All subshaders removed
WARNING: Shader Did you use #pragma only_renderers and omit this platform?
WARNING: Shader If subshaders removal was intentional, you may have forgotten turning Fallback off?
2026-08-24T12:26:03 10.574 INF [wasm] hello mod alive at tick 32900 (world 0)
WARNING: Shader Unsupported: 'Game/CharacterPlayerOutfit' - All subshaders removed
WARNING: Shader Did you use #pragma only_renderers and omit this platform?
WARNING: Shader If subshaders removal was intentional, you may have forgotten turning Fallback off?
ERROR: Shader Game/CharacterPlayerOutfit shader is not supported on this GPU (none of subshaders/fallbacks are suitable)
WARNING: Shader Unsupported: 'Game/CharacterPlayerOutfit' - All subshaders removed
WARNING: Shader Did you use #pragma only_renderers and omit this platform?
WARNING: Shader If subshaders removal was intentional, you may have forgotten turning Fallback off?
WARNING: Shader Unsupported: 'Game Particles/Lit' - All subshaders removed
WARNING: Shader Did you use #pragma only_renderers and omit this platform?
WARNING: Shader If subshaders removal was intentional, you may have forgotten turning Fallback off?
ERROR: Shader Game Particles/Lit shader is not supported on this GPU (none of subshaders/fallbacks are suitable)
WARNING: Shader Unsupported: 'Game Particles/Lit' - All subshaders removed
WARNING: Shader Did you use #pragma only_renderers and omit this platform?
WARNING: Shader If subshaders removal was intentional, you may have forgotten turning Fallback off?
WARNING: Shader Unsupported: '7DTD/7DTD_Sign_Illuminated' - All subshaders removed
WARNING: Shader Did you use #pragma only_renderers and omit this platform?
WARNING: Shader If subshaders removal was intentional, you may have forgotten turning Fallback off?
ERROR: Shader 7DTD/7DTD_Sign_Illuminated shader is not supported on this GPU (none of subshaders/fallbacks are suitable)
WARNING: Shader Unsupported: '7DTD/7DTD_Sign_Illuminated' - All subshaders removed
WARNING: Shader Did you use #pragma only_renderers and omit this platform?
WARNING: Shader If subshaders removal was intentional, you may have forgotten turning Fallback off?
WARNING: Shader Unsupported: 'Custom/SignTextShader' - All subshaders removed
WARNING: Shader Did you use #pragma only_renderers and omit this platform?
WARNING: Shader If subshaders removal was intentional, you may have forgotten turning Fallback off?
ERROR: Shader Custom/SignTextShader shader is not supported on this GPU (none of subshaders/fallbacks are suitable)
WARNING: Shader Unsupported: 'Custom/SignTextShader' - All subshaders removed
WARNING: Shader Did you use #pragma only_renderers and omit this platform?
WARNING: Shader If subshaders removal was intentional, you may have forgotten turning Fallback off?
WARNING: Shader Unsupported: 'Game/SignTech/Standard' - All subshaders removed
WARNING: Shader Did you use #pragma only_renderers and omit this platform?
WARNING: Shader If subshaders removal was intentional, you may have forgotten turning Fallback off?
ERROR: Shader Game/SignTech/Standard shader is not supported on this GPU (none of subshaders/fallbacks are suitable)
WARNING: Shader Unsupported: 'Game/SignTech/Standard' - All subshaders removed
WARNING: Shader Did you use #pragma only_renderers and omit this platform?
WARNING: Shader If subshaders removal was intentional, you may have forgotten turning Fallback off?
WARNING: Shader Unsupported: 'Game/SignTech/CutoutFallback' - All subshaders removed
WARNING: Shader Did you use #pragma only_renderers and omit this platform?
WARNING: Shader If subshaders removal was intentional, you may have forgotten turning Fallback off?
ERROR: Shader Game/SignTech/CutoutFallback shader is not supported on this GPU (none of subshaders/fallbacks are suitable)
WARNING: Shader Unsupported: 'Game/SignTech/CutoutFallback' - All subshaders removed
WARNING: Shader Did you use #pragma only_renderers and omit this platform?
WARNING: Shader If subshaders removal was intentional, you may have forgotten turning Fallback off?
WARNING: Shader Unsupported: 'Game/SignTech/Cutout' - All subshaders removed
WARNING: Shader Did you use #pragma only_renderers and omit this platform?
WARNING: Shader If subshaders removal was intentional, you may have forgotten turning Fallback off?
ERROR: Shader Game/SignTech/Cutout shader is not supported on this GPU (none of subshaders/fallbacks are suitable)
WARNING: Shader Unsupported: 'Game/SignTech/Cutout' - All subshaders removed
WARNING: Shader Did you use #pragma only_renderers and omit this platform?
WARNING: Shader If subshaders removal was intentional, you may have forgotten turning Fallback off?
WARNING: Shader Unsupported: 'Game/Cloth Sign' - All subshaders removed
WARNING: Shader Did you use #pragma only_renderers and omit this platform?
WARNING: Shader If subshaders removal was intentional, you may have forgotten turning Fallback off?
ERROR: Shader Game/Cloth Sign shader is not supported on this GPU (none of subshaders/fallbacks are suitable)
WARNING: Shader Unsupported: 'Game/Cloth Sign' - All subshaders removed
WARNING: Shader Did you use #pragma only_renderers and omit this platform?
WARNING: Shader If subshaders removal was intentional, you may have forgotten turning Fallback off?
WARNING: Shader Unsupported: 'Game/Cloth' - All subshaders removed
WARNING: Shader Did you use #pragma only_renderers and omit this platform?
WARNING: Shader If subshaders removal was intentional, you may have forgotten turning Fallback off?
ERROR: Shader Game/Cloth shader is not supported on this GPU (none of subshaders/fallbacks are suitable)
WARNING: Shader Unsupported: 'Game/Cloth' - All subshaders removed
WARNING: Shader Did you use #pragma only_renderers and omit this platform?
WARNING: Shader If subshaders removal was intentional, you may have forgotten turning Fallback off?
WARNING: Shader Unsupported: 'Game/Entity Tint Mask Sign' - All subshaders removed
WARNING: Shader Did you use #pragma only_renderers and omit this platform?
WARNING: Shader If subshaders removal was intentional, you may have forgotten turning Fallback off?
ERROR: Shader Game/Entity Tint Mask Sign shader is not supported on this GPU (none of subshaders/fallbacks are suitable)
WARNING: Shader Unsupported: 'Game/Entity Tint Mask Sign' - All subshaders removed
WARNING: Shader Did you use #pragma only_renderers and omit this platform?
WARNING: Shader If subshaders removal was intentional, you may have forgotten turning Fallback off?
WARNING: Shader Unsupported: 'Game/SpeedTree' - All subshaders removed
WARNING: Shader Did you use #pragma only_renderers and omit this platform?
WARNING: Shader If subshaders removal was intentional, you may have forgotten turning Fallback off?
ERROR: Shader Game/SpeedTree shader is not supported on this GPU (none of subshaders/fallbacks are suitable)
WARNING: Shader Unsupported: 'Game/SpeedTree' - All subshaders removed
WARNING: Shader Did you use #pragma only_renderers and omit this platform?
WARNING: Shader If subshaders removal was intentional, you may have forgotten turning Fallback off?
WARNING: Shader Unsupported: 'Game/SpeedTree Billboard' - All subshaders removed
WARNING: Shader Did you use #pragma only_renderers and omit this platform?
WARNING: Shader If subshaders removal was intentional, you may have forgotten turning Fallback off?
ERROR: Shader Game/SpeedTree Billboard shader is not supported on this GPU (none of subshaders/fallbacks are suitable)
WARNING: Shader Unsupported: 'Game/SpeedTree Billboard' - All subshaders removed
WARNING: Shader Did you use #pragma only_renderers and omit this platform?
WARNING: Shader If subshaders removal was intentional, you may have forgotten turning Fallback off?
WARNING: Shader Unsupported: 'Standard' - All subshaders removed
WARNING: Shader Did you use #pragma only_renderers and omit this platform?
WARNING: Shader If subshaders removal was intentional, you may have forgotten turning Fallback off?
ERROR: Shader Standard shader is not supported on this GPU (none of subshaders/fallbacks are suitable)
WARNING: Shader Unsupported: 'Standard' - All subshaders removed
WARNING: Shader Did you use #pragma only_renderers and omit this platform?
WARNING: Shader If subshaders removal was intentional, you may have forgotten turning Fallback off?
WARNING: Shader Unsupported: 'Game/EntityTintMaskSSS' - All subshaders removed
WARNING: Shader Did you use #pragma only_renderers and omit this platform?
WARNING: Shader If subshaders removal was intentional, you may have forgotten turning Fallback off?
ERROR: Shader Game/EntityTintMaskSSS shader is not supported on this GPU (none of subshaders/fallbacks are suitable)
WARNING: Shader Unsupported: 'Game/EntityTintMaskSSS' - All subshaders removed
WARNING: Shader Did you use #pragma only_renderers and omit this platform?
WARNING: Shader If subshaders removal was intentional, you may have forgotten turning Fallback off?
WARNING: Shader Unsupported: 'Nature/SpeedTree Billboard' - All subshaders removed
WARNING: Shader Did you use #pragma only_renderers and omit this platform?
WARNING: Shader If subshaders removal was intentional, you may have forgotten turning Fallback off?
ERROR: Shader Nature/SpeedTree Billboard shader is not supported on this GPU (none of subshaders/fallbacks are suitable)
WARNING: Shader Unsupported: 'Nature/SpeedTree Billboard' - All subshaders removed
WARNING: Shader Did you use #pragma only_renderers and omit this platform?
WARNING: Shader If subshaders removal was intentional, you may have forgotten turning Fallback off?
WARNING: Shader Unsupported: 'Nature/SpeedTree' - All subshaders removed
WARNING: Shader Did you use #pragma only_renderers and omit this platform?
WARNING: Shader If subshaders removal was intentional, you may have forgotten turning Fallback off?
ERROR: Shader Nature/SpeedTree shader is not supported on this GPU (none of subshaders/fallbacks are suitable)
WARNING: Shader Unsupported: 'Nature/SpeedTree' - All subshaders removed
WARNING: Shader Did you use #pragma only_renderers and omit this platform?
WARNING: Shader If subshaders removal was intentional, you may have forgotten turning Fallback off?
WARNING: Shader Unsupported: 'Game/Autodesk XFade' - All subshaders removed
WARNING: Shader Did you use #pragma only_renderers and omit this platform?
WARNING: Shader If subshaders removal was intentional, you may have forgotten turning Fallback off?
ERROR: Shader Game/Autodesk XFade shader is not supported on this GPU (none of subshaders/fallbacks are suitable)
WARNING: Shader Unsupported: 'Game/Autodesk XFade' - All subshaders removed
WARNING: Shader Did you use #pragma only_renderers and omit this platform?
WARNING: Shader If subshaders removal was intentional, you may have forgotten turning Fallback off?
Unloading 5 Unused Serialized files (Serialized files now loaded: 52)
2026-08-24T12:26:05 12.481 INF Block IDs with mapping
2026-08-24T12:26:05 12.492 INF Block IDs total 24809, terr 30, last 25030
2026-08-24T12:26:05 12.506 INF Loaded (local): blocks in 7.84
Unloading 22856 unused Assets to reduce memory usage. Loaded Objects now: 199724.
Total: 255.679580 ms (FindLiveObjects: 8.909046 ms CreateObjectMapping: 10.531708 ms MarkObjects: 225.165943 ms  DeleteObjects: 11.071951 ms)

2026-08-24T12:26:05 12.846 INF Loaded (local): progression in 0.07
2026-08-24T12:26:05 12.853 INF [wasm] hello mod alive at tick 33000 (world 0)
2026-08-24T12:26:05 12.853 INF Chat (from '-non-player-', entity id '-1', to 'Global'): hello survivor from a wasm mod at tick 33000
2026-08-24T12:26:05 12.864 INF [wasm] hello mod alive at tick 33100 (world 0)
2026-08-24T12:26:05 12.890 INF [wasm] hello mod alive at tick 33200 (world 0)
WARNING: Shader Unsupported: '7DTD_Unity5/WaterInBucket' - All subshaders removed
WARNING: Shader Did you use #pragma only_renderers and omit this platform?
WARNING: Shader If subshaders removal was intentional, you may have forgotten turning Fallback off?
ERROR: Shader 7DTD_Unity5/WaterInBucket shader is not supported on this GPU (none of subshaders/fallbacks are suitable)
WARNING: Shader Unsupported: '7DTD_Unity5/WaterInBucket' - All subshaders removed
WARNING: Shader Did you use #pragma only_renderers and omit this platform?
WARNING: Shader If subshaders removal was intentional, you may have forgotten turning Fallback off?
2026-08-24T12:26:05 13.017 INF Loaded (local): buffs in 0.13
2026-08-24T12:26:05 13.061 INF [wasm] hello mod alive at tick 33300 (world 0)
2026-08-24T12:26:05 13.069 INF [wasm] hello mod alive at tick 33400 (world 0)
2026-08-24T12:26:05 13.074 INF Loaded (local): misc in 0.00
2026-08-24T12:26:05 13.082 INF [wasm] hello mod alive at tick 33500 (world 0)
2026-08-24T12:26:05 13.091 INF [wasm] hello mod alive at tick 33600 (world 0)
2026-08-24T12:26:05 13.101 INF [wasm] hello mod alive at tick 33700 (world 0)
2026-08-24T12:26:05 13.112 INF [wasm] hello mod alive at tick 33800 (world 0)
2026-08-24T12:26:05 13.123 INF [wasm] hello mod alive at tick 33900 (world 0)
WARNING: Shader Unsupported: '7DTD/TorchGlow' - All subshaders removed
WARNING: Shader Did you use #pragma only_renderers and omit this platform?
WARNING: Shader If subshaders removal was intentional, you may have forgotten turning Fallback off?
ERROR: Shader 7DTD/TorchGlow shader is not supported on this GPU (none of subshaders/fallbacks are suitable)
WARNING: Shader Unsupported: '7DTD/TorchGlow' - All subshaders removed
WARNING: Shader Did you use #pragma only_renderers and omit this platform?
WARNING: Shader If subshaders removal was intentional, you may have forgotten turning Fallback off?
2026-08-24T12:26:06 13.413 WRN Type:ItemClassWildChicken, Assembly-CSharp, Version=0.0.0.0, Culture=neutral, PublicKeyToken=null is missing the UnityEngine.Scripting.Preserve attribute, this will fail on consoles
WARNING: Shader Unsupported: 'Game Particles/Unlit' - All subshaders removed
WARNING: Shader Did you use #pragma only_renderers and omit this platform?
WARNING: Shader If subshaders removal was intentional, you may have forgotten turning Fallback off?
ERROR: Shader Game Particles/Unlit shader is not supported on this GPU (none of subshaders/fallbacks are suitable)
WARNING: Shader Unsupported: 'Game Particles/Unlit' - All subshaders removed
WARNING: Shader Did you use #pragma only_renderers and omit this platform?
WARNING: Shader If subshaders removal was intentional, you may have forgotten turning Fallback off?
2026-08-24T12:26:06 13.475 INF Loaded (local): items in 0.31
2026-08-24T12:26:06 13.479 INF [wasm] hello mod alive at tick 34000 (world 0)
2026-08-24T12:26:06 13.479 INF Chat (from '-non-player-', entity id '-1', to 'Global'): hello survivor from a wasm mod at tick 34000
ERROR: Shader Shader Forge/7DTD_Particle_Additive shader is not supported on this GPU (none of subshaders/fallbacks are suitable)
WARNING: Shader Unsupported: 'Game/Glass Reflex' - All subshaders removed
WARNING: Shader Did you use #pragma only_renderers and omit this platform?
WARNING: Shader If subshaders removal was intentional, you may have forgotten turning Fallback off?
ERROR: Shader Game/Glass Reflex shader is not supported on this GPU (none of subshaders/fallbacks are suitable)
WARNING: Shader Unsupported: 'Game/Glass Reflex' - All subshaders removed
WARNING: Shader Did you use #pragma only_renderers and omit this platform?
WARNING: Shader If subshaders removal was intentional, you may have forgotten turning Fallback off?
2026-08-24T12:26:06 13.516 INF Item IDs with mapping
2026-08-24T12:26:06 13.516 INF ItemIDs from Mapping
2026-08-24T12:26:06 13.519 INF ItemClass assignLeftOverItems 67056 of 81920
2026-08-24T12:26:06 13.582 INF Loaded (local): item_modifiers in 0.10
2026-08-24T12:26:06 13.587 INF [wasm] hello mod alive at tick 34100 (world 0)
2026-08-24T12:26:06 13.658 INF Loaded (local): entityclasses in 0.06
2026-08-24T12:26:06 13.661 INF Loaded (local): qualityinfo in 0.00
2026-08-24T12:26:06 13.663 INF [wasm] hello mod alive at tick 34200 (world 0)
2026-08-24T12:26:06 13.673 INF [wasm] hello mod alive at tick 34300 (world 0)
2026-08-24T12:26:06 13.685 INF [wasm] hello mod alive at tick 34400 (world 0)
2026-08-24T12:26:06 13.694 INF [wasm] hello mod alive at tick 34500 (world 0)
2026-08-24T12:26:06 13.751 INF Loaded (local): sounds in 0.03
2026-08-24T12:26:06 13.755 INF [wasm] hello mod alive at tick 34600 (world 0)
2026-08-24T12:26:06 13.788 INF Loaded (local): recipes in 0.03
2026-08-24T12:26:06 13.795 INF [wasm] hello mod alive at tick 34700 (world 0)
2026-08-24T12:26:06 13.808 INF Loaded (local): blockplaceholders in 0.01
2026-08-24T12:26:06 13.816 INF [wasm] hello mod alive at tick 34800 (world 0)
2026-08-24T12:26:06 13.877 INF Loaded (local): loot in 0.05
2026-08-24T12:26:06 13.883 INF [wasm] hello mod alive at tick 34900 (world 0)
2026-08-24T12:26:06 13.896 INF Chat (from '-non-player-', entity id '-1', to 'Global'): hello survivor from a wasm mod at tick 35000
2026-08-24T12:26:06 13.975 INF Loaded (local): entitygroups in 0.03
2026-08-24T12:26:06 13.979 INF Loaded (local): utilityai in 0.00
2026-08-24T12:26:06 13.982 INF Loaded (local): vehicles in 0.00
2026-08-24T12:26:06 13.985 INF Loaded (local): rwgmixer in 0.00
2026-08-24T12:26:06 13.986 INF Loaded (local): weathersurvival in 0.00
2026-08-24T12:26:06 13.988 INF Loaded (local): archetypes in 0.00
2026-08-24T12:26:06 14.002 INF Loaded (local): challenges in 0.01
2026-08-24T12:26:06 14.045 INF Loaded (local): quests in 0.04
2026-08-24T12:26:06 14.074 INF Loaded (local): traders in 0.01
2026-08-24T12:26:06 14.121 INF Loaded (local): npc in 0.01
2026-08-24T12:26:06 14.129 INF Loaded (local): dialogs in 0.01
2026-08-24T12:26:06 14.145 INF Loaded (local): ui_display in 0.01
2026-08-24T12:26:06 14.155 INF Loaded (local): nav_objects in 0.01
2026-08-24T12:26:06 14.177 INF Loaded (local): gamestages in 0.01
2026-08-24T12:26:06 14.186 INF Chat (from '-non-player-', entity id '-1', to 'Global'): hello survivor from a wasm mod at tick 36000
2026-08-24T12:26:07 14.323 INF Loaded (local): gameevents in 0.12
2026-08-24T12:26:07 14.329 INF [wasm] hello mod alive at tick 36100 (world 0)
2026-08-24T12:26:07 14.339 INF [wasm] hello mod alive at tick 36200 (world 0)
2026-08-24T12:26:07 14.367 INF Loaded (local): twitch in 0.02
2026-08-24T12:26:07 14.372 INF Loaded (local): twitch_events in 0.00
2026-08-24T12:26:07 14.392 INF Loaded (local): dmscontent in 0.02
2026-08-24T12:26:07 14.395 INF Loaded (local): XUi_Common/styles in 0.00
2026-08-24T12:26:07 14.402 INF Loaded (local): XUi_Common/templates in 0.00
2026-08-24T12:26:07 14.402 INF [wasm] hello mod alive at tick 36300 (world 0)
2026-08-24T12:26:07 14.402 INF Loaded (local): XUi_InGame/styles in 0.00
2026-08-24T12:26:07 14.411 INF Loaded (local): XUi_InGame/templates in 0.00
2026-08-24T12:26:07 14.416 INF [wasm] hello mod alive at tick 36400 (world 0)
2026-08-24T12:26:07 14.428 INF [wasm] hello mod alive at tick 36500 (world 0)
2026-08-24T12:26:07 14.438 INF Loaded (local): XUi_InGame/windows in 0.00
2026-08-24T12:26:07 14.439 INF Loaded (local): XUi_InGame/xui in 0.00
2026-08-24T12:26:07 14.455 INF Loaded (local): biomes in 0.01
2026-08-24T12:26:07 14.456 INF Loaded (local): worldglobal in 0.00
2026-08-24T12:26:07 14.465 INF Loaded (local): spawning in 0.01
2026-08-24T12:26:07 14.466 INF [wasm] hello mod alive at tick 36600 (world 0)
2026-08-24T12:26:07 14.466 INF Loaded (local): loadingscreen in 0.00
2026-08-24T12:26:07 14.476 INF Added 1336 subtitle data entries and 3 speaker colors
2026-08-24T12:26:07 14.476 INF Loaded (local): subtitles in 0.00
2026-08-24T12:26:07 14.477 INF Loaded (local): videos in 0.00
2026-08-24T12:26:07 14.480 INF [wasm] hello mod alive at tick 36700 (world 0)
2026-08-24T12:26:07 14.496 INF Loaded (local): signs in 0.01
2026-08-24T12:26:07 14.497 INF Loaded (local): sandbox_overrides in 0.00
2026-08-24T12:26:07 14.499 INF Loading players.xml
2026-08-24T12:26:07 14.505 INF createWorld: Navezgane, Navezgane (src: GameData, DeviceLocal), WasmAcceptance1, GameModeSurvival
2026-08-24T12:26:07 14.505 INF Occlusion: Disabled
2026-08-24T12:26:07 14.513 INF Started thread ChunkRegeneration
2026-08-24T12:26:07 14.513 INF Started thread ChunkCalc
2026-08-24T12:26:07 14.513 INF Started thread ChunkMeshBake
2026-08-24T12:26:07 14.519 INF World.Load: Navezgane Navezgane (src: GameData, DeviceLocal)
2026-08-24T12:26:07 14.520 INF Loading base world file header...
2026-08-24T12:26:07 14.522 INF Loaded world file from different version: 'V 4.0 (b8)'
2026-08-24T12:26:07 14.533 WRN Next Airdrop: 4 12:00
2026-08-24T12:26:07 14.533 INF BloodMoon SetDay: day 7, last day 0, freq 7, range 0
2026-08-24T12:26:07 14.537 WRN Next Airdrop: 4 12:00
2026-08-24T12:26:07 14.537 INF BloodMoon SetDay: day 7, last day 0, freq 7, range 0
2026-08-24T12:26:07 14.542 INF Started thread WaterSimulationApplyChanges
2026-08-24T12:26:10 18.129 INF Started thread GenerateChunks
2026-08-24T12:26:11 18.286 INF [wasm] hello mod alive at tick 36800 (world 7000)
2026-08-24T12:26:11 18.356 INF Calculating world hashes took 219 ms (world size 193 MiB)
2026-08-24T12:26:11 18.357 INF Initial ENABLE_FILE_BACKED_ARRAYS == False
2026-08-24T12:26:11 18.483 INF GenWorldFromRaw load dtm took 348ms
2026-08-24T12:26:11 18.533 INF Biomes image size w= 3072, h = 3072
2026-08-24T12:26:11 18.931 INF GenWorldFromRaw biomes took 448ms
Unloading 1 Unused Serialized files (Serialized files now loaded: 52)
Unloading 8830 unused Assets to reduce memory usage. Loaded Objects now: 191429.
Total: 387.904477 ms (FindLiveObjects: 9.519079 ms CreateObjectMapping: 8.329689 ms MarkObjects: 366.945157 ms  DeleteObjects: 3.109962 ms)

Texture with ID 2676 and with size 6144x6144 was too large for graphics device maximum supported texture size (4096x4096). Falling back to a dummy texture. Generate mip maps to provide lower size fallback.
Texture with ID 2677 and with size 6144x6144 was too large for graphics device maximum supported texture size (4096x4096). Falling back to a dummy texture. Generate mip maps to provide lower size fallback.
2026-08-24T12:26:12 19.888 INF GenWorldFromRaw shader control textures took 359ms
2026-08-24T12:26:12 20.070 INF Computed 506 chunk groups containing a total of 9722 chunks. Largest group contains 435 chunks.
2026-08-24T12:26:12 20.073 INF Started thread SaveChunks /root/.local/share/7DaysToDie/Saves/Navezgane/WasmAcceptance1/Region
2026-08-24T12:26:12 20.074 INF GenWorldFromRaw misc took 185ms
2026-08-24T12:26:13 20.407 INF GenWorldFromRaw splats took 332ms
Unloading 0 Unused Serialized files (Serialized files now loaded: 52)
Unloading 0 unused Assets to reduce memory usage. Loaded Objects now: 191433.
Total: 404.619991 ms (FindLiveObjects: 6.804890 ms CreateObjectMapping: 8.355448 ms MarkObjects: 389.173087 ms  DeleteObjects: 0.285766 ms)

2026-08-24T12:26:14 21.322 INF [DECO] read 
2026-08-24T12:26:14 21.322 INF DecoManager chunks
2026-08-24T12:26:14 21.756 INF Dynamic Music Initialized on Server
2026-08-24T12:26:14 21.756 INF Dynamic Music Initialized on Dedi
2026-08-24T12:26:14 21.757 INF AstarManager Init
WARNING: Shader Unsupported: '7DTD_Unity5/Wire' - All subshaders removed
WARNING: Shader Did you use #pragma only_renderers and omit this platform?
WARNING: Shader If subshaders removal was intentional, you may have forgotten turning Fallback off?
ERROR: Shader 7DTD_Unity5/Wire shader is not supported on this GPU (none of subshaders/fallbacks are suitable)
WARNING: Shader Unsupported: '7DTD_Unity5/Wire' - All subshaders removed
WARNING: Shader Did you use #pragma only_renderers and omit this platform?
WARNING: Shader If subshaders removal was intentional, you may have forgotten turning Fallback off?
Unrecognized thread niceness after calling setpriority. Target niceness is 0 and actual niceness is 10
WARNING: Shader Unsupported: 'Game Particles/surfaceShader_masked_Embers' - All subshaders removed
WARNING: Shader Did you use #pragma only_renderers and omit this platform?
WARNING: Shader If subshaders removal was intentional, you may have forgotten turning Fallback off?
ERROR: Shader Game Particles/surfaceShader_masked_Embers shader is not supported on this GPU (none of subshaders/fallbacks are suitable)
WARNING: Shader Unsupported: 'Game Particles/surfaceShader_masked_Embers' - All subshaders removed
WARNING: Shader Did you use #pragma only_renderers and omit this platform?
WARNING: Shader If subshaders removal was intentional, you may have forgotten turning Fallback off?
2026-08-24T12:26:14 21.910 INF createWorld() done
2026-08-24T12:26:14 21.912 INF Loaded player
2026-08-24T12:26:14 21.919 INF [LANMasterServerAnnouncer] listening on 11000 and multicast group 239.192.0.1
2026-08-24T12:26:14 21.919 INF [PlayerInteractions] JoinedMultplayerServer
Unloading 2 Unused Serialized files (Serialized files now loaded: 52)
Unloading 12 unused Assets to reduce memory usage. Loaded Objects now: 193475.
Total: 423.173671 ms (FindLiveObjects: 7.456792 ms CreateObjectMapping: 7.819052 ms MarkObjects: 407.715365 ms  DeleteObjects: 0.181761 ms)

dlopen failed trying to load:
steamclient.so
with error:
steamclient.so: cannot open shared object file: No such file or directory
[S_API] SteamAPI_Init(): Loaded '/root/.local/share/Steam/steamcmd/linux64/steamclient.so' OK.  (First tried local 'steamclient.so')
Shutdown handler: initialize.
08/24 12:26:15 minidumps folder is set to /tmp/dumps
Setting breakpad minidump AppID = 251570
SteamInternal_SetMinidumpSteamID:  Caching Steam ID:  76561197960265728 [API loaded no]
[S_API FAIL] Tried to access Steam interface SteamNetworkingUtils004 before SteamAPI_Init succeeded.
2026-08-24T12:26:15 22.653 INF [Steamworks.NET] Registering auth callbacks
2026-08-24T12:26:15 22.655 INF Localization language from platform: english
2026-08-24T12:26:15 22.655 INF [Steamworks.NET] GameServer.Init successful
2026-08-24T12:26:15 22.672 INF [Steamworks.NET] Making server public
2026-08-24T12:26:15 22.683 WRN Next Airdrop: 4 12:00
2026-08-24T12:26:15 22.690 INF Loading dymesh settings
2026-08-24T12:26:15 22.690 INF Dynamic Mesh Settings
2026-08-24T12:26:15 22.690 INF Use Imposter Values: False
2026-08-24T12:26:15 22.690 INF Only Player Areas: True
2026-08-24T12:26:15 22.690 INF Player Area Buffer: 3
2026-08-24T12:26:15 22.690 INF Max View Distance: 1000
2026-08-24T12:26:15 22.690 INF Regen all on new world: False
2026-08-24T12:26:15 22.692 INF Dymesh: Prepping dynamic mesh. Resend Default: True
2026-08-24T12:26:15 22.692 INF Dymesh: Mesh location: /root/.local/share/7DaysToDie/Saves/Navezgane/WasmAcceptance1/DynamicMeshes/
2026-08-24T12:26:15 22.694 INF [Web] Webserver not started, WebDashboardEnabled set to false
2026-08-24T12:26:15 22.695 INF StartGame done
2026-08-24T12:26:15 23.248 INF [Steamworks.NET] GameServer.LogOn successful, SteamID=90291509469567006, public IP=11*.18*.19*.23*
2026-08-24T12:26:15 23.259 INF [Discord] Global lobby: 118.189.191.239_C964F48E7C9DF040B9E20DF537D48204
2026-08-24T12:26:16 23.447 INF [wasm] hello mod alive at tick 36900 (world 7000)
2026-08-24T12:26:16 23.697 INF Dymesh: Warming dynamic mesh
2026-08-24T12:26:16 23.697 INF Dymesh: Creating dynamic mesh manager
2026-08-24T12:26:16 23.699 INF Dymesh: Awake
2026-08-24T12:26:16 23.699 INF Dymesh: Mesh location: /root/.local/share/7DaysToDie/Saves/Navezgane/WasmAcceptance1/DynamicMeshes/
2026-08-24T12:26:16 23.700 INF Dymesh: Loading Items: /root/.local/share/7DaysToDie/Saves/Navezgane/WasmAcceptance1/DynamicMeshes/
2026-08-24T12:26:16 23.701 INF Dymesh: Loaded Items: 0
2026-08-24T12:26:16 23.702 INF Dymesh: Loading all items took: 0.001769 seconds.
2026-08-24T12:26:16 23.704 INF Clearing queues.
2026-08-24T12:26:16 23.704 INF Cleared queues.
2026-08-24T12:26:16 23.705 INF Dynamic thread starting
2026-08-24T12:26:16 23.706 INF Dymesh door replacement: imposterBlock
2026-08-24T12:26:21 28.447 INF [wasm] hello mod alive at tick 37000 (world 7000)
2026-08-24T12:26:21 28.448 INF Chat (from '-non-player-', entity id '-1', to 'Global'): hello survivor from a wasm mod at tick 37000
2026-08-24T12:26:26 33.448 INF [wasm] hello mod alive at tick 37100 (world 7000)
2026-08-24T12:26:31 38.447 INF [wasm] hello mod alive at tick 37200 (world 7000)
2026-08-24T12:26:36 43.448 INF [wasm] hello mod alive at tick 37300 (world 7000)
2026-08-24T12:26:41 48.448 INF [wasm] hello mod alive at tick 37400 (world 7000)
2026-08-24T12:26:46 53.448 INF [wasm] hello mod alive at tick 37500 (world 7000)
2026-08-24T12:26:51 58.448 INF [wasm] hello mod alive at tick 37600 (world 7000)
2026-08-24T12:26:56 63.449 INF [wasm] hello mod alive at tick 37700 (world 7000)
2026-08-24T12:26:59 67.247 INF NET: LiteNetLib: Connect from: 172.17.0.1:45540 / 0
2026-08-24T12:26:59 67.249 INF Started thread NCS_Reader_0_0
2026-08-24T12:26:59 67.249 INF Started thread NCS_Writer_0_0
2026-08-24T12:26:59 67.249 INF Started thread NCS_Reader_0_1
2026-08-24T12:26:59 67.249 INF Started thread NCS_Writer_0_1
2026-08-24T12:26:59 67.253 INF [NET] PlayerConnected EntityID=-1, PltfmId='Local_<none>', CrossId='<unknown/none>', OwnerID='<unknown/none>', PlayerName='', ClientNumber='1'
2026-08-24T12:27:00 67.277 INF NPPL.Read
2026-08-24T12:27:00 67.300 INF PlayerLogin: maci1/V 3.1.0
2026-08-24T12:27:00 67.300 INF Client IP: 172.17.0.1
2026-08-24T12:27:00 67.300 INF [Auth] PlayerName authorization successful: EntityID=-1, PltfmId='Local_maci1', CrossId='Local_maci1', OwnerID='<unknown/none>', PlayerName='maci1', ClientNumber='1'
2026-08-24T12:27:00 67.301 INF [Auth] ServerState authorization successful: EntityID=-1, PltfmId='Local_maci1', CrossId='Local_maci1', OwnerID='<unknown/none>', PlayerName='maci1', ClientNumber='1'
2026-08-24T12:27:00 67.301 INF [Auth] MpHostAllowed authorization successful: EntityID=-1, PltfmId='Local_maci1', CrossId='Local_maci1', OwnerID='<unknown/none>', PlayerName='maci1', ClientNumber='1'
2026-08-24T12:27:00 67.301 INF [Auth] PlayerId authorization successful: EntityID=-1, PltfmId='Local_maci1', CrossId='Local_maci1', OwnerID='<unknown/none>', PlayerName='maci1', ClientNumber='1'
2026-08-24T12:27:00 67.301 INF [Auth] DuplicateUserId authorization successful: EntityID=-1, PltfmId='Local_maci1', CrossId='Local_maci1', OwnerID='<unknown/none>', PlayerName='maci1', ClientNumber='1'
2026-08-24T12:27:00 67.301 INF [Auth] VersionCheck authorization successful: EntityID=-1, PltfmId='Local_maci1', CrossId='Local_maci1', OwnerID='<unknown/none>', PlayerName='maci1', ClientNumber='1'
2026-08-24T12:27:00 67.302 INF [Auth] PlayerSlots authorization successful: EntityID=-1, PltfmId='Local_maci1', CrossId='Local_maci1', OwnerID='<unknown/none>', PlayerName='maci1', ClientNumber='1'
2026-08-24T12:27:00 67.302 INF [Auth] PlayerSlots authorization successful: EntityID=-1, PltfmId='Local_maci1', CrossId='Local_maci1', OwnerID='<unknown/none>', PlayerName='maci1', ClientNumber='1'
2026-08-24T12:27:00 67.302 INF [Auth] LegacyModAuthorizations authorization successful: EntityID=-1, PltfmId='Local_maci1', CrossId='Local_maci1', OwnerID='<unknown/none>', PlayerName='maci1', ClientNumber='1'
2026-08-24T12:27:00 67.302 INF [Auth] PlatformAuth authorization successful: EntityID=-1, PltfmId='Local_maci1', CrossId='Local_maci1', OwnerID='<unknown/none>', PlayerName='maci1', ClientNumber='1'
2026-08-24T12:27:00 67.303 INF [Auth] BansAndWhitelist authorization successful: EntityID=-1, PltfmId='Local_maci1', CrossId='Local_maci1', OwnerID='<unknown/none>', PlayerName='maci1', ClientNumber='1'
2026-08-24T12:27:00 67.303 INF [Auth] Crossplay authorization successful: EntityID=-1, PltfmId='Local_maci1', CrossId='Local_maci1', OwnerID='<unknown/none>', PlayerName='maci1', ClientNumber='1'
2026-08-24T12:27:00 67.304 INF [EncryptionAgreement] Unsupported client device Unknown
2026-08-24T12:27:00 67.304 INF [Auth] Encryption authorization successful: EntityID=-1, PltfmId='Local_maci1', CrossId='Local_maci1', OwnerID='<unknown/none>', PlayerName='maci1', ClientNumber='1'
2026-08-24T12:27:00 67.349 INF [Auth] Finalizer authorization successful: EntityID=-1, PltfmId='Local_maci1', CrossId='Local_maci1', OwnerID='<unknown/none>', PlayerName='maci1', ClientNumber='1'
2026-08-24T12:27:00 67.351 INF Allowing player with id Local_maci1
2026-08-24T12:27:00 67.400 INF RequestToEnterGame: Local_maci1/maci1
2026-08-24T12:27:00 67.451 INF Preparing Localization chunks for clients
2026-08-24T12:27:00 67.451 INF Localization size: 151 B, chunk count: 1
2026-08-24T12:27:00 67.451 INF Starting to send Localization to EntityID=-1, PltfmId='Local_maci1', CrossId='Local_maci1', OwnerID='<unknown/none>', PlayerName='maci1', ClientNumber='1'...
2026-08-24T12:27:00 67.750 INF Sending Localization to EntityID=-1, PltfmId='Local_maci1', CrossId='Local_maci1', OwnerID='<unknown/none>', PlayerName='maci1', ClientNumber='1' done
2026-08-24T12:27:00 68.102 INF RequestToSpawnPlayer: 171, maci1, 5
Unrecognized thread niceness after calling setpriority. Target niceness is 0 and actual niceness is 10
2026-08-24T12:27:00 68.228 INF Created player with id=171
2026-08-24T12:27:00 68.244 INF [PlayerInteractions] persistent player login
2026-08-24T12:27:00 68.245 INF [WasmHost] player spawned: maci1
2026-08-24T12:27:00 68.267 INF Telnet connection from: 172.17.0.1:40872
2026-08-24T12:27:00 68.267 INF Started thread TelnetClient_172.17.0.1:40872
2026-08-24T12:27:00 68.269 INF [DECO] written 75856, in 16ms
2026-08-24T12:27:00 68.270 INF [DECO] write thread 0ms
2026-08-24T12:27:01 68.585 INF [wasm] hello mod alive at tick 37800 (world 7003)
2026-08-24T12:27:06 73.583 INF [wasm] hello mod alive at tick 37900 (world 7033)
2026-08-24T12:27:07 74.797 EXC Object reference not set to an instance of an object
  at NetPackageMinEventFire.write (PooledBinaryWriter _bw) [0x00041] in <45dc491acd8a4242bd87a82d58eff30d>:0 
  at NetConnectionSimple.WriteToStream (System.Int32 streamIndex, System.Int32 packageIndex, System.Int32& packagesToSend, NetPackage& package, PooledBinaryWriter& writer, System.IO.MemoryStream& stream) [0x0007f] in <45dc491acd8a4242bd87a82d58eff30d>:0 
UnityEngine.StackTraceUtility:ExtractStringFromException(Object)
Log:Exception(Exception)
NetConnectionSimple:WriteToStream(Int32, Int32, Int32&, NetPackage&, PooledBinaryWriter&, MemoryStream&)
NetConnectionSimple:taskSerialize(ThreadInfo)
ThreadManager:myThreadInvoke(Object)
System.Threading.ThreadHelper:ThreadStart_Context(Object)
System.Threading.ExecutionContext:RunInternal(ExecutionContext, ContextCallback, Object, Boolean)
System.Threading.ExecutionContext:Run(ExecutionContext, ContextCallback, Object, Boolean)
System.Threading.ExecutionContext:Run(ExecutionContext, ContextCallback, Object)
System.Threading.ThreadHelper:ThreadStart(Object)

2026-08-24T12:27:07 74.798 WRN Failed writing first package: NetPackageMinEventFire of size 32. 1 remaining packages in queue.
2026-08-24T12:27:07 74.840 EXC Object reference not set to an instance of an object
  at NetPackageMinEventFire.write (PooledBinaryWriter _bw) [0x00041] in <45dc491acd8a4242bd87a82d58eff30d>:0 
  at NetConnectionSimple.WriteToStream (System.Int32 streamIndex, System.Int32 packageIndex, System.Int32& packagesToSend, NetPackage& package, PooledBinaryWriter& writer, System.IO.MemoryStream& stream) [0x0007f] in <45dc491acd8a4242bd87a82d58eff30d>:0 
UnityEngine.StackTraceUtility:ExtractStringFromException(Object)
Log:Exception(Exception)
NetConnectionSimple:WriteToStream(Int32, Int32, Int32&, NetPackage&, PooledBinaryWriter&, MemoryStream&)
NetConnectionSimple:taskSerialize(ThreadInfo)
ThreadManager:myThreadInvoke(Object)
System.Threading.ThreadHelper:ThreadStart_Context(Object)
System.Threading.ExecutionContext:RunInternal(ExecutionContext, ContextCallback, Object, Boolean)
System.Threading.ExecutionContext:Run(ExecutionContext, ContextCallback, Object, Boolean)
System.Threading.ExecutionContext:Run(ExecutionContext, ContextCallback, Object)
System.Threading.ThreadHelper:ThreadStart(Object)

2026-08-24T12:27:07 74.840 WRN Failed writing first package: NetPackageMinEventFire of size 32. 1 remaining packages in queue.
2026-08-24T12:27:07 74.864 ERR IOException in TelnetClient_172.17.0.1:40872: Unable to write data to the transport connection: The socket has been shut down.
2026-08-24T12:27:07 74.864 EXC Unable to write data to the transport connection: The socket has been shut down. ---> The socket has been shut down

Rethrow as IOException: Unable to write data to the transport connection: The socket has been shut down.
  at System.Net.Sockets.NetworkStream.Write (System.ReadOnlySpan`1[T] source) [0x0007d] in <b6d85684387445d1bc2505c6de8fed9f>:0 
  at System.Net.Sockets.NetworkStream.WriteByte (System.Byte value) [0x0000a] in <b6d85684387445d1bc2505c6de8fed9f>:0 
  at TelnetConnection.handleWriting () [0x00014] in <45dc491acd8a4242bd87a82d58eff30d>:0 
  at TelnetConnection.HandlerThread (ThreadManager+ThreadInfo _tInfo) [0x00022] in <45dc491acd8a4242bd87a82d58eff30d>:0 
UnityEngine.StackTraceUtility:ExtractStringFromException(Object)
Log:Exception(Exception)
TelnetConnection:HandlerThread(ThreadInfo)
ThreadManager:myThreadInvoke(Object)
System.Threading.QueueUserWorkItemCallback:System.Threading.IThreadPoolWorkItem.ExecuteWorkItem()
System.Threading.ThreadPoolWorkQueue:Dispatch()
System.Threading._ThreadPoolWaitCallback:PerformWaitCallback()

2026-08-24T12:27:07 74.864 INF Telnet connection closed: 172.17.0.1:40872
2026-08-24T12:27:07 74.864 INF Exited thread TelnetClient_172.17.0.1:40872
2026-08-24T12:27:07 75.197 INF Telnet connection from: 172.17.0.1:46968
2026-08-24T12:27:07 75.197 INF Started thread TelnetClient_172.17.0.1:46968
2026-08-24T12:27:10 77.586 EXC Object reference not set to an instance of an object
  at NetPackageMinEventFire.write (PooledBinaryWriter _bw) [0x00041] in <45dc491acd8a4242bd87a82d58eff30d>:0 
  at NetConnectionSimple.WriteToStream (System.Int32 streamIndex, System.Int32 packageIndex, System.Int32& packagesToSend, NetPackage& package, PooledBinaryWriter& writer, System.IO.MemoryStream& stream) [0x0007f] in <45dc491acd8a4242bd87a82d58eff30d>:0 
UnityEngine.StackTraceUtility:ExtractStringFromException(Object)
Log:Exception(Exception)
NetConnectionSimple:WriteToStream(Int32, Int32, Int32&, NetPackage&, PooledBinaryWriter&, MemoryStream&)
NetConnectionSimple:taskSerialize(ThreadInfo)
ThreadManager:myThreadInvoke(Object)
System.Threading.ThreadHelper:ThreadStart_Context(Object)
System.Threading.ExecutionContext:RunInternal(ExecutionContext, ContextCallback, Object, Boolean)
System.Threading.ExecutionContext:Run(ExecutionContext, ContextCallback, Object, Boolean)
System.Threading.ExecutionContext:Run(ExecutionContext, ContextCallback, Object)
System.Threading.ThreadHelper:ThreadStart(Object)

2026-08-24T12:27:10 77.586 WRN Failed writing first package: NetPackageMinEventFire of size 32. 1 remaining packages in queue.
2026-08-24T12:27:11 78.582 INF [wasm] hello mod alive at tick 38000 (world 7062)
2026-08-24T12:27:11 78.582 INF Chat (from '-non-player-', entity id '-1', to 'Global'): hello survivor from a wasm mod at tick 38000
2026-08-24T12:27:15 82.734 INF Time: 1.33m FPS: 20.00 Heap: 1482.1MB Max: 1482.1MB Chunks: 194 CGO: 9 Ply: 1 Zom: 0 Ent: 1 (59) Items: 0 CO: 1 RSS: 2080.6MB
2026-08-24T12:27:16 83.582 INF [wasm] hello mod alive at tick 38100 (world 7092)
2026-08-24T12:27:21 88.583 INF [wasm] hello mod alive at tick 38200 (world 7122)
2026-08-24T12:27:26 93.583 INF [wasm] hello mod alive at tick 38300 (world 7152)
2026-08-24T12:27:29 97.108 INF Telnet connection from: 172.17.0.1:48308
2026-08-24T12:27:29 97.108 INF Started thread TelnetClient_172.17.0.1:48308
2026-08-24T12:27:31 98.583 INF [wasm] hello mod alive at tick 38400 (world 7182)
2026-08-24T12:27:36 103.584 INF [wasm] hello mod alive at tick 38500 (world 7212)
2026-08-24T12:27:36 103.591 ERR IOException in TelnetClient_172.17.0.1:46968: Unable to write data to the transport connection: The socket has been shut down.
2026-08-24T12:27:36 103.591 EXC Unable to write data to the transport connection: The socket has been shut down. ---> The socket has been shut down

Rethrow as IOException: Unable to write data to the transport connection: The socket has been shut down.
  at System.Net.Sockets.NetworkStream.Write (System.ReadOnlySpan`1[T] source) [0x0007d] in <b6d85684387445d1bc2505c6de8fed9f>:0 
  at System.Net.Sockets.NetworkStream.WriteByte (System.Byte value) [0x0000a] in <b6d85684387445d1bc2505c6de8fed9f>:0 
  at TelnetConnection.handleWriting () [0x00014] in <45dc491acd8a4242bd87a82d58eff30d>:0 
  at TelnetConnection.HandlerThread (ThreadManager+ThreadInfo _tInfo) [0x00022] in <45dc491acd8a4242bd87a82d58eff30d>:0 
UnityEngine.StackTraceUtility:ExtractStringFromException(Object)
Log:Exception(Exception)
TelnetConnection:HandlerThread(ThreadInfo)
ThreadManager:myThreadInvoke(Object)
System.Threading.QueueUserWorkItemCallback:System.Threading.IThreadPoolWorkItem.ExecuteWorkItem()
System.Threading.ThreadPoolWorkQueue:Dispatch()
System.Threading._ThreadPoolWaitCallback:PerformWaitCallback()

2026-08-24T12:27:36 103.591 INF Telnet connection closed: 172.17.0.1:46968
2026-08-24T12:27:36 103.591 INF Exited thread TelnetClient_172.17.0.1:46968
2026-08-24T12:27:41 108.584 INF [wasm] hello mod alive at tick 38600 (world 7242)
2026-08-24T12:27:45 112.734 INF Time: 1.83m FPS: 20.00 Heap: 1488.4MB Max: 1488.4MB Chunks: 194 CGO: 9 Ply: 1 Zom: 0 Ent: 1 (59) Items: 0 CO: 1 RSS: 2064.6MB
2026-08-24T12:27:46 113.584 INF [wasm] hello mod alive at tick 38700 (world 7272)
2026-08-24T12:27:51 118.585 INF [wasm] hello mod alive at tick 38800 (world 7302)
2026-08-24T12:27:51 119.011 INF Telnet connection from: 172.17.0.1:44166
2026-08-24T12:27:51 119.011 INF Started thread TelnetClient_172.17.0.1:44166
2026-08-24T12:27:56 123.584 INF [wasm] hello mod alive at tick 38900 (world 7332)
2026-08-24T12:28:00 128.169 INF [DECO] written 75865, in 34ms
2026-08-24T12:28:00 128.172 INF [DECO] write thread 2ms
2026-08-24T12:28:00 128.184 ERR IOException in TelnetClient_172.17.0.1:48308: Unable to write data to the transport connection: The socket has been shut down.
2026-08-24T12:28:00 128.185 EXC Unable to write data to the transport connection: The socket has been shut down. ---> The socket has been shut down

Rethrow as IOException: Unable to write data to the transport connection: The socket has been shut down.
  at System.Net.Sockets.NetworkStream.Write (System.ReadOnlySpan`1[T] source) [0x0007d] in <b6d85684387445d1bc2505c6de8fed9f>:0 
  at System.Net.Sockets.NetworkStream.WriteByte (System.Byte value) [0x0000a] in <b6d85684387445d1bc2505c6de8fed9f>:0 
  at TelnetConnection.handleWriting () [0x00014] in <45dc491acd8a4242bd87a82d58eff30d>:0 
  at TelnetConnection.HandlerThread (ThreadManager+ThreadInfo _tInfo) [0x00022] in <45dc491acd8a4242bd87a82d58eff30d>:0 
UnityEngine.StackTraceUtility:ExtractStringFromException(Object)
Log:Exception(Exception)
TelnetConnection:HandlerThread(ThreadInfo)
ThreadManager:myThreadInvoke(Object)
System.Threading.QueueUserWorkItemCallback:System.Threading.IThreadPoolWorkItem.ExecuteWorkItem()
System.Threading.ThreadPoolWorkQueue:Dispatch()
System.Threading._ThreadPoolWaitCallback:PerformWaitCallback()

2026-08-24T12:28:00 128.185 INF Telnet connection closed: 172.17.0.1:48308
2026-08-24T12:28:00 128.185 INF Exited thread TelnetClient_172.17.0.1:48308
2026-08-24T12:28:01 128.586 INF [wasm] hello mod alive at tick 39000 (world 7362)
2026-08-24T12:28:01 128.587 INF Chat (from '-non-player-', entity id '-1', to 'Global'): hello survivor from a wasm mod at tick 39000
2026-08-24T12:28:06 133.585 INF [wasm] hello mod alive at tick 39100 (world 7391)
2026-08-24T12:28:11 138.587 INF [wasm] hello mod alive at tick 39200 (world 7421)
2026-08-24T12:28:13 140.915 INF Telnet connection from: 172.17.0.1:54540
2026-08-24T12:28:13 140.915 INF Started thread TelnetClient_172.17.0.1:54540
2026-08-24T12:28:15 143.085 INF Time: 2.34m FPS: 20.00 Heap: 1486.8MB Max: 1488.4MB Chunks: 194 CGO: 9 Ply: 1 Zom: 0 Ent: 1 (1) Items: 0 CO: 1 RSS: 1699.4MB
2026-08-24T12:28:16 143.935 INF [wasm] hello mod alive at tick 39300 (world 7453)
2026-08-24T12:28:16 143.957 ERR IOException in TelnetClient_172.17.0.1:44166: Unable to write data to the transport connection: The socket has been shut down.
2026-08-24T12:28:16 143.958 EXC Unable to write data to the transport connection: The socket has been shut down. ---> The socket has been shut down

Rethrow as IOException: Unable to write data to the transport connection: The socket has been shut down.
  at System.Net.Sockets.NetworkStream.Write (System.ReadOnlySpan`1[T] source) [0x0007d] in <b6d85684387445d1bc2505c6de8fed9f>:0 
  at System.Net.Sockets.NetworkStream.WriteByte (System.Byte value) [0x0000a] in <b6d85684387445d1bc2505c6de8fed9f>:0 
  at TelnetConnection.handleWriting () [0x00014] in <45dc491acd8a4242bd87a82d58eff30d>:0 
  at TelnetConnection.HandlerThread (ThreadManager+ThreadInfo _tInfo) [0x00022] in <45dc491acd8a4242bd87a82d58eff30d>:0 
UnityEngine.StackTraceUtility:ExtractStringFromException(Object)
Log:Exception(Exception)
TelnetConnection:HandlerThread(ThreadInfo)
ThreadManager:myThreadInvoke(Object)
System.Threading.QueueUserWorkItemCallback:System.Threading.IThreadPoolWorkItem.ExecuteWorkItem()
System.Threading.ThreadPoolWorkQueue:Dispatch()
System.Threading._ThreadPoolWaitCallback:PerformWaitCallback()

2026-08-24T12:28:16 143.958 INF Telnet connection closed: 172.17.0.1:44166
2026-08-24T12:28:16 143.958 INF Exited thread TelnetClient_172.17.0.1:44166
2026-08-24T12:28:21 148.935 INF [wasm] hello mod alive at tick 39400 (world 7483)
2026-08-24T12:28:26 153.936 INF [wasm] hello mod alive at tick 39500 (world 7513)
2026-08-24T12:28:31 158.935 INF [wasm] hello mod alive at tick 39600 (world 7543)
2026-08-24T12:28:31 159.231 INF NET: LiteNetLib: Client disconnect from: 172.17.0.1:45540 / 0 (RemoteConnectionClose)
2026-08-24T12:28:31 159.235 INF NET: LiteNetLib: MT: Client disconnect from: 172.17.0.1:45540 / 0 (RemoteConnectionClose)
2026-08-24T12:28:31 159.235 INF [NET] PlayerDisconnected EntityID=171, PltfmId='Local_maci1', CrossId='Local_maci1', OwnerID='<unknown/none>', PlayerName='maci1', ClientNumber='1'
2026-08-24T12:28:31 159.236 INF DynamicMusic: 171 successfully removed from Bloodmoon state cache
2026-08-24T12:28:31 159.236 INF Client disconnected from dy mesh: Id: 171 Total: 0
2026-08-24T12:28:31 159.237 INF Player disconnected: EntityID=171, PltfmId='Local_maci1', CrossId='Local_maci1', OwnerID='<unknown/none>', PlayerName='maci1', ClientNumber='1'
2026-08-24T12:28:31 159.237 INF Exited thread NCS_Writer_0_0
2026-08-24T12:28:31 159.237 INF Exited thread NCS_Reader_0_0
2026-08-24T12:28:31 159.237 INF Exited thread NCS_Writer_0_1
2026-08-24T12:28:31 159.237 INF Exited thread NCS_Reader_0_1
2026-08-24T12:28:31 159.239 INF GMSG: Player 'maci1' left the game
2026-08-24T12:28:31 159.241 INF [PlayerInteractions] persistent player disconnect
2026-08-24T12:28:36 163.934 INF [wasm] hello mod alive at tick 39700 (world 7544)
2026-08-24T12:28:39 167.184 INF Clearing all pools
2026-08-24T12:28:41 168.934 INF [wasm] hello mod alive at tick 39800 (world 7544)
2026-08-24T12:28:41 168.939 ERR IOException in TelnetClient_172.17.0.1:54540: Unable to write data to the transport connection: The socket has been shut down.
2026-08-24T12:28:41 168.939 EXC Unable to write data to the transport connection: The socket has been shut down. ---> The socket has been shut down

Rethrow as IOException: Unable to write data to the transport connection: The socket has been shut down.
  at System.Net.Sockets.NetworkStream.Write (System.ReadOnlySpan`1[T] source) [0x0007d] in <b6d85684387445d1bc2505c6de8fed9f>:0 
  at System.Net.Sockets.NetworkStream.WriteByte (System.Byte value) [0x0000a] in <b6d85684387445d1bc2505c6de8fed9f>:0 
  at TelnetConnection.handleWriting () [0x00014] in <45dc491acd8a4242bd87a82d58eff30d>:0 
  at TelnetConnection.HandlerThread (ThreadManager+ThreadInfo _tInfo) [0x00022] in <45dc491acd8a4242bd87a82d58eff30d>:0 
UnityEngine.StackTraceUtility:ExtractStringFromException(Object)
Log:Exception(Exception)
TelnetConnection:HandlerThread(ThreadInfo)
ThreadManager:myThreadInvoke(Object)
System.Threading.QueueUserWorkItemCallback:System.Threading.IThreadPoolWorkItem.ExecuteWorkItem()
System.Threading.ThreadPoolWorkQueue:Dispatch()
System.Threading._ThreadPoolWaitCallback:PerformWaitCallback()

2026-08-24T12:28:41 168.939 INF Telnet connection closed: 172.17.0.1:54540
2026-08-24T12:28:41 168.939 INF Exited thread TelnetClient_172.17.0.1:54540
