Mono path[0] = '/game/7DaysToDieServer_Data/Managed'
Mono config path = '/game/7DaysToDieServer_Data/MonoBleedingEdge/etc'
Preloaded 'libEOSSDK-Linux-Shipping.so'
Preloaded 'libMagick.so'
Preloaded 'lib_burst_generated.so'
Preloaded 'libgetrss.so'
Preloaded 'libsteam_api.so'
Preloaded 'steamclient.so'
Unable to preload the following plugins:
	libEOSSDK-LinuxArm64-Shipping.so
	libMouseLib.so
	libdiscord_partner_sdk.so
Input System module state changed to: Initialized.
[PhysX] Initialized MultithreadedTaskDispatcher with 32 workers.
Loading player data from /game/7DaysToDieServer_Data/data.unity3d
PlayerPrefs - Creating folder: /root/.config/unity3d/The Fun Pimps
PlayerPrefs - Creating folder: /root/.config/unity3d/The Fun Pimps/7 Days To Die - Dedicated
Unable to load player prefs
Initialize engine version: 2022.3.62f2 (7670c08855a9)
[Subsystems] Discovering subsystems at path /game/7DaysToDieServer_Data/UnitySubsystems
Forcing GfxDevice: Null
GfxDevice: creating device client; threaded=0; jobified=0
NullGfxDevice:
    Version:  NULL 1.0 [1.0]
    Renderer: Null Device
    Vendor:   Unity Technologies
Begin MonoManager ReloadAssembly
- Loaded All Assemblies, in  0.110 seconds
- Finished resetting the current domain, in  0.001 seconds
ERROR: Shader Hidden/LandClaimBoundary shader is not supported on this GPU (none of subshaders/fallbacks are suitable)
ERROR: Shader Sprites/Default shader is not supported on this GPU (none of subshaders/fallbacks are suitable)
ERROR: Shader Sprites/Mask shader is not supported on this GPU (none of subshaders/fallbacks are suitable)
ERROR: Shader Legacy Shaders/VertexLit shader is not supported on this GPU (none of subshaders/fallbacks are suitable)
ERROR: Shader GUI/Text Shader shader is not supported on this GPU (none of subshaders/fallbacks are suitable)
WARNING: Shader Unsupported: 'Legacy Shaders/Diffuse' - All subshaders removed
WARNING: Shader Did you use #pragma only_renderers and omit this platform?
WARNING: Shader If subshaders removal was intentional, you may have forgotten turning Fallback off?
ERROR: Shader Legacy Shaders/Diffuse shader is not supported on this GPU (none of subshaders/fallbacks are suitable)
WARNING: Shader Unsupported: 'Legacy Shaders/Diffuse' - All subshaders removed
WARNING: Shader Did you use #pragma only_renderers and omit this platform?
WARNING: Shader If subshaders removal was intentional, you may have forgotten turning Fallback off?
WARNING: Shader Unsupported: 'Game/Cube_UI_Glow' - All subshaders removed
WARNING: Shader Did you use #pragma only_renderers and omit this platform?
WARNING: Shader If subshaders removal was intentional, you may have forgotten turning Fallback off?
ERROR: Shader Game/Cube_UI_Glow shader is not supported on this GPU (none of subshaders/fallbacks are suitable)
WARNING: Shader Unsupported: 'Game/Cube_UI_Glow' - All subshaders removed
WARNING: Shader Did you use #pragma only_renderers and omit this platform?
WARNING: Shader If subshaders removal was intentional, you may have forgotten turning Fallback off?
ERROR: Shader Unlit/Transparent Colored shader is not supported on this GPU (none of subshaders/fallbacks are suitable)
The referenced script on this Behaviour (Game Object 'BlockProcessor') is missing!
[PhysX] Initialized MultithreadedTaskDispatcher with 32 workers.
UnloadTime: 0.519133 ms
2026-08-24T14:16:57 0.000 INF Version: V 3.1.0 (b14) Compatibility Version: V 3.1.0, Build: LinuxServer 64 Bit


2026-08-24T14:16:57 0.030 WRN The open files limit is too low (2048) and may cause crashes. Recommended is at least 10240. Follow these steps to increment it:
- Open /etc/security/limits.conf with a text editor: 'sudo editor /etc/security/limits.conf'
- Add or update the line: 'root soft nofile 10240'
- Save the file and exit the editor
- Apply the changes: Log out and back in or restart the system


2026-08-24T14:16:57 0.031 INF System information:
2026-08-24T14:16:57 0.031 INF    OS: Linux 7.1 Ubuntu 26.04 64bit
2026-08-24T14:16:57 0.032 INF    CPU: AMD Ryzen 9 9950X 16-Core Processor (cores: 32)
2026-08-24T14:16:57 0.032 INF    RAM: 126412 MB
2026-08-24T14:16:57 0.032 INF    GPU: Null Device (128 MB)
2026-08-24T14:16:57 0.035 INF    Graphics API: NULL 1.0 [1.0] (shader level 3.0)
2026-08-24T14:16:57 0.036 INF Local UTC offset: 0 hours
2026-08-24T14:16:57 0.056 INF Command line arguments: /game/7DaysToDieServer.x86_64 -logfile /logs/server.log -quit -batchmode -nographics -dedicated -configfile=/game/serverconfig.xml
2026-08-24T14:16:57 0.059 INF Parsing server configfile: /game/serverconfig.xml
2026-08-24T14:16:57 0.082 INF Parsing server configfile successfully completed
2026-08-24T14:16:57 0.084 INF Overriding default user data path to /root/.local/share/7DaysToDie
2026-08-24T14:16:57 0.089 INF [Platform] Init
2026-08-24T14:16:57 0.136 INF [Platform] Using native platform: Steam
2026-08-24T14:16:57 0.137 INF [Platform] Using server platform: Steam
2026-08-24T14:16:57 0.137 INF [Platform] Using server platform: LAN
2026-08-24T14:16:57 0.137 INF [Platform] Using server platform: Local
2026-08-24T14:16:57 0.140 INF Starting PlayerInputManager...
2026-08-24T14:16:57 0.141 INF InControl (version 1.8.9 build 9376, native module = False, XInput = False)
2026-08-24T14:16:57 0.144 INF InControl (version 1.8.9 build 9376)
2026-08-24T14:16:57 0.239 INF UnityInputDeviceManager enabled.
2026-08-24T14:16:57 0.251 INF [Platform] Initializing Steam
2026-08-24T14:16:57 0.257 INF [Platform] Initializing LAN
2026-08-24T14:16:57 0.257 INF [Platform] Initializing Local
2026-08-24T14:16:57 0.271 INF [SaveDataUtils] InitStatic Begin
2026-08-24T14:16:57 0.276 INF [SaveDataUtils] UserGameDataDir: /root/.local/share/7DaysToDie
2026-08-24T14:16:57 0.276 INF [SaveDataUtils] SdPlayerPrefs -> Unity
2026-08-24T14:16:57 0.276 INF [SaveDataUtils] InitStatic Complete
2026-08-24T14:16:57 0.304 INF Last played version: V 3.1.0
2026-08-24T14:16:57 0.305 INF Starting dedicated server level=Navezgane game name=WasmAcceptance1
2026-08-24T14:16:57 0.305 INF Maximum allowed players: 4
2026-08-24T14:16:57 0.305 INF Game mode: GameModeSurvival
2026-08-24T14:16:57 0.305 INF Crossplay: True
2026-08-24T14:16:57 0.573 INF Awake IsFocused: True
2026-08-24T14:16:57 0.573 INF Awake
2026-08-24T14:16:57 0.814 INF Dedicated server only build
ERROR: Shader Occlusion/DepthCopy shader is not supported on this GPU (none of subshaders/fallbacks are suitable)
WARNING: Shader Unsupported: 'Standard' - All subshaders removed
WARNING: Shader Did you use #pragma only_renderers and omit this platform?
WARNING: Shader If subshaders removal was intentional, you may have forgotten turning Fallback off?
ERROR: Shader Standard shader is not supported on this GPU (none of subshaders/fallbacks are suitable)
WARNING: Shader Unsupported: 'Standard' - All subshaders removed
WARNING: Shader Did you use #pragma only_renderers and omit this platform?
WARNING: Shader If subshaders removal was intentional, you may have forgotten turning Fallback off?
2026-08-24T14:16:57 0.834 INF Occlusion: Awake
2026-08-24T14:16:57 0.834 INF Texture quality is set to 3
ERROR: Shader Legacy Shaders/VertexLit shader is not supported on this GPU (none of subshaders/fallbacks are suitable)
WARNING: Shader Unsupported: 'Legacy Shaders/Diffuse' - All subshaders removed
WARNING: Shader Did you use #pragma only_renderers and omit this platform?
WARNING: Shader If subshaders removal was intentional, you may have forgotten turning Fallback off?
ERROR: Shader Legacy Shaders/Diffuse shader is not supported on this GPU (none of subshaders/fallbacks are suitable)
WARNING: Shader Unsupported: 'Legacy Shaders/Diffuse' - All subshaders removed
WARNING: Shader Did you use #pragma only_renderers and omit this platform?
WARNING: Shader If subshaders removal was intentional, you may have forgotten turning Fallback off?
WARNING: Shader Unsupported: 'Game/Entity Tint Mask' - All subshaders removed
WARNING: Shader Did you use #pragma only_renderers and omit this platform?
WARNING: Shader If subshaders removal was intentional, you may have forgotten turning Fallback off?
ERROR: Shader Game/Entity Tint Mask shader is not supported on this GPU (none of subshaders/fallbacks are suitable)
WARNING: Shader Unsupported: 'Game/Entity Tint Mask' - All subshaders removed
WARNING: Shader Did you use #pragma only_renderers and omit this platform?
WARNING: Shader If subshaders removal was intentional, you may have forgotten turning Fallback off?
2026-08-24T14:16:57 0.908 INF [MODS] Start loading from: '/game/7DaysToDieServer_Data/../Mods'
2026-08-24T14:16:57 0.912 INF [MODS]   Trying to load from folder: '0_TFP_Harmony'
2026-08-24T14:16:57 0.919 INF [MODS]     Loaded assembly 0Harmony (in /game/Mods/0_TFP_Harmony/0Harmony.dll)
2026-08-24T14:16:57 0.919 INF [MODS]     Loaded assembly Mono.Cecil.Mdb (in /game/Mods/0_TFP_Harmony/Mono.Cecil.Mdb.dll)
2026-08-24T14:16:57 0.920 INF [MODS]     Loaded assembly Mono.Cecil.Pdb (in /game/Mods/0_TFP_Harmony/Mono.Cecil.Pdb.dll)
2026-08-24T14:16:57 0.920 INF [MODS]     Loaded assembly Mono.Cecil.Rocks (in /game/Mods/0_TFP_Harmony/Mono.Cecil.Rocks.dll)
2026-08-24T14:16:57 0.921 INF [MODS]     Loaded assembly Mono.Cecil (in /game/Mods/0_TFP_Harmony/Mono.Cecil.dll)
2026-08-24T14:16:57 0.921 INF [MODS]     Loaded assembly MonoMod.Backports (in /game/Mods/0_TFP_Harmony/MonoMod.Backports.dll)
2026-08-24T14:16:57 0.921 INF [MODS]     Loaded assembly MonoMod.Core (in /game/Mods/0_TFP_Harmony/MonoMod.Core.dll)
2026-08-24T14:16:57 0.922 INF [MODS]     Loaded assembly MonoMod.ILHelpers (in /game/Mods/0_TFP_Harmony/MonoMod.ILHelpers.dll)
2026-08-24T14:16:57 0.922 INF [MODS]     Loaded assembly MonoMod.Iced (in /game/Mods/0_TFP_Harmony/MonoMod.Iced.dll)
2026-08-24T14:16:57 0.923 INF [MODS]     Loaded assembly MonoMod.RuntimeDetour (in /game/Mods/0_TFP_Harmony/MonoMod.RuntimeDetour.dll)
2026-08-24T14:16:57 0.923 INF [MODS]     Loaded assembly MonoMod.Utils (in /game/Mods/0_TFP_Harmony/MonoMod.Utils.dll)
2026-08-24T14:16:57 0.924 INF [MODS]     Loaded assembly System.ValueTuple (in /game/Mods/0_TFP_Harmony/System.ValueTuple.dll)
2026-08-24T14:16:57 0.924 INF [MODS]     Loaded assembly TfpHarmony (in /game/Mods/0_TFP_Harmony/TfpHarmony.dll)
2026-08-24T14:16:57 0.924 INF [MODS]     Loaded Mod: TFP_Harmony (1.1.0.4)
2026-08-24T14:16:57 0.924 INF [MODS]   Trying to load from folder: '1_HordeForge_WasmHost'
2026-08-24T14:16:57 0.925 INF [MODS]     Loaded assembly HordeForge.GameBridge (in /game/Mods/1_HordeForge_WasmHost/HordeForge.GameBridge.dll)
2026-08-24T14:16:57 0.925 INF [MODS]     Loaded assembly HordeForge.WasmHost (in /game/Mods/1_HordeForge_WasmHost/HordeForge.WasmHost.dll)
2026-08-24T14:16:57 0.925 INF [MODS]     Loaded assembly IndexRange (in /game/Mods/1_HordeForge_WasmHost/IndexRange.dll)
2026-08-24T14:16:57 0.926 INF [MODS]     Loaded assembly System.Buffers (in /game/Mods/1_HordeForge_WasmHost/System.Buffers.dll)
2026-08-24T14:16:57 0.926 INF [MODS]     Loaded assembly System.Memory (in /game/Mods/1_HordeForge_WasmHost/System.Memory.dll)
2026-08-24T14:16:57 0.926 INF [MODS]     Loaded assembly System.Numerics.Vectors (in /game/Mods/1_HordeForge_WasmHost/System.Numerics.Vectors.dll)
2026-08-24T14:16:57 0.927 INF [MODS]     Loaded assembly Wasmtime.Dotnet (in /game/Mods/1_HordeForge_WasmHost/Wasmtime.Dotnet.dll)
2026-08-24T14:16:57 0.927 INF [MODS]     Loaded Mod: 1_HordeForge_WasmHost (0.1.0)
2026-08-24T14:16:57 0.927 INF [MODS]   Trying to load from folder: 'TFP_CommandExtensions'
2026-08-24T14:16:57 0.928 INF [MODS]     Loaded assembly CommandExtensions (in /game/Mods/TFP_CommandExtensions/CommandExtensions.dll)
2026-08-24T14:16:57 0.928 INF [MODS]     Loaded Mod: TFP_CommandExtensions (1.3.0.0)
2026-08-24T14:16:57 0.928 INF [MODS]   Trying to load from folder: 'Wasm'
2026-08-24T14:16:57 0.928 WRN [MODS]     Folder Wasm does not contain a ModInfo.xml, ignoring
2026-08-24T14:16:57 0.928 INF [MODS]   Trying to load from folder: 'Xample_MarkersMod'
2026-08-24T14:16:57 0.928 INF [MODS]     Loaded assembly MarkersMod (in /game/Mods/Xample_MarkersMod/MarkersMod.dll)
2026-08-24T14:16:57 0.928 INF [MODS]     Loaded Mod: TFP_MarkersExample (1.3.0.0)
2026-08-24T14:16:57 0.928 INF [MODS] Initializing mod code
2026-08-24T14:16:57 0.929 INF [MODS]   Initializing mod TFP_Harmony
2026-08-24T14:16:57 0.942 INF [MODS]     Found ModAPI in assembly TfpHarmony (in /game/Mods/0_TFP_Harmony/TfpHarmony.dll), creating instance
2026-08-24T14:16:57 0.942 INF [MODS]       [Harmony] Init done
Fallback handler could not load library /game/7DaysToDieServer_Data/MonoBleedingEdge/x86_64/data-0x564c48e23640.so
2026-08-24T14:16:58 1.214 INF [MODS]     Initialized code in mod 'TFP_Harmony' in assembly TfpHarmony (in /game/Mods/0_TFP_Harmony/TfpHarmony.dll)
2026-08-24T14:16:58 1.214 INF [MODS]   Initializing mod 1_HordeForge_WasmHost
2026-08-24T14:16:58 1.214 INF [MODS]     Found ModAPI in assembly HordeForge.GameBridge (in /game/Mods/1_HordeForge_WasmHost/HordeForge.GameBridge.dll), creating instance
Fallback handler could not load library /game/7DaysToDieServer_Data/MonoBleedingEdge/x86_64/wasmtime
2026-08-24T14:16:58 1.309 INF [wasm] boss mod loaded
2026-08-24T14:16:58 1.310 INF [wasm] boss-zig mod loaded
2026-08-24T14:16:58 1.310 INF [wasm] bot v2.5 enabled
2026-08-24T14:16:58 1.310 INF [wasm] hello mod loaded
2026-08-24T14:16:58 1.310 INF [WasmHost] started; loaded 4 module(s) from /game/7DaysToDieServer_Data/../Mods/Wasm
2026-08-24T14:16:58 1.314 INF [WasmHost] patched GameManager.Update
2026-08-24T14:16:58 1.349 INF [WasmHost] patched GameManager.RequestToSpawnPlayer
2026-08-24T14:16:58 1.349 INF [MODS]     Initialized code in mod '1_HordeForge_WasmHost' in assembly HordeForge.GameBridge (in /game/Mods/1_HordeForge_WasmHost/HordeForge.GameBridge.dll)
2026-08-24T14:16:58 1.356 INF [MODS]   Initializing mod TFP_CommandExtensions
2026-08-24T14:16:58 1.356 INF [MODS]     Found ModAPI in assembly CommandExtensions (in /game/Mods/TFP_CommandExtensions/CommandExtensions.dll), creating instance
2026-08-24T14:16:58 1.356 INF [MODS]     Initialized code in mod 'TFP_CommandExtensions' in assembly CommandExtensions (in /game/Mods/TFP_CommandExtensions/CommandExtensions.dll)
2026-08-24T14:16:58 1.356 INF [MODS]   Initializing mod TFP_MarkersExample
2026-08-24T14:16:58 1.356 INF [MODS]     Found ModAPI in assembly MarkersMod (in /game/Mods/Xample_MarkersMod/MarkersMod.dll), creating instance
2026-08-24T14:16:58 1.356 INF [MODS]     Initialized code in mod 'TFP_MarkersExample' in assembly MarkersMod (in /game/Mods/Xample_MarkersMod/MarkersMod.dll)
2026-08-24T14:16:58 1.357 INF [MODS] Loading done
2026-08-24T14:16:58 1.368 INF Permissions file 'serveradmin.xml' not found, creating.
2026-08-24T14:16:58 1.392 INF Command "automation" has no explicit permission level, but a default permission of 1000, adding to permission list
2026-08-24T14:16:58 1.393 INF Command "ccphysics" has no explicit permission level, but a default permission of 1000, adding to permission list
2026-08-24T14:16:58 1.394 INF Command "chunkcache" has no explicit permission level, but a default permission of 1000, adding to permission list
2026-08-24T14:16:58 1.394 INF Command "createwebuser" has no explicit permission level, but a default permission of 1000, adding to permission list
2026-08-24T14:16:58 1.394 INF Command "debugshot" has no explicit permission level, but a default permission of 1000, adding to permission list
2026-08-24T14:16:58 1.395 INF Command "debugweather" has no explicit permission level, but a default permission of 1000, adding to permission list
2026-08-24T14:16:58 1.395 INF Command "decomgr" has no explicit permission level, but a default permission of 1000, adding to permission list
2026-08-24T14:16:58 1.395 INF Command "exportcurrentconfigs" has no explicit permission level, but a default permission of 1000, adding to permission list
2026-08-24T14:16:58 1.395 INF Command "fallingblocks" has no explicit permission level, but a default permission of 1000, adding to permission list
2026-08-24T14:16:58 1.395 INF Command "getgamepref" has no explicit permission level, but a default permission of 1000, adding to permission list
2026-08-24T14:16:58 1.395 INF Command "getgamestat" has no explicit permission level, but a default permission of 1000, adding to permission list
2026-08-24T14:16:58 1.395 INF Command "getlogpath" has no explicit permission level, but a default permission of 1000, adding to permission list
2026-08-24T14:16:58 1.396 INF Command "getoptions" has no explicit permission level, but a default permission of 1000, adding to permission list
2026-08-24T14:16:58 1.396 INF Command "getsandboxoptions" has no explicit permission level, but a default permission of 1000, adding to permission list
2026-08-24T14:16:58 1.396 INF Command "gettime" has no explicit permission level, but a default permission of 1000, adding to permission list
2026-08-24T14:16:58 1.396 INF Command "gfx" has no explicit permission level, but a default permission of 1000, adding to permission list
2026-08-24T14:16:58 1.396 INF Command "graph" has no explicit permission level, but a default permission of 1000, adding to permission list
2026-08-24T14:16:58 1.397 INF Command "help" has no explicit permission level, but a default permission of 1000, adding to permission list
2026-08-24T14:16:58 1.397 INF Command "listplayerids" has no explicit permission level, but a default permission of 1000, adding to permission list
2026-08-24T14:16:58 1.398 INF Command "listthreads" has no explicit permission level, but a default permission of 1000, adding to permission list
2026-08-24T14:16:58 1.398 INF Command "loot" has no explicit permission level, but a default permission of 1000, adding to permission list
2026-08-24T14:16:58 1.398 INF Command "memcl" has no explicit permission level, but a default permission of 1000, adding to permission list
2026-08-24T14:16:58 1.398 INF Command "meshdatamanager" has no explicit permission level, but a default permission of 1000, adding to permission list
2026-08-24T14:16:58 1.399 INF Command "performanceprofiler" has no explicit permission level, but a default permission of 1000, adding to permission list
2026-08-24T14:16:58 1.406 INF Command "settempunit" has no explicit permission level, but a default permission of 1000, adding to permission list
2026-08-24T14:16:58 1.406 INF Command "signeditordebug" has no explicit permission level, but a default permission of 1000, adding to permission list
2026-08-24T14:16:58 1.406 INF Command "signtexman" has no explicit permission level, but a default permission of 1000, adding to permission list
2026-08-24T14:16:58 1.408 INF Creating TransformDebug GameObject
2026-08-24T14:16:58 1.409 INF Command "uioptions" has no explicit permission level, but a default permission of 1000, adding to permission list
ERROR: Shader Legacy Shaders/Particles/Additive shader is not supported on this GPU (none of subshaders/fallbacks are suitable)
WARNING: Shader Unsupported: 'Game Particles/partPyro_fireShader_A' - All subshaders removed
WARNING: Shader Did you use #pragma only_renderers and omit this platform?
WARNING: Shader If subshaders removal was intentional, you may have forgotten turning Fallback off?
ERROR: Shader Game Particles/partPyro_fireShader_A shader is not supported on this GPU (none of subshaders/fallbacks are suitable)
WARNING: Shader Unsupported: 'Game Particles/partPyro_fireShader_A' - All subshaders removed
WARNING: Shader Did you use #pragma only_renderers and omit this platform?
WARNING: Shader If subshaders removal was intentional, you may have forgotten turning Fallback off?
WARNING: Shader Unsupported: 'Game Particles/partPyro_template_lit_B' - All subshaders removed
WARNING: Shader Did you use #pragma only_renderers and omit this platform?
WARNING: Shader If subshaders removal was intentional, you may have forgotten turning Fallback off?
ERROR: Shader Game Particles/partPyro_template_lit_B shader is not supported on this GPU (none of subshaders/fallbacks are suitable)
WARNING: Shader Unsupported: 'Game Particles/partPyro_template_lit_B' - All subshaders removed
WARNING: Shader Did you use #pragma only_renderers and omit this platform?
WARNING: Shader If subshaders removal was intentional, you may have forgotten turning Fallback off?
WARNING: Shader Unsupported: 'Standard' - All subshaders removed
WARNING: Shader Did you use #pragma only_renderers and omit this platform?
WARNING: Shader If subshaders removal was intentional, you may have forgotten turning Fallback off?
ERROR: Shader Standard shader is not supported on this GPU (none of subshaders/fallbacks are suitable)
WARNING: Shader Unsupported: 'Standard' - All subshaders removed
WARNING: Shader Did you use #pragma only_renderers and omit this platform?
WARNING: Shader If subshaders removal was intentional, you may have forgotten turning Fallback off?
WARNING: Shader Unsupported: 'Game Particles/bloodShader_T_packed' - All subshaders removed
WARNING: Shader Did you use #pragma only_renderers and omit this platform?
WARNING: Shader If subshaders removal was intentional, you may have forgotten turning Fallback off?
ERROR: Shader Game Particles/bloodShader_T_packed shader is not supported on this GPU (none of subshaders/fallbacks are suitable)
WARNING: Shader Unsupported: 'Game Particles/bloodShader_T_packed' - All subshaders removed
WARNING: Shader Did you use #pragma only_renderers and omit this platform?
WARNING: Shader If subshaders removal was intentional, you may have forgotten turning Fallback off?
WARNING: Shader Unsupported: 'Game Particles/bloodShader_O_packed' - All subshaders removed
WARNING: Shader Did you use #pragma only_renderers and omit this platform?
WARNING: Shader If subshaders removal was intentional, you may have forgotten turning Fallback off?
ERROR: Shader Game Particles/bloodShader_O_packed shader is not supported on this GPU (none of subshaders/fallbacks are suitable)
WARNING: Shader Unsupported: 'Game Particles/bloodShader_O_packed' - All subshaders removed
WARNING: Shader Did you use #pragma only_renderers and omit this platform?
WARNING: Shader If subshaders removal was intentional, you may have forgotten turning Fallback off?
ERROR: Shader Game Particles/bloodShader_U_packed shader is not supported on this GPU (none of subshaders/fallbacks are suitable)
WARNING: Shader Unsupported: 'Particles/Standard Surface' - All subshaders removed
WARNING: Shader Did you use #pragma only_renderers and omit this platform?
WARNING: Shader If subshaders removal was intentional, you may have forgotten turning Fallback off?
ERROR: Shader Particles/Standard Surface shader is not supported on this GPU (none of subshaders/fallbacks are suitable)
WARNING: Shader Unsupported: 'Particles/Standard Surface' - All subshaders removed
WARNING: Shader Did you use #pragma only_renderers and omit this platform?
WARNING: Shader If subshaders removal was intentional, you may have forgotten turning Fallback off?
WARNING: Shader Unsupported: 'Autodesk Interactive' - All subshaders removed
WARNING: Shader Did you use #pragma only_renderers and omit this platform?
WARNING: Shader If subshaders removal was intentional, you may have forgotten turning Fallback off?
ERROR: Shader Autodesk Interactive shader is not supported on this GPU (none of subshaders/fallbacks are suitable)
WARNING: Shader Unsupported: 'Autodesk Interactive' - All subshaders removed
WARNING: Shader Did you use #pragma only_renderers and omit this platform?
WARNING: Shader If subshaders removal was intentional, you may have forgotten turning Fallback off?
WARNING: Shader Unsupported: 'Game/Autodesk XFade' - All subshaders removed
WARNING: Shader Did you use #pragma only_renderers and omit this platform?
WARNING: Shader If subshaders removal was intentional, you may have forgotten turning Fallback off?
ERROR: Shader Game/Autodesk XFade shader is not supported on this GPU (none of subshaders/fallbacks are suitable)
WARNING: Shader Unsupported: 'Game/Autodesk XFade' - All subshaders removed
WARNING: Shader Did you use #pragma only_renderers and omit this platform?
WARNING: Shader If subshaders removal was intentional, you may have forgotten turning Fallback off?
WARNING: Shader Unsupported: '7DTD/7DTD_Glass' - All subshaders removed
WARNING: Shader Did you use #pragma only_renderers and omit this platform?
WARNING: Shader If subshaders removal was intentional, you may have forgotten turning Fallback off?
ERROR: Shader 7DTD/7DTD_Glass shader is not supported on this GPU (none of subshaders/fallbacks are suitable)
WARNING: Shader Unsupported: '7DTD/7DTD_Glass' - All subshaders removed
WARNING: Shader Did you use #pragma only_renderers and omit this platform?
WARNING: Shader If subshaders removal was intentional, you may have forgotten turning Fallback off?
WARNING: Shader Unsupported: '7DTD/7DTD_Fire' - All subshaders removed
WARNING: Shader Did you use #pragma only_renderers and omit this platform?
WARNING: Shader If subshaders removal was intentional, you may have forgotten turning Fallback off?
ERROR: Shader 7DTD/7DTD_Fire shader is not supported on this GPU (none of subshaders/fallbacks are suitable)
WARNING: Shader Unsupported: '7DTD/7DTD_Fire' - All subshaders removed
WARNING: Shader Did you use #pragma only_renderers and omit this platform?
WARNING: Shader If subshaders removal was intentional, you may have forgotten turning Fallback off?
WARNING: Shader Unsupported: 'Game Particles/vomitShader_T_packed' - All subshaders removed
WARNING: Shader Did you use #pragma only_renderers and omit this platform?
WARNING: Shader If subshaders removal was intentional, you may have forgotten turning Fallback off?
ERROR: Shader Game Particles/vomitShader_T_packed shader is not supported on this GPU (none of subshaders/fallbacks are suitable)
WARNING: Shader Unsupported: 'Game Particles/vomitShader_T_packed' - All subshaders removed
WARNING: Shader Did you use #pragma only_renderers and omit this platform?
WARNING: Shader If subshaders removal was intentional, you may have forgotten turning Fallback off?
ERROR: Shader Legacy/AlphaSelfIllum shader is not supported on this GPU (none of subshaders/fallbacks are suitable)
ERROR: Shader Particles/Blood_Particle shader is not supported on this GPU (none of subshaders/fallbacks are suitable)
ERROR: Shader Legacy Shaders/Particles/Alpha Blended Premultiply shader is not supported on this GPU (none of subshaders/fallbacks are suitable)
WARNING: Shader Unsupported: 'Game Particles/Standard Surface' - All subshaders removed
WARNING: Shader Did you use #pragma only_renderers and omit this platform?
WARNING: Shader If subshaders removal was intentional, you may have forgotten turning Fallback off?
ERROR: Shader Game Particles/Standard Surface shader is not supported on this GPU (none of subshaders/fallbacks are suitable)
WARNING: Shader Unsupported: 'Game Particles/Standard Surface' - All subshaders removed
WARNING: Shader Did you use #pragma only_renderers and omit this platform?
WARNING: Shader If subshaders removal was intentional, you may have forgotten turning Fallback off?
ERROR: Shader Game Particles/shader_gas_lit shader is not supported on this GPU (none of subshaders/fallbacks are suitable)
WARNING: Shader Unsupported: 'Particles/Standard Unlit' - All subshaders removed
WARNING: Shader Did you use #pragma only_renderers and omit this platform?
WARNING: Shader If subshaders removal was intentional, you may have forgotten turning Fallback off?
ERROR: Shader Particles/Standard Unlit shader is not supported on this GPU (none of subshaders/fallbacks are suitable)
WARNING: Shader Unsupported: 'Particles/Standard Unlit' - All subshaders removed
WARNING: Shader Did you use #pragma only_renderers and omit this platform?
WARNING: Shader If subshaders removal was intentional, you may have forgotten turning Fallback off?
WARNING: Shader Unsupported: 'Game Particles/Unlit' - All subshaders removed
WARNING: Shader Did you use #pragma only_renderers and omit this platform?
WARNING: Shader If subshaders removal was intentional, you may have forgotten turning Fallback off?
ERROR: Shader Game Particles/Unlit shader is not supported on this GPU (none of subshaders/fallbacks are suitable)
WARNING: Shader Unsupported: 'Game Particles/Unlit' - All subshaders removed
WARNING: Shader Did you use #pragma only_renderers and omit this platform?
WARNING: Shader If subshaders removal was intentional, you may have forgotten turning Fallback off?
WARNING: Shader Unsupported: 'Game Particles/shader_gas_customLit' - All subshaders removed
WARNING: Shader Did you use #pragma only_renderers and omit this platform?
WARNING: Shader If subshaders removal was intentional, you may have forgotten turning Fallback off?
ERROR: Shader Game Particles/shader_gas_customLit shader is not supported on this GPU (none of subshaders/fallbacks are suitable)
WARNING: Shader Unsupported: 'Game Particles/shader_gas_customLit' - All subshaders removed
WARNING: Shader Did you use #pragma only_renderers and omit this platform?
WARNING: Shader If subshaders removal was intentional, you may have forgotten turning Fallback off?
ERROR: Shader Game/Transparent shader is not supported on this GPU (none of subshaders/fallbacks are suitable)
WARNING: Shader Unsupported: 'Legacy Shaders/Specular' - All subshaders removed
WARNING: Shader Did you use #pragma only_renderers and omit this platform?
WARNING: Shader If subshaders removal was intentional, you may have forgotten turning Fallback off?
ERROR: Shader Legacy Shaders/Specular shader is not supported on this GPU (none of subshaders/fallbacks are suitable)
WARNING: Shader Unsupported: 'Legacy Shaders/Specular' - All subshaders removed
WARNING: Shader Did you use #pragma only_renderers and omit this platform?
WARNING: Shader If subshaders removal was intentional, you may have forgotten turning Fallback off?
WARNING: Shader Unsupported: 'Game Particles/S_transLit_NLA' - All subshaders removed
WARNING: Shader Did you use #pragma only_renderers and omit this platform?
WARNING: Shader If subshaders removal was intentional, you may have forgotten turning Fallback off?
ERROR: Shader Game Particles/S_transLit_NLA shader is not supported on this GPU (none of subshaders/fallbacks are suitable)
WARNING: Shader Unsupported: 'Game Particles/S_transLit_NLA' - All subshaders removed
WARNING: Shader Did you use #pragma only_renderers and omit this platform?
WARNING: Shader If subshaders removal was intentional, you may have forgotten turning Fallback off?
WARNING: Shader Unsupported: 'Game Particles/surfaceShader_particleEnhanced' - All subshaders removed
WARNING: Shader Did you use #pragma only_renderers and omit this platform?
WARNING: Shader If subshaders removal was intentional, you may have forgotten turning Fallback off?
ERROR: Shader Game Particles/surfaceShader_particleEnhanced shader is not supported on this GPU (none of subshaders/fallbacks are suitable)
WARNING: Shader Unsupported: 'Game Particles/surfaceShader_particleEnhanced' - All subshaders removed
WARNING: Shader Did you use #pragma only_renderers and omit this platform?
WARNING: Shader If subshaders removal was intentional, you may have forgotten turning Fallback off?
WARNING: Shader Unsupported: 'Legacy Shaders/Bumped Specular' - All subshaders removed
WARNING: Shader Did you use #pragma only_renderers and omit this platform?
WARNING: Shader If subshaders removal was intentional, you may have forgotten turning Fallback off?
ERROR: Shader Legacy Shaders/Bumped Specular shader is not supported on this GPU (none of subshaders/fallbacks are suitable)
WARNING: Shader Unsupported: 'Legacy Shaders/Bumped Specular' - All subshaders removed
WARNING: Shader Did you use #pragma only_renderers and omit this platform?
WARNING: Shader If subshaders removal was intentional, you may have forgotten turning Fallback off?
WARNING: Shader Unsupported: 'Standard (Specular setup)' - All subshaders removed
WARNING: Shader Did you use #pragma only_renderers and omit this platform?
WARNING: Shader If subshaders removal was intentional, you may have forgotten turning Fallback off?
ERROR: Shader Standard (Specular setup) shader is not supported on this GPU (none of subshaders/fallbacks are suitable)
WARNING: Shader Unsupported: 'Standard (Specular setup)' - All subshaders removed
WARNING: Shader Did you use #pragma only_renderers and omit this platform?
WARNING: Shader If subshaders removal was intentional, you may have forgotten turning Fallback off?
ERROR: Shader Legacy Shaders/Particles/Alpha Blended shader is not supported on this GPU (none of subshaders/fallbacks are suitable)
WARNING: Shader Unsupported: 'Game/Autodesk' - All subshaders removed
WARNING: Shader Did you use #pragma only_renderers and omit this platform?
WARNING: Shader If subshaders removal was intentional, you may have forgotten turning Fallback off?
ERROR: Shader Game/Autodesk shader is not supported on this GPU (none of subshaders/fallbacks are suitable)
WARNING: Shader Unsupported: 'Game/Autodesk' - All subshaders removed
WARNING: Shader Did you use #pragma only_renderers and omit this platform?
WARNING: Shader If subshaders removal was intentional, you may have forgotten turning Fallback off?
WARNING: Shader Unsupported: 'Game/Glass Reflex' - All subshaders removed
WARNING: Shader Did you use #pragma only_renderers and omit this platform?
WARNING: Shader If subshaders removal was intentional, you may have forgotten turning Fallback off?
ERROR: Shader Game/Glass Reflex shader is not supported on this GPU (none of subshaders/fallbacks are suitable)
WARNING: Shader Unsupported: 'Game/Glass Reflex' - All subshaders removed
WARNING: Shader Did you use #pragma only_renderers and omit this platform?
WARNING: Shader If subshaders removal was intentional, you may have forgotten turning Fallback off?
WARNING: Shader Unsupported: 'Game Particles/Lit' - All subshaders removed
WARNING: Shader Did you use #pragma only_renderers and omit this platform?
WARNING: Shader If subshaders removal was intentional, you may have forgotten turning Fallback off?
ERROR: Shader Game Particles/Lit shader is not supported on this GPU (none of subshaders/fallbacks are suitable)
WARNING: Shader Unsupported: 'Game Particles/Lit' - All subshaders removed
WARNING: Shader Did you use #pragma only_renderers and omit this platform?
WARNING: Shader If subshaders removal was intentional, you may have forgotten turning Fallback off?
ERROR: Shader Legacy Shaders/Particles/Additive (Soft) shader is not supported on this GPU (none of subshaders/fallbacks are suitable)
WARNING: Shader Unsupported: 'Game/BasicUV_TA' - All subshaders removed
WARNING: Shader Did you use #pragma only_renderers and omit this platform?
WARNING: Shader If subshaders removal was intentional, you may have forgotten turning Fallback off?
ERROR: Shader Game/BasicUV_TA shader is not supported on this GPU (none of subshaders/fallbacks are suitable)
WARNING: Shader Unsupported: 'Game/BasicUV_TA' - All subshaders removed
WARNING: Shader Did you use #pragma only_renderers and omit this platform?
WARNING: Shader If subshaders removal was intentional, you may have forgotten turning Fallback off?
ERROR: Shader Shader Forge/PaintParticle shader is not supported on this GPU (none of subshaders/fallbacks are suitable)
WARNING: Shader Unsupported: 'Game Particles/shader_gas_unlit' - All subshaders removed
WARNING: Shader Did you use #pragma only_renderers and omit this platform?
WARNING: Shader If subshaders removal was intentional, you may have forgotten turning Fallback off?
ERROR: Shader Game Particles/shader_gas_unlit shader is not supported on this GPU (none of subshaders/fallbacks are suitable)
WARNING: Shader Unsupported: 'Game Particles/shader_gas_unlit' - All subshaders removed
WARNING: Shader Did you use #pragma only_renderers and omit this platform?
WARNING: Shader If subshaders removal was intentional, you may have forgotten turning Fallback off?
ERROR: Shader Shader Forge/7DTD_Fire_New shader is not supported on this GPU (none of subshaders/fallbacks are suitable)
WARNING: Shader Unsupported: 'Legacy Shaders/Bumped Diffuse' - All subshaders removed
WARNING: Shader Did you use #pragma only_renderers and omit this platform?
WARNING: Shader If subshaders removal was intentional, you may have forgotten turning Fallback off?
ERROR: Shader Legacy Shaders/Bumped Diffuse shader is not supported on this GPU (none of subshaders/fallbacks are suitable)
WARNING: Shader Unsupported: 'Legacy Shaders/Bumped Diffuse' - All subshaders removed
WARNING: Shader Did you use #pragma only_renderers and omit this platform?
WARNING: Shader If subshaders removal was intentional, you may have forgotten turning Fallback off?
ERROR: Shader Legacy Shaders/Transparent/Cutout/VertexLit shader is not supported on this GPU (none of subshaders/fallbacks are suitable)
WARNING: Shader Unsupported: 'Legacy Shaders/Transparent/Cutout/Diffuse' - All subshaders removed
WARNING: Shader Did you use #pragma only_renderers and omit this platform?
WARNING: Shader If subshaders removal was intentional, you may have forgotten turning Fallback off?
ERROR: Shader Legacy Shaders/Transparent/Cutout/Diffuse shader is not supported on this GPU (none of subshaders/fallbacks are suitable)
WARNING: Shader Unsupported: 'Legacy Shaders/Transparent/Cutout/Diffuse' - All subshaders removed
WARNING: Shader Did you use #pragma only_renderers and omit this platform?
WARNING: Shader If subshaders removal was intentional, you may have forgotten turning Fallback off?
WARNING: Shader Unsupported: 'Legacy Shaders/Transparent/Cutout/Bumped Diffuse' - All subshaders removed
WARNING: Shader Did you use #pragma only_renderers and omit this platform?
WARNING: Shader If subshaders removal was intentional, you may have forgotten turning Fallback off?
ERROR: Shader Legacy Shaders/Transparent/Cutout/Bumped Diffuse shader is not supported on this GPU (none of subshaders/fallbacks are suitable)
WARNING: Shader Unsupported: 'Legacy Shaders/Transparent/Cutout/Bumped Diffuse' - All subshaders removed
WARNING: Shader Did you use #pragma only_renderers and omit this platform?
WARNING: Shader If subshaders removal was intentional, you may have forgotten turning Fallback off?
WARNING: Shader Unsupported: 'Legacy Shaders/Transparent/Cutout/Bumped Specular' - All subshaders removed
WARNING: Shader Did you use #pragma only_renderers and omit this platform?
WARNING: Shader If subshaders removal was intentional, you may have forgotten turning Fallback off?
ERROR: Shader Legacy Shaders/Transparent/Cutout/Bumped Specular shader is not supported on this GPU (none of subshaders/fallbacks are suitable)
WARNING: Shader Unsupported: 'Legacy Shaders/Transparent/Cutout/Bumped Specular' - All subshaders removed
WARNING: Shader Did you use #pragma only_renderers and omit this platform?
WARNING: Shader If subshaders removal was intentional, you may have forgotten turning Fallback off?
WARNING: Shader Unsupported: 'Game/Dismember/CopExplosion' - All subshaders removed
WARNING: Shader Did you use #pragma only_renderers and omit this platform?
WARNING: Shader If subshaders removal was intentional, you may have forgotten turning Fallback off?
ERROR: Shader Game/Dismember/CopExplosion shader is not supported on this GPU (none of subshaders/fallbacks are suitable)
WARNING: Shader Unsupported: 'Game/Dismember/CopExplosion' - All subshaders removed
WARNING: Shader Did you use #pragma only_renderers and omit this platform?
WARNING: Shader If subshaders removal was intentional, you may have forgotten turning Fallback off?
ERROR: Shader Game/Character shader is not supported on this GPU (none of subshaders/fallbacks are suitable)
ERROR: Shader Game/Dismember/Bloodcap shader is not supported on this GPU (none of subshaders/fallbacks are suitable)
WARNING: Shader Unsupported: 'Game Particles/Liquid' - All subshaders removed
WARNING: Shader Did you use #pragma only_renderers and omit this platform?
WARNING: Shader If subshaders removal was intentional, you may have forgotten turning Fallback off?
ERROR: Shader Game Particles/Liquid shader is not supported on this GPU (none of subshaders/fallbacks are suitable)
WARNING: Shader Unsupported: 'Game Particles/Liquid' - All subshaders removed
WARNING: Shader Did you use #pragma only_renderers and omit this platform?
WARNING: Shader If subshaders removal was intentional, you may have forgotten turning Fallback off?
WARNING: Shader Unsupported: 'Legacy Shaders/Reflective/VertexLit' - All subshaders removed
WARNING: Shader Did you use #pragma only_renderers and omit this platform?
WARNING: Shader If subshaders removal was intentional, you may have forgotten turning Fallback off?
ERROR: Shader Legacy Shaders/Reflective/VertexLit shader is not supported on this GPU (none of subshaders/fallbacks are suitable)
WARNING: Shader Unsupported: 'Legacy Shaders/Reflective/VertexLit' - All subshaders removed
WARNING: Shader Did you use #pragma only_renderers and omit this platform?
WARNING: Shader If subshaders removal was intentional, you may have forgotten turning Fallback off?
WARNING: Shader Unsupported: 'Legacy Shaders/Reflective/Bumped Diffuse' - All subshaders removed
WARNING: Shader Did you use #pragma only_renderers and omit this platform?
WARNING: Shader If subshaders removal was intentional, you may have forgotten turning Fallback off?
ERROR: Shader Legacy Shaders/Reflective/Bumped Diffuse shader is not supported on this GPU (none of subshaders/fallbacks are suitable)
WARNING: Shader Unsupported: 'Legacy Shaders/Reflective/Bumped Diffuse' - All subshaders removed
WARNING: Shader Did you use #pragma only_renderers and omit this platform?
WARNING: Shader If subshaders removal was intentional, you may have forgotten turning Fallback off?
WARNING: Shader Unsupported: 'Legacy Shaders/Reflective/Bumped Specular' - All subshaders removed
WARNING: Shader Did you use #pragma only_renderers and omit this platform?
WARNING: Shader If subshaders removal was intentional, you may have forgotten turning Fallback off?
ERROR: Shader Legacy Shaders/Reflective/Bumped Specular shader is not supported on this GPU (none of subshaders/fallbacks are suitable)
WARNING: Shader Unsupported: 'Legacy Shaders/Reflective/Bumped Specular' - All subshaders removed
WARNING: Shader Did you use #pragma only_renderers and omit this platform?
WARNING: Shader If subshaders removal was intentional, you may have forgotten turning Fallback off?
WARNING: Shader Unsupported: 'Game Particles/sparkShader' - All subshaders removed
WARNING: Shader Did you use #pragma only_renderers and omit this platform?
WARNING: Shader If subshaders removal was intentional, you may have forgotten turning Fallback off?
ERROR: Shader Game Particles/sparkShader shader is not supported on this GPU (none of subshaders/fallbacks are suitable)
WARNING: Shader Unsupported: 'Game Particles/sparkShader' - All subshaders removed
WARNING: Shader Did you use #pragma only_renderers and omit this platform?
WARNING: Shader If subshaders removal was intentional, you may have forgotten turning Fallback off?
WARNING: Shader Unsupported: 'stainedGlass' - All subshaders removed
WARNING: Shader Did you use #pragma only_renderers and omit this platform?
WARNING: Shader If subshaders removal was intentional, you may have forgotten turning Fallback off?
ERROR: Shader stainedGlass shader is not supported on this GPU (none of subshaders/fallbacks are suitable)
WARNING: Shader Unsupported: 'stainedGlass' - All subshaders removed
WARNING: Shader Did you use #pragma only_renderers and omit this platform?
WARNING: Shader If subshaders removal was intentional, you may have forgotten turning Fallback off?
WARNING: Shader Unsupported: 'Game Particles/barrelLiquidShader_packed' - All subshaders removed
WARNING: Shader Did you use #pragma only_renderers and omit this platform?
WARNING: Shader If subshaders removal was intentional, you may have forgotten turning Fallback off?
ERROR: Shader Game Particles/barrelLiquidShader_packed shader is not supported on this GPU (none of subshaders/fallbacks are suitable)
WARNING: Shader Unsupported: 'Game Particles/barrelLiquidShader_packed' - All subshaders removed
WARNING: Shader Did you use #pragma only_renderers and omit this platform?
WARNING: Shader If subshaders removal was intentional, you may have forgotten turning Fallback off?
ERROR: Shader Hidden/Game/ChunkTransparent shader is not supported on this GPU (none of subshaders/fallbacks are suitable)
2026-08-24T14:16:59 2.585 INF Loaded (local): events in 0.01
2026-08-24T14:16:59 2.601 INF Loaded (local): rwgmixer in 0.01
2026-08-24T14:16:59 2.608 INF Loaded (local): archetypes in 0.01
2026-08-24T14:16:59 2.610 INF Loaded (local): loadingscreen in 0.00
2026-08-24T14:16:59 2.619 INF Added 1336 subtitle data entries and 3 speaker colors
2026-08-24T14:16:59 2.619 INF Loaded (local): subtitles in 0.00
2026-08-24T14:16:59 2.619 INF Loaded (local): videos in 0.00
2026-08-24T14:16:59 2.620 INF Loaded (local): sandbox_overrides in 0.00
2026-08-24T14:16:59 2.620 INF WorldStaticData.Init() needed 1.197 s
2026-08-24T14:16:59 2.622 INF Started Telnet on 8081
2026-08-24T14:16:59 2.635 WRN [Discord] Full Discord integration only available when running with EOS cross platform provider!
2026-08-24T14:16:59 2.639 INF [PartyQuests] Initialized
2026-08-24T14:16:59 2.639 INF Awake done in 2065 ms
2026-08-24T14:16:59 2.738 INF [wasm] hello mod alive at tick 100 (world 0)
2026-08-24T14:16:59 2.749 INF [wasm] hello mod alive at tick 200 (world 0)
2026-08-24T14:16:59 2.762 INF [wasm] hello mod alive at tick 300 (world 0)
2026-08-24T14:16:59 2.775 INF [wasm] hello mod alive at tick 400 (world 0)
2026-08-24T14:16:59 2.788 INF [wasm] hello mod alive at tick 500 (world 0)
2026-08-24T14:16:59 2.801 INF [wasm] hello mod alive at tick 600 (world 0)
2026-08-24T14:16:59 2.813 INF [wasm] hello mod alive at tick 700 (world 0)
2026-08-24T14:16:59 2.826 INF [wasm] hello mod alive at tick 800 (world 0)
2026-08-24T14:16:59 2.838 INF [wasm] hello mod alive at tick 900 (world 0)
2026-08-24T14:16:59 2.851 INF [wasm] hello mod alive at tick 1000 (world 0)
2026-08-24T14:16:59 2.853 INF NetPackageManager Init
2026-08-24T14:16:59 2.877 INF [WasmHost] dropped 1 log line(s) from guest wasm (rate cap 10/s)
2026-08-24T14:17:00 3.010 INF [wasm] hello mod alive at tick 2200 (world 0)
2026-08-24T14:17:00 3.022 INF [wasm] hello mod alive at tick 2300 (world 0)
2026-08-24T14:17:00 3.033 INF [wasm] hello mod alive at tick 2400 (world 0)
2026-08-24T14:17:00 3.044 INF [wasm] hello mod alive at tick 2500 (world 0)
2026-08-24T14:17:00 3.054 INF [wasm] hello mod alive at tick 2600 (world 0)
2026-08-24T14:17:00 3.063 INF [wasm] hello mod alive at tick 2700 (world 0)
2026-08-24T14:17:00 3.078 INF [wasm] hello mod alive at tick 2800 (world 0)
2026-08-24T14:17:00 3.092 INF [wasm] hello mod alive at tick 2900 (world 0)
2026-08-24T14:17:00 3.104 INF [wasm] hello mod alive at tick 3000 (world 0)
2026-08-24T14:17:00 3.114 INF [wasm] hello mod alive at tick 3100 (world 0)
2026-08-24T14:17:01 4.001 INF [wasm] hello mod alive at tick 10300 (world 0)
2026-08-24T14:17:01 4.014 INF [wasm] hello mod alive at tick 10400 (world 0)
2026-08-24T14:17:01 4.027 INF [wasm] hello mod alive at tick 10500 (world 0)
2026-08-24T14:17:01 4.040 INF [wasm] hello mod alive at tick 10600 (world 0)
2026-08-24T14:17:01 4.051 INF [wasm] hello mod alive at tick 10700 (world 0)
2026-08-24T14:17:01 4.064 INF [wasm] hello mod alive at tick 10800 (world 0)
2026-08-24T14:17:01 4.076 INF [wasm] hello mod alive at tick 10900 (world 0)
2026-08-24T14:17:01 4.088 INF [wasm] hello mod alive at tick 11000 (world 0)
2026-08-24T14:17:01 4.100 INF [wasm] hello mod alive at tick 11100 (world 0)
2026-08-24T14:17:01 4.112 INF [wasm] hello mod alive at tick 11200 (world 0)
2026-08-24T14:17:01 4.345 INF [WasmHost] dropped 101 log line(s) from guest wasm (rate cap 10/s)
2026-08-24T14:17:02 5.001 INF [wasm] hello mod alive at tick 18600 (world 0)
2026-08-24T14:17:02 5.014 INF [wasm] hello mod alive at tick 18700 (world 0)
2026-08-24T14:17:02 5.026 INF [wasm] hello mod alive at tick 18800 (world 0)
2026-08-24T14:17:02 5.039 INF [wasm] hello mod alive at tick 18900 (world 0)
2026-08-24T14:17:02 5.052 INF [wasm] hello mod alive at tick 19000 (world 0)
2026-08-24T14:17:02 5.065 INF [wasm] hello mod alive at tick 19100 (world 0)
2026-08-24T14:17:02 5.077 INF [wasm] hello mod alive at tick 19200 (world 0)
2026-08-24T14:17:02 5.091 INF [wasm] hello mod alive at tick 19300 (world 0)
2026-08-24T14:17:02 5.105 INF [wasm] hello mod alive at tick 19400 (world 0)
2026-08-24T14:17:02 5.116 INF [wasm] hello mod alive at tick 19500 (world 0)
2026-08-24T14:17:02 5.207 INF [PermissionsManager] ResolvePermissions(_perms: [All], _canPrompt: False)
2026-08-24T14:17:02 5.207 INF [PermissionsManager] ResolvePermissions(_perms: [All], _canPrompt: False) Fetching Title Storage Overrides...
2026-08-24T14:17:02 5.207 INF [PermissionsManager] ResolvePermissions(_perms: [All], _canPrompt: False) Fetched Title Storage Overrides!
2026-08-24T14:17:02 5.210 INF NET: Starting server protocols
2026-08-24T14:17:02 5.236 INF NET: LiteNetLib server started
2026-08-24T14:17:02 5.237 INF [Steamworks.NET] NET: Server started
2026-08-24T14:17:02 5.237 INF Started thread SteamNetworkingServer
2026-08-24T14:17:02 5.238 INF StartGame
2026-08-24T14:17:02 5.259 INF Persistent GamePrefs saved
GamePref.AdminFileName = serveradmin.xml
GamePref.AirDropFrequency = 3
GamePref.AirDropMarker = True
GamePref.AISmellMode = 3
GamePref.AllowSpawnNearBackpack = True
GamePref.AllowSpawnNearFriend = 2
GamePref.AutopilotMode = 0
GamePref.BedrollDeadZoneSize = 15
GamePref.BedrollExpiryTime = 45
GamePref.BiomeProgression = True
GamePref.BlockDamageAI = 100
GamePref.BlockDamageAIBM = 100
GamePref.BlockDamagePlayer = 100
GamePref.BloodMoonEnemyCount = 8
GamePref.BloodMoonFrequency = 7
GamePref.BloodMoonRange = 0
GamePref.BloodMoonWarning = 8
GamePref.BuildCreate = False
GamePref.CameraRestrictionMode = 0
GamePref.ConnectToServerIP = 127.0.0.1
GamePref.ConnectToServerPort = 26900
GamePref.CreateLevelDim = 4096
GamePref.CreateLevelName = My Level
GamePref.CreativeMenuEnabled = False
GamePref.DayCount = 3
GamePref.DayLightLength = 40
GamePref.DayNightLength = 60
GamePref.DeathPenalty = 1
GamePref.DebugMenuEnabled = False
GamePref.DebugMenuShowTasks = False
GamePref.DebugPanelsEnabled = -
GamePref.DebugStopEnemiesMoving = False
GamePref.DiscordAutoJoinVoiceMode = 0
GamePref.DiscordDisabled = False
GamePref.DiscordDmPrivacyMode = True
GamePref.DiscordFirstTimeInfoShown = False
GamePref.DiscordInputVolume = 1
GamePref.DiscordLastAccountType = 0
GamePref.DiscordMuteDmNotifications = True
GamePref.DiscordOutputVolume = 1
GamePref.DiscordSelectedInputDevice = default
GamePref.DiscordSelectedOutputDevice = default
GamePref.DiscordVoiceModePtt = False
GamePref.DiscordVoiceVadModeAuto = True
GamePref.DiscordVoiceVadThreshold = -60
GamePref.DropOnDeath = 1
GamePref.DropOnQuit = 0
GamePref.DynamicMeshDistance = 1000
GamePref.DynamicMeshEnabled = True
GamePref.DynamicMeshLandClaimBuffer = 3
GamePref.DynamicMeshLandClaimOnly = True
GamePref.DynamicMeshMaxItemCache = 3
GamePref.DynamicMeshMaxRegionCache = 1
GamePref.DynamicMeshUseImposters = False
GamePref.DynamicSpawner = 
GamePref.EACEnabled = False
GamePref.EnableMapRendering = False
GamePref.EnemyDifficulty = 0
GamePref.EnemySpawnMode = True
GamePref.EulaLatestVersion = 0
GamePref.EulaVersionAccepted = -1
GamePref.FavoriteServersList = 
GamePref.FragLimit = 20
GamePref.GameDifficulty = 1
GamePref.GameGuidClient = 
GamePref.GameMode = GameModeSurvival
GamePref.GameName = WasmAcceptance1
GamePref.GameNameClient = My Game
GamePref.GameSaveStorageType = 0
GamePref.GameVersion = V 3.1.0
GamePref.GameWorld = Navezgane
GamePref.GameWorldLocationType = 5
GamePref.HideCommandExecutionLog = 0
GamePref.IgnoreEOSSanctions = False
GamePref.JarRefund = 60
GamePref.JoiningOptions = True
GamePref.LandClaimCount = 5
GamePref.LandClaimDeadZone = 30
GamePref.LandClaimDecayMode = 0
GamePref.LandClaimExpiryTime = 7
GamePref.LandClaimOfflineDelay = 0
GamePref.LandClaimOfflineDurabilityModifier = 4
GamePref.LandClaimOnlineDurabilityModifier = 4
GamePref.LandClaimSize = 41
GamePref.Language = 
GamePref.LanguageBrowser = 
GamePref.LastGameResetRevision = 0
GamePref.LastLoadedPrefab = 
GamePref.LastLoadingTipRead = -1
GamePref.LootAbundance = 100
GamePref.LootRespawnDays = 7
GamePref.LootTimer = 
GamePref.MatchLength = 10
GamePref.MaxChunkAge = -1
GamePref.MaxQueuedMeshLayers = 40
GamePref.MaxSpawnedAnimals = 50
GamePref.MaxSpawnedZombies = 16
GamePref.MaxUncoveredMapChunksPerPlayer = 131072
GamePref.NoGraphicsMode = True
GamePref.OptionsAllowController = True
GamePref.OptionsAmbientVolumeLevel = 1
GamePref.OptionsAudioOcclusion = False
GamePref.OptionsAutoPartyWithFriends = True
GamePref.OptionsBackgroundGlobalOpacity = 0.95
GamePref.OptionsBindingsResetRevision = 0
GamePref.OptionsChatCommunication = True
GamePref.OptionsControllerAimAssists = True
GamePref.OptionsControllerCursorHoverSensitivity = 0.5
GamePref.OptionsControllerCursorSnap = True
GamePref.OptionsControllerIconStyle = 0
GamePref.OptionsControllerJoystickLayout = 0
GamePref.OptionsControllerLookAcceleration = 4
GamePref.OptionsControllerLookAxisDeadzone = 0.1
GamePref.OptionsControllerLookInvert = False
GamePref.OptionsControllerMoveAxisDeadzone = 0.1
GamePref.OptionsControllerSensitivityX = 0.35
GamePref.OptionsControllerSensitivityY = 0.25
GamePref.OptionsControllerTriggerEffects = False
GamePref.OptionsControllerVehicleSensitivity = 1
GamePref.OptionsControllerVibration = True
GamePref.OptionsControllerVibrationStrength = 2
GamePref.OptionsControllerWeaponAiming = False
GamePref.OptionsControllerZoomSensitivity = 0.5
GamePref.OptionsControlsDefaultQuickAction = 0
GamePref.OptionsControlsResetRevision = 0
GamePref.OptionsControlsSprintLock = 1
GamePref.OptionsCrosshairADS = True
GamePref.OptionsCrosshairColor = 0
GamePref.OptionsCrosshairDot3P = True
GamePref.OptionsCrosshairEnabled = True
GamePref.OptionsCrosshairOpacity = 1
GamePref.OptionsCrosshairRangedEnabled = True
GamePref.OptionsCrosshairScale = 1
GamePref.OptionsCrosshairThickness = 0.2
GamePref.OptionsCrossplay = True
GamePref.OptionsDisableChunkLODs = False
GamePref.OptionsDisableXmlEvents = False
GamePref.OptionsDynamicMusicDailyTime = 0.45
GamePref.OptionsDynamicMusicEnabled = True
GamePref.OptionsFilterProfanity = False
GamePref.OptionsForegroundGlobalOpacity = 1
GamePref.OptionsGfx3PCameraMode = 0
GamePref.OptionsGfxAA = 1
GamePref.OptionsGfxAASharpness = 0
GamePref.OptionsGfxBloom = True
GamePref.OptionsGfxBrightness = 0.5
GamePref.OptionsGfxCameraDistance3P = 0.25
GamePref.OptionsGfxDefaultFirstPersonCamera = True
GamePref.OptionsGfxDOF = False
GamePref.OptionsGfxDynamicMinFPS = 30
GamePref.OptionsGfxDynamicMode = 0
GamePref.OptionsGfxDynamicScale = 1
GamePref.OptionsGfxFOV = 65
GamePref.OptionsGfxFOV3P = 65
GamePref.OptionsGfxFSRPreset = 2
GamePref.OptionsGfxGrassDistance = 1
GamePref.OptionsGfxLimitFpsInGame = -1
GamePref.OptionsGfxLODDistance = 0.5
GamePref.OptionsGfxMotionBlur = 1
GamePref.OptionsGfxMotionBlurEnabled = True
GamePref.OptionsGfxObjQuality = 3
GamePref.OptionsGfxOcclusion = True
GamePref.OptionsGfxQualityPreset = 2
GamePref.OptionsGfxReflectQuality = 1
GamePref.OptionsGfxReflectShadows = False
GamePref.OptionsGfxResetRevision = 0
GamePref.OptionsGfxResolution = 0
GamePref.OptionsGfxShadowDistance = 1
GamePref.OptionsGfxShadowQuality = 1
GamePref.OptionsGfxSignQuality = 2
GamePref.OptionsGfxSSAO = True
GamePref.OptionsGfxSSReflections = 1
GamePref.OptionsGfxStreamMipmaps = True
GamePref.OptionsGfxSunShafts = True
GamePref.OptionsGfxTerrainQuality = 3
GamePref.OptionsGfxTexFilter = 1
GamePref.OptionsGfxTexQuality = 1
GamePref.OptionsGfxTreeDistance = 4
GamePref.OptionsGfxUpscalerMode = 4
GamePref.OptionsGfxViewDistance = 6
GamePref.OptionsGfxVsync = 1
GamePref.OptionsGfxWaterPtlLimiter = 0.5
GamePref.OptionsGfxWaterQuality = 1
GamePref.OptionsHudOpacity = 1
GamePref.OptionsHudSize = 1
GamePref.OptionsInterfaceSensitivity = 0.5
GamePref.OptionsIntroMovieEnabled = True
GamePref.OptionsInvertMouse = False
GamePref.OptionsJournalPopup = True
GamePref.OptionsLookSensitivity = 0.5
GamePref.OptionsMenuMusicVolumeLevel = 0.7
GamePref.OptionsMicVolumeLevel = 0.75
GamePref.OptionsMumblePositionalAudioSupport = False
GamePref.OptionsMusicVolumeLevel = 0.6
GamePref.OptionsOverallAudioVolumeLevel = 1
GamePref.OptionsPlayChanceFrequency = 3
GamePref.OptionsPlayChanceProbability = 0.983
GamePref.OptionsPlayerModelTexture = Player/Male/Player_male
GamePref.OptionsPOICulling = 1
GamePref.OptionsPoiVolumesSkipDeleteConfirmation = False
GamePref.OptionsQuestsAutoAccept = True
GamePref.OptionsQuestsAutoShare = True
GamePref.OptionsScreenBoundsValue = 1
GamePref.OptionsSelectionBoxAlphaMultiplier = 0.4
GamePref.OptionsShowCompass = True
GamePref.OptionsShowConsoleButton = False
GamePref.OptionsShowCrosshair = True
GamePref.OptionsStabSpawnBlocksOnGround = True
GamePref.OptionsSubtitlesEnabled = True
GamePref.OptionsTempCelsius = False
GamePref.OptionsUiCompassUseEnglishCardinalDirections = False
GamePref.OptionsUiFpsScaling = 1
GamePref.OptionsVehicleLookSensitivity = 0.5
GamePref.OptionsVoiceChatEnabled = True
GamePref.OptionsVoiceInputDevice = 
GamePref.OptionsVoiceOutputDevice = 
GamePref.OptionsVoiceVolumeLevel = 0.75
GamePref.OptionsWeaponAiming = False
GamePref.OptionsZoomAccel = 0.5
GamePref.OptionsZoomSensitivity = 0.3
GamePref.PartySharedKillRange = 100
GamePref.PersistentPlayerProfiles = False
GamePref.PlayerAutologin = False
GamePref.PlayerKillingMode = KillStrangersOnly
GamePref.PlayerName = Player
GamePref.PlayerSafeZoneHours = 7
GamePref.PlayerSafeZoneLevel = 5
GamePref.PlaytestBiome = 3
GamePref.QuestProgressionDailyLimit = 4
GamePref.RebuildMap = False
GamePref.Region = 
GamePref.ResetUnprotectedChunks = 0
GamePref.SandboxCode = 
GamePref.SandboxPreset = 
GamePref.SaveDataLimit = -1
GamePref.SaveDataLimitType = Unlimited
GamePref.SelectionContextMode = 0
GamePref.SelectionOperationMode = 0
GamePref.ServerAdminSlots = 0
GamePref.ServerAdminSlotsPermission = 0
GamePref.ServerAllowCrossplay = True
GamePref.ServerDescription = 
GamePref.ServerDisabledNetworkProtocols = 
GamePref.ServerEACPeerToPeer = True
GamePref.ServerEnabled = True
GamePref.ServerIP = 
GamePref.ServerIsPublic = False
GamePref.ServerLoginConfirmationText = 
GamePref.ServerMatchmakingGroup = 
GamePref.ServerMaxAllowedViewDistance = 12
GamePref.ServerMaxPlayerCount = 4
GamePref.ServerMaxWorldTransferSpeedKiBs = 512
GamePref.ServerName = Default Server
GamePref.ServerPort = 26900
GamePref.ServerReservedSlots = 0
GamePref.ServerReservedSlotsPermission = 100
GamePref.ServerVisibility = 2
GamePref.ServerWebsiteURL = 
GamePref.ShowFriendPlayerOnMap = True
GamePref.SkipSpawnButton = False
GamePref.StormFreq = 100
GamePref.TelnetEnabled = True
GamePref.TelnetFailedLoginLimit = 10
GamePref.TelnetFailedLoginsBlocktime = 10
GamePref.TelnetPort = 8081
GamePref.TerminalWindowEnabled = True
GamePref.TwitchBloodMoonAllowed = True
GamePref.TwitchServerPermission = 90
GamePref.UNUSED_ControlPanelEnabled = False
GamePref.UNUSED_ControlPanelPort = 8080
GamePref.UNUSED_LastLoadedPrefabSize = 
GamePref.UNUSED_NewGameSetDefaults = 
GamePref.UNUSED_OptionsBloom = 
GamePref.UNUSED_OptionsDOF = 
GamePref.UNUSED_OptionsFieldOfViewNew = 
GamePref.UNUSED_OptionsGamma = 
GamePref.UNUSED_OptionsGfxGameplayResolutionHeight = 
GamePref.UNUSED_OptionsGfxGameplayResolutionWidth = 
GamePref.UNUSED_OptionsGfxUMATexQuality = 
GamePref.UNUSED_OptionsMotionBlur = 
GamePref.UNUSED_OptionsObjectBlur = 
GamePref.UNUSED_OptionsPlayerModel = playerMale
GamePref.UNUSED_OptionsReflectionBounces = 
GamePref.UNUSED_OptionsReflectionCullList = 
GamePref.UNUSED_OptionsReflectionFarClip = 
GamePref.UNUSED_OptionsReflectionRefreshMode = 
GamePref.UNUSED_OptionsReflectionShadowDistance = 
GamePref.UNUSED_OptionsReflectionTimeSlicingMode = 
GamePref.UNUSED_OptionsSSAO = 
GamePref.UNUSED_OptionsStreamingMipmapsBudget = 
GamePref.UNUSED_OptionsSunShafts = 
GamePref.UNUSED_PlayerId = 
GamePref.UNUSED_SaveGameFolder = 
GamePref.UNUSED_UserDataFolder = 
GamePref.UserWorldStorageType = 0
GamePref.WebDashboardEnabled = False
GamePref.WebDashboardPort = 8080
GamePref.WebDashboardUrl = 
GamePref.WorldGenSeed = 
GamePref.WorldGenSize = 8192
GamePref.XPMultiplier = 100
GamePref.ZombieBMMove = 3
GamePref.ZombieFeralMove = 3
GamePref.ZombieFeralSense = 0
GamePref.ZombieMove = 0
GamePref.ZombieMoveNight = 3
GamePref.ZombiePlayers = True
GameStat.AirDropFrequency = 0
GameStat.AirDropMarker = True
GameStat.AllowedViewDistance = 12
GameStat.AnimalCount = 0
GameStat.AutoParty = False
GameStat.BedrollExpiryTime = 45
GameStat.BiomeGSModifier = 100
GameStat.BiomeLSModifier = 100
GameStat.BiomeProgression = True
GameStat.BlockDamageAI = 100
GameStat.BlockDamageAIBM = 100
GameStat.BlockDamagePlayer = 100
GameStat.BloodMoonDay = 0
GameStat.BloodMoonEnemyCount = 8
GameStat.BloodMoonWarning = 8
GameStat.CameraRestrictionMode = 0
GameStat.ChunkStabilityEnabled = True
GameStat.CurrentRoundIx = 0
GameStat.DayLightLength = 18
GameStat.DayLimitActive = False
GameStat.DayLimitThisRound = 0
GameStat.DayNightLength = 60
GameStat.DeathPenalty = XPOnly
GameStat.DropOnDeath = 1
GameStat.DropOnQuit = 0
GameStat.EnemyCount = 0
GameStat.EnemyDifficulty = Normal
GameStat.EnemySpawnMode = True
GameStat.FragLimitActive = False
GameStat.FragLimitThisRound = 0
GameStat.GameDifficulty = 2
GameStat.GameModeId = 0
GameStat.GameState = 0
GameStat.GlobalGSModifier = 100
GameStat.GlobalLSModifier = 100
GameStat.GlobalMessageToShow = 
GameStat.IsCreativeMenuEnabled = False
GameStat.IsFlyingEnabled = False
GameStat.IsPlayerCollisionEnabled = True
GameStat.IsPlayerDamageEnabled = True
GameStat.IsResetMapOnRestart = False
GameStat.IsSaveSupplyCrates = True
GameStat.IsSpawnEnemies = True
GameStat.IsSpawnNearOtherPlayer = False
GameStat.IsTeleportEnabled = False
GameStat.IsVersionCheckDone = False
GameStat.JarRefund = 60
GameStat.LandClaimCount = 5
GameStat.LandClaimDeadZone = 30
GameStat.LandClaimDecayMode = 0
GameStat.LandClaimExpiryTime = 3
GameStat.LandClaimOfflineDelay = 0
GameStat.LandClaimOfflineDurabilityModifier = 32
GameStat.LandClaimOnlineDurabilityModifier = 32
GameStat.LandClaimSize = 41
GameStat.LoadScene = 
GameStat.LootAbundance = 100
GameStat.LootRespawnDays = 7
GameStat.LootTimer = 
GameStat.OptionsPOICulling = 0
GameStat.PartySharedKillRange = 100
GameStat.PlayerKillingMode = KillStrangersOnly
GameStat.QuestProgressionDailyLimit = 4
GameStat.SandboxCode = 
GameStat.SandboxPreset = 
GameStat.ScoreDiedMultiplier = -5
GameStat.ScorePlayerKillMultiplier = 1
GameStat.ScoreZombieKillMultiplier = 1
GameStat.ShowAllPlayersOnMap = False
GameStat.ShowFriendPlayerOnMap = True
GameStat.ShowSpawnWindow = False
GameStat.ShowWindow = 
GameStat.StormFreq = 0
GameStat.TimeLimitActive = False
GameStat.TimeLimitThisRound = 0
GameStat.TimeOfDayIncPerSec = 20
GameStat.TwitchBloodMoonAllowed = True
GameStat.UNUSED_GameDifficultyBonus = 
GameStat.UNUSED_ShowZombieCounter = 
GameStat.XPMultiplier = 100
GameStat.ZombieHordeMeter = False
Sandbox Code: 
Sandbox Options:
  - Invalid code -
2026-08-24T14:17:02 5.268 INF [PlatformApplication] restart required = False
2026-08-24T14:17:02 5.270 INF StartAsServer
2026-08-24T14:17:02 5.349 WRN save folder does not exist
2026-08-24T14:17:02 5.363 INF Loaded (local): events in 0.00
2026-08-24T14:17:02 5.377 INF Loaded (local): materials in 0.01
2026-08-24T14:17:02 5.393 INF Loaded (local): physicsbodies in 0.01
2026-08-24T14:17:02 5.402 INF Loaded (local): painting in 0.00
2026-08-24T14:17:02 5.493 INF Loaded (local): shapes in 0.02
2026-08-24T14:17:02 5.547 INF Chat (from '-non-player-', entity id '-1', to 'Global'): hello survivor from a wasm mod at tick 21000
Unrecognized thread niceness after calling setpriority. Target niceness is 0 and actual niceness is 10
2026-08-24T14:17:04 7.911 INF [wasm] hello mod alive at tick 21700 (world 0)
ERROR: Shader Legacy Shaders/Transparent/Cutout/VertexLit shader is not supported on this GPU (none of subshaders/fallbacks are suitable)
WARNING: Shader Unsupported: 'Game/SpeedTree8' - All subshaders removed
WARNING: Shader Did you use #pragma only_renderers and omit this platform?
WARNING: Shader If subshaders removal was intentional, you may have forgotten turning Fallback off?
ERROR: Shader Game/SpeedTree8 shader is not supported on this GPU (none of subshaders/fallbacks are suitable)
WARNING: Shader Unsupported: 'Game/SpeedTree8' - All subshaders removed
WARNING: Shader Did you use #pragma only_renderers and omit this platform?
WARNING: Shader If subshaders removal was intentional, you may have forgotten turning Fallback off?
WARNING: Shader Unsupported: 'Nature/SpeedTree8' - All subshaders removed
WARNING: Shader Did you use #pragma only_renderers and omit this platform?
WARNING: Shader If subshaders removal was intentional, you may have forgotten turning Fallback off?
ERROR: Shader Nature/SpeedTree8 shader is not supported on this GPU (none of subshaders/fallbacks are suitable)
WARNING: Shader Unsupported: 'Nature/SpeedTree8' - All subshaders removed
WARNING: Shader Did you use #pragma only_renderers and omit this platform?
WARNING: Shader If subshaders removal was intentional, you may have forgotten turning Fallback off?
ERROR: Shader Game/BlockMissing shader is not supported on this GPU (none of subshaders/fallbacks are suitable)
WARNING: Shader Unsupported: '7DTD/7DTD_Liquid' - All subshaders removed
WARNING: Shader Did you use #pragma only_renderers and omit this platform?
WARNING: Shader If subshaders removal was intentional, you may have forgotten turning Fallback off?
ERROR: Shader 7DTD/7DTD_Liquid shader is not supported on this GPU (none of subshaders/fallbacks are suitable)
WARNING: Shader Unsupported: '7DTD/7DTD_Liquid' - All subshaders removed
WARNING: Shader Did you use #pragma only_renderers and omit this platform?
WARNING: Shader If subshaders removal was intentional, you may have forgotten turning Fallback off?
WARNING: Shader Unsupported: 'Custom/SignTextShader' - All subshaders removed
WARNING: Shader Did you use #pragma only_renderers and omit this platform?
WARNING: Shader If subshaders removal was intentional, you may have forgotten turning Fallback off?
ERROR: Shader Custom/SignTextShader shader is not supported on this GPU (none of subshaders/fallbacks are suitable)
WARNING: Shader Unsupported: 'Custom/SignTextShader' - All subshaders removed
WARNING: Shader Did you use #pragma only_renderers and omit this platform?
WARNING: Shader If subshaders removal was intentional, you may have forgotten turning Fallback off?
ERROR: Shader Game/SemiTransGlow shader is not supported on this GPU (none of subshaders/fallbacks are suitable)
WARNING: Shader Unsupported: 'Game Particles/Unlit' - All subshaders removed
WARNING: Shader Did you use #pragma only_renderers and omit this platform?
WARNING: Shader If subshaders removal was intentional, you may have forgotten turning Fallback off?
ERROR: Shader Game Particles/Unlit shader is not supported on this GPU (none of subshaders/fallbacks are suitable)
WARNING: Shader Unsupported: 'Game Particles/Unlit' - All subshaders removed
WARNING: Shader Did you use #pragma only_renderers and omit this platform?
WARNING: Shader If subshaders removal was intentional, you may have forgotten turning Fallback off?
ERROR: Shader Game/SemiTransGlow shader is not supported on this GPU (none of subshaders/fallbacks are suitable)
The referenced script on this Behaviour (Game Object '<null>') is missing!
WARNING: Shader Unsupported: 'GameScreenFlicker' - All subshaders removed
WARNING: Shader Did you use #pragma only_renderers and omit this platform?
WARNING: Shader If subshaders removal was intentional, you may have forgotten turning Fallback off?
ERROR: Shader GameScreenFlicker shader is not supported on this GPU (none of subshaders/fallbacks are suitable)
WARNING: Shader Unsupported: 'GameScreenFlicker' - All subshaders removed
WARNING: Shader Did you use #pragma only_renderers and omit this platform?
WARNING: Shader If subshaders removal was intentional, you may have forgotten turning Fallback off?
The referenced script on this Behaviour (Game Object '<null>') is missing!
The referenced script on this Behaviour (Game Object '<null>') is missing!
The referenced script on this Behaviour (Game Object '<null>') is missing!
The referenced script on this Behaviour (Game Object '<null>') is missing!
WARNING: Shader Unsupported: 'Game/TorchFire' - All subshaders removed
WARNING: Shader Did you use #pragma only_renderers and omit this platform?
WARNING: Shader If subshaders removal was intentional, you may have forgotten turning Fallback off?
ERROR: Shader Game/TorchFire shader is not supported on this GPU (none of subshaders/fallbacks are suitable)
WARNING: Shader Unsupported: 'Game/TorchFire' - All subshaders removed
WARNING: Shader Did you use #pragma only_renderers and omit this platform?
WARNING: Shader If subshaders removal was intentional, you may have forgotten turning Fallback off?
WARNING: Shader Unsupported: '7DTD/TorchGlow' - All subshaders removed
WARNING: Shader Did you use #pragma only_renderers and omit this platform?
WARNING: Shader If subshaders removal was intentional, you may have forgotten turning Fallback off?
ERROR: Shader 7DTD/TorchGlow shader is not supported on this GPU (none of subshaders/fallbacks are suitable)
WARNING: Shader Unsupported: '7DTD/TorchGlow' - All subshaders removed
WARNING: Shader Did you use #pragma only_renderers and omit this platform?
WARNING: Shader If subshaders removal was intentional, you may have forgotten turning Fallback off?
WARNING: Shader Unsupported: 'Game Particles/Unlit' - All subshaders removed
WARNING: Shader Did you use #pragma only_renderers and omit this platform?
WARNING: Shader If subshaders removal was intentional, you may have forgotten turning Fallback off?
ERROR: Shader Game Particles/Unlit shader is not supported on this GPU (none of subshaders/fallbacks are suitable)
WARNING: Shader Unsupported: 'Game Particles/Unlit' - All subshaders removed
WARNING: Shader Did you use #pragma only_renderers and omit this platform?
WARNING: Shader If subshaders removal was intentional, you may have forgotten turning Fallback off?
WARNING: Shader Unsupported: 'Game/TorchFire' - All subshaders removed
WARNING: Shader Did you use #pragma only_renderers and omit this platform?
WARNING: Shader If subshaders removal was intentional, you may have forgotten turning Fallback off?
ERROR: Shader Game/TorchFire shader is not supported on this GPU (none of subshaders/fallbacks are suitable)
WARNING: Shader Unsupported: 'Game/TorchFire' - All subshaders removed
WARNING: Shader Did you use #pragma only_renderers and omit this platform?
WARNING: Shader If subshaders removal was intentional, you may have forgotten turning Fallback off?
2026-08-24T14:17:10 13.049 INF [wasm] hello mod alive at tick 21800 (world 0)
WARNING: Shader Unsupported: '7DTD/7DTD_Cobweb' - All subshaders removed
WARNING: Shader Did you use #pragma only_renderers and omit this platform?
WARNING: Shader If subshaders removal was intentional, you may have forgotten turning Fallback off?
ERROR: Shader 7DTD/7DTD_Cobweb shader is not supported on this GPU (none of subshaders/fallbacks are suitable)
WARNING: Shader Unsupported: '7DTD/7DTD_Cobweb' - All subshaders removed
WARNING: Shader Did you use #pragma only_renderers and omit this platform?
WARNING: Shader If subshaders removal was intentional, you may have forgotten turning Fallback off?
WARNING: Shader Unsupported: 'Game/EntityTintMaskSSS' - All subshaders removed
WARNING: Shader Did you use #pragma only_renderers and omit this platform?
WARNING: Shader If subshaders removal was intentional, you may have forgotten turning Fallback off?
ERROR: Shader Game/EntityTintMaskSSS shader is not supported on this GPU (none of subshaders/fallbacks are suitable)
WARNING: Shader Unsupported: 'Game/EntityTintMaskSSS' - All subshaders removed
WARNING: Shader Did you use #pragma only_renderers and omit this platform?
WARNING: Shader If subshaders removal was intentional, you may have forgotten turning Fallback off?
WARNING: Shader Unsupported: 'Game/EntityTintMaskSSS' - All subshaders removed
WARNING: Shader Did you use #pragma only_renderers and omit this platform?
WARNING: Shader If subshaders removal was intentional, you may have forgotten turning Fallback off?
ERROR: Shader Game/EntityTintMaskSSS shader is not supported on this GPU (none of subshaders/fallbacks are suitable)
WARNING: Shader Unsupported: 'Game/EntityTintMaskSSS' - All subshaders removed
WARNING: Shader Did you use #pragma only_renderers and omit this platform?
WARNING: Shader If subshaders removal was intentional, you may have forgotten turning Fallback off?
WARNING: Shader Unsupported: 'Game/CharacterPlayerOutfit' - All subshaders removed
WARNING: Shader Did you use #pragma only_renderers and omit this platform?
WARNING: Shader If subshaders removal was intentional, you may have forgotten turning Fallback off?
ERROR: Shader Game/CharacterPlayerOutfit shader is not supported on this GPU (none of subshaders/fallbacks are suitable)
WARNING: Shader Unsupported: 'Game/CharacterPlayerOutfit' - All subshaders removed
WARNING: Shader Did you use #pragma only_renderers and omit this platform?
WARNING: Shader If subshaders removal was intentional, you may have forgotten turning Fallback off?
WARNING: Shader Unsupported: 'Game Particles/Lit' - All subshaders removed
WARNING: Shader Did you use #pragma only_renderers and omit this platform?
WARNING: Shader If subshaders removal was intentional, you may have forgotten turning Fallback off?
ERROR: Shader Game Particles/Lit shader is not supported on this GPU (none of subshaders/fallbacks are suitable)
WARNING: Shader Unsupported: 'Game Particles/Lit' - All subshaders removed
WARNING: Shader Did you use #pragma only_renderers and omit this platform?
WARNING: Shader If subshaders removal was intentional, you may have forgotten turning Fallback off?
WARNING: Shader Unsupported: '7DTD/7DTD_Sign_Illuminated' - All subshaders removed
WARNING: Shader Did you use #pragma only_renderers and omit this platform?
WARNING: Shader If subshaders removal was intentional, you may have forgotten turning Fallback off?
ERROR: Shader 7DTD/7DTD_Sign_Illuminated shader is not supported on this GPU (none of subshaders/fallbacks are suitable)
WARNING: Shader Unsupported: '7DTD/7DTD_Sign_Illuminated' - All subshaders removed
WARNING: Shader Did you use #pragma only_renderers and omit this platform?
WARNING: Shader If subshaders removal was intentional, you may have forgotten turning Fallback off?
WARNING: Shader Unsupported: 'Custom/SignTextShader' - All subshaders removed
WARNING: Shader Did you use #pragma only_renderers and omit this platform?
WARNING: Shader If subshaders removal was intentional, you may have forgotten turning Fallback off?
ERROR: Shader Custom/SignTextShader shader is not supported on this GPU (none of subshaders/fallbacks are suitable)
WARNING: Shader Unsupported: 'Custom/SignTextShader' - All subshaders removed
WARNING: Shader Did you use #pragma only_renderers and omit this platform?
WARNING: Shader If subshaders removal was intentional, you may have forgotten turning Fallback off?
WARNING: Shader Unsupported: 'Game/SignTech/Standard' - All subshaders removed
WARNING: Shader Did you use #pragma only_renderers and omit this platform?
WARNING: Shader If subshaders removal was intentional, you may have forgotten turning Fallback off?
ERROR: Shader Game/SignTech/Standard shader is not supported on this GPU (none of subshaders/fallbacks are suitable)
WARNING: Shader Unsupported: 'Game/SignTech/Standard' - All subshaders removed
WARNING: Shader Did you use #pragma only_renderers and omit this platform?
WARNING: Shader If subshaders removal was intentional, you may have forgotten turning Fallback off?
WARNING: Shader Unsupported: 'Game/SignTech/CutoutFallback' - All subshaders removed
WARNING: Shader Did you use #pragma only_renderers and omit this platform?
WARNING: Shader If subshaders removal was intentional, you may have forgotten turning Fallback off?
ERROR: Shader Game/SignTech/CutoutFallback shader is not supported on this GPU (none of subshaders/fallbacks are suitable)
WARNING: Shader Unsupported: 'Game/SignTech/CutoutFallback' - All subshaders removed
WARNING: Shader Did you use #pragma only_renderers and omit this platform?
WARNING: Shader If subshaders removal was intentional, you may have forgotten turning Fallback off?
WARNING: Shader Unsupported: 'Game/SignTech/Cutout' - All subshaders removed
WARNING: Shader Did you use #pragma only_renderers and omit this platform?
WARNING: Shader If subshaders removal was intentional, you may have forgotten turning Fallback off?
ERROR: Shader Game/SignTech/Cutout shader is not supported on this GPU (none of subshaders/fallbacks are suitable)
WARNING: Shader Unsupported: 'Game/SignTech/Cutout' - All subshaders removed
WARNING: Shader Did you use #pragma only_renderers and omit this platform?
WARNING: Shader If subshaders removal was intentional, you may have forgotten turning Fallback off?
WARNING: Shader Unsupported: 'Game/Cloth' - All subshaders removed
WARNING: Shader Did you use #pragma only_renderers and omit this platform?
WARNING: Shader If subshaders removal was intentional, you may have forgotten turning Fallback off?
ERROR: Shader Game/Cloth shader is not supported on this GPU (none of subshaders/fallbacks are suitable)
WARNING: Shader Unsupported: 'Game/Cloth' - All subshaders removed
WARNING: Shader Did you use #pragma only_renderers and omit this platform?
WARNING: Shader If subshaders removal was intentional, you may have forgotten turning Fallback off?
WARNING: Shader Unsupported: 'Game/Cloth Sign' - All subshaders removed
WARNING: Shader Did you use #pragma only_renderers and omit this platform?
WARNING: Shader If subshaders removal was intentional, you may have forgotten turning Fallback off?
ERROR: Shader Game/Cloth Sign shader is not supported on this GPU (none of subshaders/fallbacks are suitable)
WARNING: Shader Unsupported: 'Game/Cloth Sign' - All subshaders removed
WARNING: Shader Did you use #pragma only_renderers and omit this platform?
WARNING: Shader If subshaders removal was intentional, you may have forgotten turning Fallback off?
WARNING: Shader Unsupported: 'Game/Entity Tint Mask Sign' - All subshaders removed
WARNING: Shader Did you use #pragma only_renderers and omit this platform?
WARNING: Shader If subshaders removal was intentional, you may have forgotten turning Fallback off?
ERROR: Shader Game/Entity Tint Mask Sign shader is not supported on this GPU (none of subshaders/fallbacks are suitable)
WARNING: Shader Unsupported: 'Game/Entity Tint Mask Sign' - All subshaders removed
WARNING: Shader Did you use #pragma only_renderers and omit this platform?
WARNING: Shader If subshaders removal was intentional, you may have forgotten turning Fallback off?
WARNING: Shader Unsupported: 'Game/SpeedTree' - All subshaders removed
WARNING: Shader Did you use #pragma only_renderers and omit this platform?
WARNING: Shader If subshaders removal was intentional, you may have forgotten turning Fallback off?
ERROR: Shader Game/SpeedTree shader is not supported on this GPU (none of subshaders/fallbacks are suitable)
WARNING: Shader Unsupported: 'Game/SpeedTree' - All subshaders removed
WARNING: Shader Did you use #pragma only_renderers and omit this platform?
WARNING: Shader If subshaders removal was intentional, you may have forgotten turning Fallback off?
WARNING: Shader Unsupported: 'Game/SpeedTree Billboard' - All subshaders removed
WARNING: Shader Did you use #pragma only_renderers and omit this platform?
WARNING: Shader If subshaders removal was intentional, you may have forgotten turning Fallback off?
ERROR: Shader Game/SpeedTree Billboard shader is not supported on this GPU (none of subshaders/fallbacks are suitable)
WARNING: Shader Unsupported: 'Game/SpeedTree Billboard' - All subshaders removed
WARNING: Shader Did you use #pragma only_renderers and omit this platform?
WARNING: Shader If subshaders removal was intentional, you may have forgotten turning Fallback off?
WARNING: Shader Unsupported: 'Standard' - All subshaders removed
WARNING: Shader Did you use #pragma only_renderers and omit this platform?
WARNING: Shader If subshaders removal was intentional, you may have forgotten turning Fallback off?
ERROR: Shader Standard shader is not supported on this GPU (none of subshaders/fallbacks are suitable)
WARNING: Shader Unsupported: 'Standard' - All subshaders removed
WARNING: Shader Did you use #pragma only_renderers and omit this platform?
WARNING: Shader If subshaders removal was intentional, you may have forgotten turning Fallback off?
WARNING: Shader Unsupported: 'Game/EntityTintMaskSSS' - All subshaders removed
WARNING: Shader Did you use #pragma only_renderers and omit this platform?
WARNING: Shader If subshaders removal was intentional, you may have forgotten turning Fallback off?
ERROR: Shader Game/EntityTintMaskSSS shader is not supported on this GPU (none of subshaders/fallbacks are suitable)
WARNING: Shader Unsupported: 'Game/EntityTintMaskSSS' - All subshaders removed
WARNING: Shader Did you use #pragma only_renderers and omit this platform?
WARNING: Shader If subshaders removal was intentional, you may have forgotten turning Fallback off?
WARNING: Shader Unsupported: 'Nature/SpeedTree Billboard' - All subshaders removed
WARNING: Shader Did you use #pragma only_renderers and omit this platform?
WARNING: Shader If subshaders removal was intentional, you may have forgotten turning Fallback off?
ERROR: Shader Nature/SpeedTree Billboard shader is not supported on this GPU (none of subshaders/fallbacks are suitable)
WARNING: Shader Unsupported: 'Nature/SpeedTree Billboard' - All subshaders removed
WARNING: Shader Did you use #pragma only_renderers and omit this platform?
WARNING: Shader If subshaders removal was intentional, you may have forgotten turning Fallback off?
WARNING: Shader Unsupported: 'Nature/SpeedTree' - All subshaders removed
WARNING: Shader Did you use #pragma only_renderers and omit this platform?
WARNING: Shader If subshaders removal was intentional, you may have forgotten turning Fallback off?
ERROR: Shader Nature/SpeedTree shader is not supported on this GPU (none of subshaders/fallbacks are suitable)
WARNING: Shader Unsupported: 'Nature/SpeedTree' - All subshaders removed
WARNING: Shader Did you use #pragma only_renderers and omit this platform?
WARNING: Shader If subshaders removal was intentional, you may have forgotten turning Fallback off?
WARNING: Shader Unsupported: 'Game/Autodesk XFade' - All subshaders removed
WARNING: Shader Did you use #pragma only_renderers and omit this platform?
WARNING: Shader If subshaders removal was intentional, you may have forgotten turning Fallback off?
ERROR: Shader Game/Autodesk XFade shader is not supported on this GPU (none of subshaders/fallbacks are suitable)
WARNING: Shader Unsupported: 'Game/Autodesk XFade' - All subshaders removed
WARNING: Shader Did you use #pragma only_renderers and omit this platform?
WARNING: Shader If subshaders removal was intentional, you may have forgotten turning Fallback off?
Unloading 5 Unused Serialized files (Serialized files now loaded: 52)
2026-08-24T14:17:13 16.961 INF Block IDs with mapping
2026-08-24T14:17:13 16.978 INF Block IDs total 24809, terr 30, last 25030
2026-08-24T14:17:14 17.000 INF Loaded (local): blocks in 11.19
Unloading 28344 unused Assets to reduce memory usage. Loaded Objects now: 194236.
Total: 386.015485 ms (FindLiveObjects: 22.992674 ms CreateObjectMapping: 22.304013 ms MarkObjects: 330.873848 ms  DeleteObjects: 9.844059 ms)

2026-08-24T14:17:14 17.493 INF Loaded (local): progression in 0.09
2026-08-24T14:17:14 17.497 INF [wasm] hello mod alive at tick 21900 (world 0)
2026-08-24T14:17:14 17.516 INF [wasm] hello mod alive at tick 22000 (world 0)
2026-08-24T14:17:14 17.517 INF Chat (from '-non-player-', entity id '-1', to 'Global'): hello survivor from a wasm mod at tick 22000
WARNING: Shader Unsupported: '7DTD_Unity5/WaterInBucket' - All subshaders removed
WARNING: Shader Did you use #pragma only_renderers and omit this platform?
WARNING: Shader If subshaders removal was intentional, you may have forgotten turning Fallback off?
ERROR: Shader 7DTD_Unity5/WaterInBucket shader is not supported on this GPU (none of subshaders/fallbacks are suitable)
WARNING: Shader Unsupported: '7DTD_Unity5/WaterInBucket' - All subshaders removed
WARNING: Shader Did you use #pragma only_renderers and omit this platform?
WARNING: Shader If subshaders removal was intentional, you may have forgotten turning Fallback off?
2026-08-24T14:17:14 17.714 INF Loaded (local): buffs in 0.16
2026-08-24T14:17:14 17.715 INF [wasm] hello mod alive at tick 22100 (world 0)
2026-08-24T14:17:14 17.721 INF Loaded (local): misc in 0.00
2026-08-24T14:17:14 17.739 INF [wasm] hello mod alive at tick 22200 (world 0)
2026-08-24T14:17:14 17.757 INF [wasm] hello mod alive at tick 22300 (world 0)
2026-08-24T14:17:14 17.772 INF [wasm] hello mod alive at tick 22400 (world 0)
2026-08-24T14:17:14 17.787 INF [wasm] hello mod alive at tick 22500 (world 0)
WARNING: Shader Unsupported: '7DTD/TorchGlow' - All subshaders removed
WARNING: Shader Did you use #pragma only_renderers and omit this platform?
WARNING: Shader If subshaders removal was intentional, you may have forgotten turning Fallback off?
ERROR: Shader 7DTD/TorchGlow shader is not supported on this GPU (none of subshaders/fallbacks are suitable)
WARNING: Shader Unsupported: '7DTD/TorchGlow' - All subshaders removed
WARNING: Shader Did you use #pragma only_renderers and omit this platform?
WARNING: Shader If subshaders removal was intentional, you may have forgotten turning Fallback off?
2026-08-24T14:17:15 18.208 WRN Type:ItemClassWildChicken, Assembly-CSharp, Version=0.0.0.0, Culture=neutral, PublicKeyToken=null is missing the UnityEngine.Scripting.Preserve attribute, this will fail on consoles
WARNING: Shader Unsupported: 'Game Particles/Unlit' - All subshaders removed
WARNING: Shader Did you use #pragma only_renderers and omit this platform?
WARNING: Shader If subshaders removal was intentional, you may have forgotten turning Fallback off?
ERROR: Shader Game Particles/Unlit shader is not supported on this GPU (none of subshaders/fallbacks are suitable)
WARNING: Shader Unsupported: 'Game Particles/Unlit' - All subshaders removed
WARNING: Shader Did you use #pragma only_renderers and omit this platform?
WARNING: Shader If subshaders removal was intentional, you may have forgotten turning Fallback off?
2026-08-24T14:17:15 18.288 INF Loaded (local): items in 0.44
2026-08-24T14:17:15 18.293 INF [wasm] hello mod alive at tick 22600 (world 0)
ERROR: Shader Shader Forge/7DTD_Particle_Additive shader is not supported on this GPU (none of subshaders/fallbacks are suitable)
WARNING: Shader Unsupported: 'Game/Glass Reflex' - All subshaders removed
WARNING: Shader Did you use #pragma only_renderers and omit this platform?
WARNING: Shader If subshaders removal was intentional, you may have forgotten turning Fallback off?
ERROR: Shader Game/Glass Reflex shader is not supported on this GPU (none of subshaders/fallbacks are suitable)
WARNING: Shader Unsupported: 'Game/Glass Reflex' - All subshaders removed
WARNING: Shader Did you use #pragma only_renderers and omit this platform?
WARNING: Shader If subshaders removal was intentional, you may have forgotten turning Fallback off?
2026-08-24T14:17:15 18.337 INF Item IDs with mapping
2026-08-24T14:17:15 18.337 INF ItemIDs from Mapping
2026-08-24T14:17:15 18.341 INF ItemClass assignLeftOverItems 67056 of 81920
2026-08-24T14:17:15 18.425 INF Loaded (local): item_modifiers in 0.12
2026-08-24T14:17:15 18.504 INF [wasm] hello mod alive at tick 22700 (world 0)
2026-08-24T14:17:15 18.514 INF [wasm] hello mod alive at tick 22800 (world 0)
2026-08-24T14:17:15 18.534 INF [wasm] hello mod alive at tick 22900 (world 0)
2026-08-24T14:17:15 18.616 INF Loaded (local): entityclasses in 0.08
2026-08-24T14:17:15 18.618 INF Loaded (local): qualityinfo in 0.00
2026-08-24T14:17:15 18.633 INF [wasm] hello mod alive at tick 23000 (world 0)
2026-08-24T14:17:15 18.633 INF Chat (from '-non-player-', entity id '-1', to 'Global'): hello survivor from a wasm mod at tick 23000
2026-08-24T14:17:15 18.651 INF [wasm] hello mod alive at tick 23100 (world 0)
2026-08-24T14:17:15 18.664 INF [wasm] hello mod alive at tick 23200 (world 0)
2026-08-24T14:17:15 18.747 INF Loaded (local): sounds in 0.04
2026-08-24T14:17:15 18.756 INF [wasm] hello mod alive at tick 23300 (world 0)
2026-08-24T14:17:15 18.798 INF Loaded (local): recipes in 0.04
2026-08-24T14:17:15 18.819 INF Loaded (local): blockplaceholders in 0.01
2026-08-24T14:17:15 18.824 INF [wasm] hello mod alive at tick 23400 (world 0)
2026-08-24T14:17:15 18.902 INF Loaded (local): loot in 0.05
2026-08-24T14:17:15 18.906 INF [wasm] hello mod alive at tick 23500 (world 0)
2026-08-24T14:17:16 19.028 INF Loaded (local): entitygroups in 0.04
2026-08-24T14:17:16 19.035 INF Loaded (local): utilityai in 0.00
2026-08-24T14:17:16 19.043 INF Loaded (local): vehicles in 0.00
2026-08-24T14:17:16 19.045 INF [wasm] hello mod alive at tick 23900 (world 0)
2026-08-24T14:17:16 19.047 INF Loaded (local): rwgmixer in 0.00
2026-08-24T14:17:16 19.049 INF Loaded (local): weathersurvival in 0.00
2026-08-24T14:17:16 19.051 INF Loaded (local): archetypes in 0.00
2026-08-24T14:17:16 19.071 INF Loaded (local): challenges in 0.01
2026-08-24T14:17:16 19.080 INF [wasm] hello mod alive at tick 24000 (world 0)
2026-08-24T14:17:16 19.080 INF Chat (from '-non-player-', entity id '-1', to 'Global'): hello survivor from a wasm mod at tick 24000
2026-08-24T14:17:16 19.134 INF Loaded (local): quests in 0.05
2026-08-24T14:17:16 19.147 INF Loaded (local): traders in 0.01
2026-08-24T14:17:16 19.159 INF Loaded (local): npc in 0.01
2026-08-24T14:17:16 19.183 INF Loaded (local): dialogs in 0.01
2026-08-24T14:17:16 19.203 INF Loaded (local): ui_display in 0.01
2026-08-24T14:17:16 19.204 INF [wasm] hello mod alive at tick 24100 (world 0)
2026-08-24T14:17:16 19.218 INF Loaded (local): nav_objects in 0.01
2026-08-24T14:17:16 19.232 INF [wasm] hello mod alive at tick 24200 (world 0)
2026-08-24T14:17:16 19.251 INF Loaded (local): gamestages in 0.01
2026-08-24T14:17:16 19.265 INF [wasm] hello mod alive at tick 24300 (world 0)
2026-08-24T14:17:16 19.477 INF Loaded (local): gameevents in 0.19
2026-08-24T14:17:16 19.481 INF [wasm] hello mod alive at tick 24400 (world 0)
2026-08-24T14:17:16 19.538 INF Loaded (local): twitch in 0.03
2026-08-24T14:17:16 19.552 INF [wasm] hello mod alive at tick 24500 (world 0)
2026-08-24T14:17:16 19.553 INF Loaded (local): twitch_events in 0.01
2026-08-24T14:17:16 19.793 INF [wasm] hello mod alive at tick 24600 (world 0)
2026-08-24T14:17:16 19.824 INF Loaded (local): dmscontent in 0.03
2026-08-24T14:17:16 19.828 INF Loaded (local): XUi_Common/styles in 0.00
2026-08-24T14:17:16 19.837 INF Loaded (local): XUi_Common/templates in 0.00
2026-08-24T14:17:16 19.838 INF Loaded (local): XUi_InGame/styles in 0.00
2026-08-24T14:17:16 19.842 INF [wasm] hello mod alive at tick 24700 (world 0)
2026-08-24T14:17:16 19.851 INF Loaded (local): XUi_InGame/templates in 0.00
2026-08-24T14:17:16 19.863 INF [wasm] hello mod alive at tick 24800 (world 0)
2026-08-24T14:17:16 19.904 INF Loaded (local): XUi_InGame/windows in 0.00
2026-08-24T14:17:16 19.907 INF Loaded (local): XUi_InGame/xui in 0.00
2026-08-24T14:17:16 19.933 INF Loaded (local): biomes in 0.02
2026-08-24T14:17:16 19.935 INF Loaded (local): worldglobal in 0.00
2026-08-24T14:17:16 19.936 INF Chat (from '-non-player-', entity id '-1', to 'Global'): hello survivor from a wasm mod at tick 25000
2026-08-24T14:17:16 19.948 INF Loaded (local): spawning in 0.01
2026-08-24T14:17:16 19.949 INF Loaded (local): loadingscreen in 0.00
2026-08-24T14:17:16 19.967 INF Added 1336 subtitle data entries and 3 speaker colors
2026-08-24T14:17:16 19.968 INF Loaded (local): subtitles in 0.00
2026-08-24T14:17:16 19.970 INF Loaded (local): videos in 0.00
2026-08-24T14:17:16 19.991 INF Loaded (local): signs in 0.01
2026-08-24T14:17:16 19.993 INF Loaded (local): sandbox_overrides in 0.00
2026-08-24T14:17:16 19.996 INF Loading players.xml
2026-08-24T14:17:17 20.005 INF createWorld: Navezgane, Navezgane (src: GameData, DeviceLocal), WasmAcceptance1, GameModeSurvival
2026-08-24T14:17:17 20.005 INF Occlusion: Disabled
2026-08-24T14:17:17 20.012 INF Started thread ChunkRegeneration
2026-08-24T14:17:17 20.012 INF Started thread ChunkCalc
2026-08-24T14:17:17 20.012 INF Started thread ChunkMeshBake
NullReferenceException: Object reference not set to an instance of an object
  at EAIManager..ctor (EntityAlive _entity) [0x00018] in <45dc491acd8a4242bd87a82d58eff30d>:0 
  at EntityAlive.Awake () [0x0006b] in <45dc491acd8a4242bd87a82d58eff30d>:0 
  at EntityHuman.Awake () [0x00000] in <45dc491acd8a4242bd87a82d58eff30d>:0 
UnityEngine.GameObject:Internal_AddComponentWithType(GameObject, Type)
UnityEngine.GameObject:AddComponent(Type)
EntityFactory:addEntityComponent(GameObject, Type)
CreateEntityOperation:CompleteEntity()
EntityFactory:CreateEntity(EntityCreationData)
EntityFactory:CreateEntity(Int32, Vector3, Vector3)
HordeForge.GameBridge.Bridge.BotServant:SpawnOne()
HordeForge.GameBridge.Bridge.BotServant:EnsureSpawned()
HordeForge.GameBridge.Bridge.BotServant:WriteSense(Span`1)
HordeForge.GameBridge.Bridge.GameHostApi:WriteSenseSnapshot(Span`1)
HordeForge.WasmHost.Core.WasmModHost:<DefineZdtdCompatibilityApi>b__30_3(Caller, Int32, Int32, Int32)
Wasmtime.<>c__DisplayClass106_0`4:<DefineFunction>b__0(IntPtr, IntPtr, ValueRaw*, UIntPtr)
Wasmtime.Native:wasmtime_func_call_unchecked(IntPtr, ExternFunc&, ValueRaw*, UIntPtr, IntPtr&)
Wasmtime.Function:Invoke(Span`1, StoreContext)
Wasmtime.Function:InvokeWithoutReturn(Span`1, StoreContext)
Wasmtime.Function:<WrapAction>b__171_0()
HordeForge.WasmHost.Core.<>c__DisplayClass8_0:<ResolveNoArg>b__1()
HordeForge.WasmHost.Core.WasmMod:<Tick>b__36_0()
HordeForge.WasmHost.Core.WasmMod:Run(String, Func`1)
HordeForge.WasmHost.Core.WasmMod:Tick(Int64)
HordeForge.WasmHost.Core.WasmModHost:DispatchTick(Int64)
HordeForge.GameBridge.Bridge.BridgeHost:Tick()
HordeForge.GameBridge.Hooks.GameTickHook:Postfix()
GameManager:DMD<System.Void GameManager:Update()>(GameManager)
MonoMod.Utils.DynamicMethodDefinition:SyncProxy<System.Void GameManager:Update()>(GameManager)

2026-08-24T14:17:17 20.196 WRN [WasmHost] bot spawn failed (world not ready?): Object reference not set to an instance of an object
NullReferenceException: Object reference not set to an instance of an object
  at EAIManager..ctor (EntityAlive _entity) [0x00018] in <45dc491acd8a4242bd87a82d58eff30d>:0 
  at EntityAlive.Awake () [0x0006b] in <45dc491acd8a4242bd87a82d58eff30d>:0 
  at EntityHuman.Awake () [0x00000] in <45dc491acd8a4242bd87a82d58eff30d>:0 
UnityEngine.GameObject:Internal_AddComponentWithType(GameObject, Type)
UnityEngine.GameObject:AddComponent(Type)
EntityFactory:addEntityComponent(GameObject, Type)
CreateEntityOperation:CompleteEntity()
EntityFactory:CreateEntity(EntityCreationData)
EntityFactory:CreateEntity(Int32, Vector3, Vector3)
HordeForge.GameBridge.Bridge.BotServant:SpawnOne()
HordeForge.GameBridge.Bridge.BotServant:EnsureSpawned()
HordeForge.GameBridge.Bridge.BotServant:WriteSense(Span`1)
HordeForge.GameBridge.Bridge.GameHostApi:WriteSenseSnapshot(Span`1)
HordeForge.WasmHost.Core.WasmModHost:<DefineZdtdCompatibilityApi>b__30_3(Caller, Int32, Int32, Int32)
Wasmtime.<>c__DisplayClass106_0`4:<DefineFunction>b__0(IntPtr, IntPtr, ValueRaw*, UIntPtr)
Wasmtime.Native:wasmtime_func_call_unchecked(IntPtr, ExternFunc&, ValueRaw*, UIntPtr, IntPtr&)
Wasmtime.Function:Invoke(Span`1, StoreContext)
Wasmtime.Function:InvokeWithoutReturn(Span`1, StoreContext)
Wasmtime.Function:<WrapAction>b__171_0()
HordeForge.WasmHost.Core.<>c__DisplayClass8_0:<ResolveNoArg>b__1()
HordeForge.WasmHost.Core.WasmMod:<Tick>b__36_0()
HordeForge.WasmHost.Core.WasmMod:Run(String, Func`1)
HordeForge.WasmHost.Core.WasmMod:Tick(Int64)
HordeForge.WasmHost.Core.WasmModHost:DispatchTick(Int64)
HordeForge.GameBridge.Bridge.BridgeHost:Tick()
HordeForge.GameBridge.Hooks.GameTickHook:Postfix()
GameManager:DMD<System.Void GameManager:Update()>(GameManager)
MonoMod.Utils.DynamicMethodDefinition:SyncProxy<System.Void GameManager:Update()>(GameManager)

2026-08-24T14:17:17 20.196 WRN [WasmHost] bot spawn failed (world not ready?): Object reference not set to an instance of an object
NullReferenceException: Object reference not set to an instance of an object
  at EAIManager..ctor (EntityAlive _entity) [0x00018] in <45dc491acd8a4242bd87a82d58eff30d>:0 
  at EntityAlive.Awake () [0x0006b] in <45dc491acd8a4242bd87a82d58eff30d>:0 
  at EntityHuman.Awake () [0x00000] in <45dc491acd8a4242bd87a82d58eff30d>:0 
UnityEngine.GameObject:Internal_AddComponentWithType(GameObject, Type)
UnityEngine.GameObject:AddComponent(Type)
EntityFactory:addEntityComponent(GameObject, Type)
CreateEntityOperation:CompleteEntity()
EntityFactory:CreateEntity(EntityCreationData)
EntityFactory:CreateEntity(Int32, Vector3, Vector3)
HordeForge.GameBridge.Bridge.BotServant:SpawnOne()
HordeForge.GameBridge.Bridge.BotServant:EnsureSpawned()
HordeForge.GameBridge.Bridge.BotServant:WriteSense(Span`1)
HordeForge.GameBridge.Bridge.GameHostApi:WriteSenseSnapshot(Span`1)
HordeForge.WasmHost.Core.WasmModHost:<DefineZdtdCompatibilityApi>b__30_3(Caller, Int32, Int32, Int32)
Wasmtime.<>c__DisplayClass106_0`4:<DefineFunction>b__0(IntPtr, IntPtr, ValueRaw*, UIntPtr)
Wasmtime.Native:wasmtime_func_call_unchecked(IntPtr, ExternFunc&, ValueRaw*, UIntPtr, IntPtr&)
Wasmtime.Function:Invoke(Span`1, StoreContext)
Wasmtime.Function:InvokeWithoutReturn(Span`1, StoreContext)
Wasmtime.Function:<WrapAction>b__171_0()
HordeForge.WasmHost.Core.<>c__DisplayClass8_0:<ResolveNoArg>b__1()
HordeForge.WasmHost.Core.WasmMod:<Tick>b__36_0()
HordeForge.WasmHost.Core.WasmMod:Run(String, Func`1)
HordeForge.WasmHost.Core.WasmMod:Tick(Int64)
HordeForge.WasmHost.Core.WasmModHost:DispatchTick(Int64)
HordeForge.GameBridge.Bridge.BridgeHost:Tick()
HordeForge.GameBridge.Hooks.GameTickHook:Postfix()
GameManager:DMD<System.Void GameManager:Update()>(GameManager)
MonoMod.Utils.DynamicMethodDefinition:SyncProxy<System.Void GameManager:Update()>(GameManager)

2026-08-24T14:17:17 20.197 WRN [WasmHost] bot spawn failed (world not ready?): Object reference not set to an instance of an object
NullReferenceException: Object reference not set to an instance of an object
  at EAIManager..ctor (EntityAlive _entity) [0x00018] in <45dc491acd8a4242bd87a82d58eff30d>:0 
  at EntityAlive.Awake () [0x0006b] in <45dc491acd8a4242bd87a82d58eff30d>:0 
  at EntityHuman.Awake () [0x00000] in <45dc491acd8a4242bd87a82d58eff30d>:0 
UnityEngine.GameObject:Internal_AddComponentWithType(GameObject, Type)
UnityEngine.GameObject:AddComponent(Type)
EntityFactory:addEntityComponent(GameObject, Type)
CreateEntityOperation:CompleteEntity()
EntityFactory:CreateEntity(EntityCreationData)
EntityFactory:CreateEntity(Int32, Vector3, Vector3)
HordeForge.GameBridge.Bridge.BotServant:SpawnOne()
HordeForge.GameBridge.Bridge.BotServant:EnsureSpawned()
HordeForge.GameBridge.Bridge.BotServant:WriteSense(Span`1)
HordeForge.GameBridge.Bridge.GameHostApi:WriteSenseSnapshot(Span`1)
HordeForge.WasmHost.Core.WasmModHost:<DefineZdtdCompatibilityApi>b__30_3(Caller, Int32, Int32, Int32)
Wasmtime.<>c__DisplayClass106_0`4:<DefineFunction>b__0(IntPtr, IntPtr, ValueRaw*, UIntPtr)
Wasmtime.Native:wasmtime_func_call_unchecked(IntPtr, ExternFunc&, ValueRaw*, UIntPtr, IntPtr&)
Wasmtime.Function:Invoke(Span`1, StoreContext)
Wasmtime.Function:InvokeWithoutReturn(Span`1, StoreContext)
Wasmtime.Function:<WrapAction>b__171_0()
HordeForge.WasmHost.Core.<>c__DisplayClass8_0:<ResolveNoArg>b__1()
HordeForge.WasmHost.Core.WasmMod:<Tick>b__36_0()
HordeForge.WasmHost.Core.WasmMod:Run(String, Func`1)
HordeForge.WasmHost.Core.WasmMod:Tick(Int64)
HordeForge.WasmHost.Core.WasmModHost:DispatchTick(Int64)
HordeForge.GameBridge.Bridge.BridgeHost:Tick()
HordeForge.GameBridge.Hooks.GameTickHook:Postfix()
GameManager:DMD<System.Void GameManager:Update()>(GameManager)
MonoMod.Utils.DynamicMethodDefinition:SyncProxy<System.Void GameManager:Update()>(GameManager)

2026-08-24T14:17:17 20.198 WRN [WasmHost] bot spawn failed (world not ready?): Object reference not set to an instance of an object
ERROR: Shader UI/Default shader is not supported on this GPU (none of subshaders/fallbacks are suitable)
NullReferenceException: Object reference not set to an instance of an object
  at EAIManager..ctor (EntityAlive _entity) [0x00018] in <45dc491acd8a4242bd87a82d58eff30d>:0 
  at EntityAlive.Awake () [0x0006b] in <45dc491acd8a4242bd87a82d58eff30d>:0 
  at EntityHuman.Awake () [0x00000] in <45dc491acd8a4242bd87a82d58eff30d>:0 
UnityEngine.GameObject:Internal_AddComponentWithType(GameObject, Type)
UnityEngine.GameObject:AddComponent(Type)
EntityFactory:addEntityComponent(GameObject, Type)
CreateEntityOperation:CompleteEntity()
EntityFactory:CreateEntity(EntityCreationData)
EntityFactory:CreateEntity(Int32, Vector3, Vector3)
HordeForge.GameBridge.Bridge.BotServant:SpawnOne()
HordeForge.GameBridge.Bridge.BotServant:EnsureSpawned()
HordeForge.GameBridge.Bridge.BotServant:WriteSense(Span`1)
HordeForge.GameBridge.Bridge.GameHostApi:WriteSenseSnapshot(Span`1)
HordeForge.WasmHost.Core.WasmModHost:<DefineZdtdCompatibilityApi>b__30_3(Caller, Int32, Int32, Int32)
Wasmtime.<>c__DisplayClass106_0`4:<DefineFunction>b__0(IntPtr, IntPtr, ValueRaw*, UIntPtr)
Wasmtime.Native:wasmtime_func_call_unchecked(IntPtr, ExternFunc&, ValueRaw*, UIntPtr, IntPtr&)
Wasmtime.Function:Invoke(Span`1, StoreContext)
Wasmtime.Function:InvokeWithoutReturn(Span`1, StoreContext)
Wasmtime.Function:<WrapAction>b__171_0()
HordeForge.WasmHost.Core.<>c__DisplayClass8_0:<ResolveNoArg>b__1()
HordeForge.WasmHost.Core.WasmMod:<Tick>b__36_0()
HordeForge.WasmHost.Core.WasmMod:Run(String, Func`1)
HordeForge.WasmHost.Core.WasmMod:Tick(Int64)
HordeForge.WasmHost.Core.WasmModHost:DispatchTick(Int64)
HordeForge.GameBridge.Bridge.BridgeHost:Tick()
HordeForge.GameBridge.Hooks.GameTickHook:Postfix()
GameManager:DMD<System.Void GameManager:Update()>(GameManager)
MonoMod.Utils.DynamicMethodDefinition:SyncProxy<System.Void GameManager:Update()>(GameManager)

2026-08-24T14:17:17 20.234 WRN [WasmHost] bot spawn failed (world not ready?): Object reference not set to an instance of an object
NullReferenceException: Object reference not set to an instance of an object
  at EAIManager..ctor (EntityAlive _entity) [0x00018] in <45dc491acd8a4242bd87a82d58eff30d>:0 
  at EntityAlive.Awake () [0x0006b] in <45dc491acd8a4242bd87a82d58eff30d>:0 
  at EntityHuman.Awake () [0x00000] in <45dc491acd8a4242bd87a82d58eff30d>:0 
UnityEngine.GameObject:Internal_AddComponentWithType(GameObject, Type)
UnityEngine.GameObject:AddComponent(Type)
EntityFactory:addEntityComponent(GameObject, Type)
CreateEntityOperation:CompleteEntity()
EntityFactory:CreateEntity(EntityCreationData)
EntityFactory:CreateEntity(Int32, Vector3, Vector3)
HordeForge.GameBridge.Bridge.BotServant:SpawnOne()
HordeForge.GameBridge.Bridge.BotServant:EnsureSpawned()
HordeForge.GameBridge.Bridge.BotServant:WriteSense(Span`1)
HordeForge.GameBridge.Bridge.GameHostApi:WriteSenseSnapshot(Span`1)
HordeForge.WasmHost.Core.WasmModHost:<DefineZdtdCompatibilityApi>b__30_3(Caller, Int32, Int32, Int32)
Wasmtime.<>c__DisplayClass106_0`4:<DefineFunction>b__0(IntPtr, IntPtr, ValueRaw*, UIntPtr)
Wasmtime.Native:wasmtime_func_call_unchecked(IntPtr, ExternFunc&, ValueRaw*, UIntPtr, IntPtr&)
Wasmtime.Function:Invoke(Span`1, StoreContext)
Wasmtime.Function:InvokeWithoutReturn(Span`1, StoreContext)
Wasmtime.Function:<WrapAction>b__171_0()
HordeForge.WasmHost.Core.<>c__DisplayClass8_0:<ResolveNoArg>b__1()
HordeForge.WasmHost.Core.WasmMod:<Tick>b__36_0()
HordeForge.WasmHost.Core.WasmMod:Run(String, Func`1)
HordeForge.WasmHost.Core.WasmMod:Tick(Int64)
HordeForge.WasmHost.Core.WasmModHost:DispatchTick(Int64)
HordeForge.GameBridge.Bridge.BridgeHost:Tick()
HordeForge.GameBridge.Hooks.GameTickHook:Postfix()
GameManager:DMD<System.Void GameManager:Update()>(GameManager)
MonoMod.Utils.DynamicMethodDefinition:SyncProxy<System.Void GameManager:Update()>(GameManager)

2026-08-24T14:17:17 20.235 WRN [WasmHost] bot spawn failed (world not ready?): Object reference not set to an instance of an object
NullReferenceException: Object reference not set to an instance of an object
  at EAIManager..ctor (EntityAlive _entity) [0x00018] in <45dc491acd8a4242bd87a82d58eff30d>:0 
  at EntityAlive.Awake () [0x0006b] in <45dc491acd8a4242bd87a82d58eff30d>:0 
  at EntityHuman.Awake () [0x00000] in <45dc491acd8a4242bd87a82d58eff30d>:0 
UnityEngine.GameObject:Internal_AddComponentWithType(GameObject, Type)
UnityEngine.GameObject:AddComponent(Type)
EntityFactory:addEntityComponent(GameObject, Type)
CreateEntityOperation:CompleteEntity()
EntityFactory:CreateEntity(EntityCreationData)
EntityFactory:CreateEntity(Int32, Vector3, Vector3)
HordeForge.GameBridge.Bridge.BotServant:SpawnOne()
HordeForge.GameBridge.Bridge.BotServant:EnsureSpawned()
HordeForge.GameBridge.Bridge.BotServant:WriteSense(Span`1)
HordeForge.GameBridge.Bridge.GameHostApi:WriteSenseSnapshot(Span`1)
HordeForge.WasmHost.Core.WasmModHost:<DefineZdtdCompatibilityApi>b__30_3(Caller, Int32, Int32, Int32)
Wasmtime.<>c__DisplayClass106_0`4:<DefineFunction>b__0(IntPtr, IntPtr, ValueRaw*, UIntPtr)
Wasmtime.Native:wasmtime_func_call_unchecked(IntPtr, ExternFunc&, ValueRaw*, UIntPtr, IntPtr&)
Wasmtime.Function:Invoke(Span`1, StoreContext)
Wasmtime.Function:InvokeWithoutReturn(Span`1, StoreContext)
Wasmtime.Function:<WrapAction>b__171_0()
HordeForge.WasmHost.Core.<>c__DisplayClass8_0:<ResolveNoArg>b__1()
HordeForge.WasmHost.Core.WasmMod:<Tick>b__36_0()
HordeForge.WasmHost.Core.WasmMod:Run(String, Func`1)
HordeForge.WasmHost.Core.WasmMod:Tick(Int64)
HordeForge.WasmHost.Core.WasmModHost:DispatchTick(Int64)
HordeForge.GameBridge.Bridge.BridgeHost:Tick()
HordeForge.GameBridge.Hooks.GameTickHook:Postfix()
GameManager:DMD<System.Void GameManager:Update()>(GameManager)
MonoMod.Utils.DynamicMethodDefinition:SyncProxy<System.Void GameManager:Update()>(GameManager)

2026-08-24T14:17:17 20.236 WRN [WasmHost] bot spawn failed (world not ready?): Object reference not set to an instance of an object
NullReferenceException: Object reference not set to an instance of an object
  at EAIManager..ctor (EntityAlive _entity) [0x00018] in <45dc491acd8a4242bd87a82d58eff30d>:0 
  at EntityAlive.Awake () [0x0006b] in <45dc491acd8a4242bd87a82d58eff30d>:0 
  at EntityHuman.Awake () [0x00000] in <45dc491acd8a4242bd87a82d58eff30d>:0 
UnityEngine.GameObject:Internal_AddComponentWithType(GameObject, Type)
UnityEngine.GameObject:AddComponent(Type)
EntityFactory:addEntityComponent(GameObject, Type)
CreateEntityOperation:CompleteEntity()
EntityFactory:CreateEntity(EntityCreationData)
EntityFactory:CreateEntity(Int32, Vector3, Vector3)
HordeForge.GameBridge.Bridge.BotServant:SpawnOne()
HordeForge.GameBridge.Bridge.BotServant:EnsureSpawned()
HordeForge.GameBridge.Bridge.BotServant:WriteSense(Span`1)
HordeForge.GameBridge.Bridge.GameHostApi:WriteSenseSnapshot(Span`1)
HordeForge.WasmHost.Core.WasmModHost:<DefineZdtdCompatibilityApi>b__30_3(Caller, Int32, Int32, Int32)
Wasmtime.<>c__DisplayClass106_0`4:<DefineFunction>b__0(IntPtr, IntPtr, ValueRaw*, UIntPtr)
Wasmtime.Native:wasmtime_func_call_unchecked(IntPtr, ExternFunc&, ValueRaw*, UIntPtr, IntPtr&)
Wasmtime.Function:Invoke(Span`1, StoreContext)
Wasmtime.Function:InvokeWithoutReturn(Span`1, StoreContext)
Wasmtime.Function:<WrapAction>b__171_0()
HordeForge.WasmHost.Core.<>c__DisplayClass8_0:<ResolveNoArg>b__1()
HordeForge.WasmHost.Core.WasmMod:<Tick>b__36_0()
HordeForge.WasmHost.Core.WasmMod:Run(String, Func`1)
HordeForge.WasmHost.Core.WasmMod:Tick(Int64)
HordeForge.WasmHost.Core.WasmModHost:DispatchTick(Int64)
HordeForge.GameBridge.Bridge.BridgeHost:Tick()
HordeForge.GameBridge.Hooks.GameTickHook:Postfix()
GameManager:DMD<System.Void GameManager:Update()>(GameManager)
MonoMod.Utils.DynamicMethodDefinition:SyncProxy<System.Void GameManager:Update()>(GameManager)

2026-08-24T14:17:17 20.236 WRN [WasmHost] bot spawn failed (world not ready?): Object reference not set to an instance of an object
NullReferenceException: Object reference not set to an instance of an object
  at EAIManager..ctor (EntityAlive _entity) [0x00018] in <45dc491acd8a4242bd87a82d58eff30d>:0 
  at EntityAlive.Awake () [0x0006b] in <45dc491acd8a4242bd87a82d58eff30d>:0 
  at EntityHuman.Awake () [0x00000] in <45dc491acd8a4242bd87a82d58eff30d>:0 
UnityEngine.GameObject:Internal_AddComponentWithType(GameObject, Type)
UnityEngine.GameObject:AddComponent(Type)
EntityFactory:addEntityComponent(GameObject, Type)
CreateEntityOperation:CompleteEntity()
EntityFactory:CreateEntity(EntityCreationData)
EntityFactory:CreateEntity(Int32, Vector3, Vector3)
HordeForge.GameBridge.Bridge.BotServant:SpawnOne()
HordeForge.GameBridge.Bridge.BotServant:EnsureSpawned()
HordeForge.GameBridge.Bridge.BotServant:WriteSense(Span`1)
HordeForge.GameBridge.Bridge.GameHostApi:WriteSenseSnapshot(Span`1)
HordeForge.WasmHost.Core.WasmModHost:<DefineZdtdCompatibilityApi>b__30_3(Caller, Int32, Int32, Int32)
Wasmtime.<>c__DisplayClass106_0`4:<DefineFunction>b__0(IntPtr, IntPtr, ValueRaw*, UIntPtr)
Wasmtime.Native:wasmtime_func_call_unchecked(IntPtr, ExternFunc&, ValueRaw*, UIntPtr, IntPtr&)
Wasmtime.Function:Invoke(Span`1, StoreContext)
Wasmtime.Function:InvokeWithoutReturn(Span`1, StoreContext)
Wasmtime.Function:<WrapAction>b__171_0()
HordeForge.WasmHost.Core.<>c__DisplayClass8_0:<ResolveNoArg>b__1()
HordeForge.WasmHost.Core.WasmMod:<Tick>b__36_0()
HordeForge.WasmHost.Core.WasmMod:Run(String, Func`1)
HordeForge.WasmHost.Core.WasmMod:Tick(Int64)
HordeForge.WasmHost.Core.WasmModHost:DispatchTick(Int64)
HordeForge.GameBridge.Bridge.BridgeHost:Tick()
HordeForge.GameBridge.Hooks.GameTickHook:Postfix()
GameManager:DMD<System.Void GameManager:Update()>(GameManager)
MonoMod.Utils.DynamicMethodDefinition:SyncProxy<System.Void GameManager:Update()>(GameManager)

2026-08-24T14:17:17 20.240 WRN [WasmHost] bot spawn failed (world not ready?): Object reference not set to an instance of an object
NullReferenceException: Object reference not set to an instance of an object
  at EAIManager..ctor (EntityAlive _entity) [0x00018] in <45dc491acd8a4242bd87a82d58eff30d>:0 
  at EntityAlive.Awake () [0x0006b] in <45dc491acd8a4242bd87a82d58eff30d>:0 
  at EntityHuman.Awake () [0x00000] in <45dc491acd8a4242bd87a82d58eff30d>:0 
UnityEngine.GameObject:Internal_AddComponentWithType(GameObject, Type)
UnityEngine.GameObject:AddComponent(Type)
EntityFactory:addEntityComponent(GameObject, Type)
CreateEntityOperation:CompleteEntity()
EntityFactory:CreateEntity(EntityCreationData)
EntityFactory:CreateEntity(Int32, Vector3, Vector3)
HordeForge.GameBridge.Bridge.BotServant:SpawnOne()
HordeForge.GameBridge.Bridge.BotServant:EnsureSpawned()
HordeForge.GameBridge.Bridge.BotServant:WriteSense(Span`1)
HordeForge.GameBridge.Bridge.GameHostApi:WriteSenseSnapshot(Span`1)
HordeForge.WasmHost.Core.WasmModHost:<DefineZdtdCompatibilityApi>b__30_3(Caller, Int32, Int32, Int32)
Wasmtime.<>c__DisplayClass106_0`4:<DefineFunction>b__0(IntPtr, IntPtr, ValueRaw*, UIntPtr)
Wasmtime.Native:wasmtime_func_call_unchecked(IntPtr, ExternFunc&, ValueRaw*, UIntPtr, IntPtr&)
Wasmtime.Function:Invoke(Span`1, StoreContext)
Wasmtime.Function:InvokeWithoutReturn(Span`1, StoreContext)
Wasmtime.Function:<WrapAction>b__171_0()
HordeForge.WasmHost.Core.<>c__DisplayClass8_0:<ResolveNoArg>b__1()
HordeForge.WasmHost.Core.WasmMod:<Tick>b__36_0()
HordeForge.WasmHost.Core.WasmMod:Run(String, Func`1)
HordeForge.WasmHost.Core.WasmMod:Tick(Int64)
HordeForge.WasmHost.Core.WasmModHost:DispatchTick(Int64)
HordeForge.GameBridge.Bridge.BridgeHost:Tick()
HordeForge.GameBridge.Hooks.GameTickHook:Postfix()
GameManager:DMD<System.Void GameManager:Update()>(GameManager)
MonoMod.Utils.DynamicMethodDefinition:SyncProxy<System.Void GameManager:Update()>(GameManager)

2026-08-24T14:17:17 20.241 WRN [WasmHost] bot spawn failed (world not ready?): Object reference not set to an instance of an object
NullReferenceException: Object reference not set to an instance of an object
  at EAIManager..ctor (EntityAlive _entity) [0x00018] in <45dc491acd8a4242bd87a82d58eff30d>:0 
  at EntityAlive.Awake () [0x0006b] in <45dc491acd8a4242bd87a82d58eff30d>:0 
  at EntityHuman.Awake () [0x00000] in <45dc491acd8a4242bd87a82d58eff30d>:0 
UnityEngine.GameObject:Internal_AddComponentWithType(GameObject, Type)
UnityEngine.GameObject:AddComponent(Type)
EntityFactory:addEntityComponent(GameObject, Type)
CreateEntityOperation:CompleteEntity()
EntityFactory:CreateEntity(EntityCreationData)
EntityFactory:CreateEntity(Int32, Vector3, Vector3)
HordeForge.GameBridge.Bridge.BotServant:SpawnOne()
HordeForge.GameBridge.Bridge.BotServant:EnsureSpawned()
HordeForge.GameBridge.Bridge.BotServant:WriteSense(Span`1)
HordeForge.GameBridge.Bridge.GameHostApi:WriteSenseSnapshot(Span`1)
HordeForge.WasmHost.Core.WasmModHost:<DefineZdtdCompatibilityApi>b__30_3(Caller, Int32, Int32, Int32)
Wasmtime.<>c__DisplayClass106_0`4:<DefineFunction>b__0(IntPtr, IntPtr, ValueRaw*, UIntPtr)
Wasmtime.Native:wasmtime_func_call_unchecked(IntPtr, ExternFunc&, ValueRaw*, UIntPtr, IntPtr&)
Wasmtime.Function:Invoke(Span`1, StoreContext)
Wasmtime.Function:InvokeWithoutReturn(Span`1, StoreContext)
Wasmtime.Function:<WrapAction>b__171_0()
HordeForge.WasmHost.Core.<>c__DisplayClass8_0:<ResolveNoArg>b__1()
HordeForge.WasmHost.Core.WasmMod:<Tick>b__36_0()
HordeForge.WasmHost.Core.WasmMod:Run(String, Func`1)
HordeForge.WasmHost.Core.WasmMod:Tick(Int64)
HordeForge.WasmHost.Core.WasmModHost:DispatchTick(Int64)
HordeForge.GameBridge.Bridge.BridgeHost:Tick()
HordeForge.GameBridge.Hooks.GameTickHook:Postfix()
GameManager:DMD<System.Void GameManager:Update()>(GameManager)
MonoMod.Utils.DynamicMethodDefinition:SyncProxy<System.Void GameManager:Update()>(GameManager)

2026-08-24T14:17:17 20.242 WRN [WasmHost] bot spawn failed (world not ready?): Object reference not set to an instance of an object
NullReferenceException: Object reference not set to an instance of an object
  at EAIManager..ctor (EntityAlive _entity) [0x00018] in <45dc491acd8a4242bd87a82d58eff30d>:0 
  at EntityAlive.Awake () [0x0006b] in <45dc491acd8a4242bd87a82d58eff30d>:0 
  at EntityHuman.Awake () [0x00000] in <45dc491acd8a4242bd87a82d58eff30d>:0 
UnityEngine.GameObject:Internal_AddComponentWithType(GameObject, Type)
UnityEngine.GameObject:AddComponent(Type)
EntityFactory:addEntityComponent(GameObject, Type)
CreateEntityOperation:CompleteEntity()
EntityFactory:CreateEntity(EntityCreationData)
EntityFactory:CreateEntity(Int32, Vector3, Vector3)
HordeForge.GameBridge.Bridge.BotServant:SpawnOne()
HordeForge.GameBridge.Bridge.BotServant:EnsureSpawned()
HordeForge.GameBridge.Bridge.BotServant:WriteSense(Span`1)
HordeForge.GameBridge.Bridge.GameHostApi:WriteSenseSnapshot(Span`1)
HordeForge.WasmHost.Core.WasmModHost:<DefineZdtdCompatibilityApi>b__30_3(Caller, Int32, Int32, Int32)
Wasmtime.<>c__DisplayClass106_0`4:<DefineFunction>b__0(IntPtr, IntPtr, ValueRaw*, UIntPtr)
Wasmtime.Native:wasmtime_func_call_unchecked(IntPtr, ExternFunc&, ValueRaw*, UIntPtr, IntPtr&)
Wasmtime.Function:Invoke(Span`1, StoreContext)
Wasmtime.Function:InvokeWithoutReturn(Span`1, StoreContext)
Wasmtime.Function:<WrapAction>b__171_0()
HordeForge.WasmHost.Core.<>c__DisplayClass8_0:<ResolveNoArg>b__1()
HordeForge.WasmHost.Core.WasmMod:<Tick>b__36_0()
HordeForge.WasmHost.Core.WasmMod:Run(String, Func`1)
HordeForge.WasmHost.Core.WasmMod:Tick(Int64)
HordeForge.WasmHost.Core.WasmModHost:DispatchTick(Int64)
HordeForge.GameBridge.Bridge.BridgeHost:Tick()
HordeForge.GameBridge.Hooks.GameTickHook:Postfix()
GameManager:DMD<System.Void GameManager:Update()>(GameManager)
MonoMod.Utils.DynamicMethodDefinition:SyncProxy<System.Void GameManager:Update()>(GameManager)

2026-08-24T14:17:17 20.242 WRN [WasmHost] bot spawn failed (world not ready?): Object reference not set to an instance of an object
2026-08-24T14:17:17 20.244 INF World.Load: Navezgane Navezgane (src: GameData, DeviceLocal)
2026-08-24T14:17:17 20.245 INF Loading base world file header...
2026-08-24T14:17:17 20.249 INF Loaded world file from different version: 'V 4.0 (b8)'
2026-08-24T14:17:17 20.267 WRN Next Airdrop: 4 12:00
2026-08-24T14:17:17 20.267 INF BloodMoon SetDay: day 7, last day 0, freq 7, range 0
2026-08-24T14:17:17 20.276 WRN Next Airdrop: 4 12:00
2026-08-24T14:17:17 20.276 INF BloodMoon SetDay: day 7, last day 0, freq 7, range 0
2026-08-24T14:17:17 20.329 INF [WasmHost] bot spawned entity 171 at 0,60,0
2026-08-24T14:17:17 20.332 INF [WasmHost] bot spawned entity 172 at 0,60,0
2026-08-24T14:17:17 20.334 INF [WasmHost] bot spawned entity 173 at 0,60,0
2026-08-24T14:17:17 20.336 INF [WasmHost] bot spawned entity 174 at 0,60,0
2026-08-24T14:17:17 20.344 INF Started thread WaterSimulationApplyChanges
2026-08-24T14:17:17 20.719 INF [WasmHost] bot 172 shot 171 dmg=12
2026-08-24T14:17:17 20.774 INF [WasmHost] bot 171 shot 172 dmg=12
2026-08-24T14:17:17 20.774 INF [WasmHost] bot 171 shot 172 dmg=12
2026-08-24T14:17:17 20.774 INF [WasmHost] bot 173 shot 171 dmg=24 head
2026-08-24T14:17:17 20.774 INF [WasmHost] bot 173 shot 171 dmg=24 head
2026-08-24T14:17:17 20.774 INF [WasmHost] bot 174 shot 171 dmg=12
2026-08-24T14:17:18 21.087 INF [WasmHost] bot 172 shot 171 dmg=12
2026-08-24T14:17:18 21.087 INF [WasmHost] bot 172 shot 171 dmg=12
2026-08-24T14:17:18 21.145 INF [WasmHost] bot 171 shot 172 dmg=12
2026-08-24T14:17:18 21.145 INF [WasmHost] bot 171 shot 172 dmg=12
2026-08-24T14:17:18 21.145 INF [WasmHost] bot 173 shot 171 dmg=12
2026-08-24T14:17:18 21.468 INF [WasmHost] bot 172 shot 171 dmg=24 head
2026-08-24T14:17:18 21.523 INF [WasmHost] bot 171 shot 172 dmg=12
2026-08-24T14:17:18 21.523 INF [WasmHost] bot 171 shot 172 dmg=12
2026-08-24T14:17:18 21.523 INF [WasmHost] bot 173 shot 171 dmg=12
2026-08-24T14:17:18 21.523 INF [WasmHost] bot 173 shot 171 dmg=12
2026-08-24T14:17:18 21.523 INF [WasmHost] bot 174 shot 171 dmg=12
2026-08-24T14:17:18 21.523 INF [WasmHost] bot 174 shot 171 dmg=12
2026-08-24T14:17:18 21.804 INF [WasmHost] bot 172 shot 171 dmg=12
2026-08-24T14:17:18 21.856 INF [WasmHost] bot 171 shot 172 dmg=12
2026-08-24T14:17:18 21.856 INF [WasmHost] bot 171 shot 172 dmg=12
2026-08-24T14:17:18 21.856 INF [WasmHost] bot 173 shot 171 dmg=12
2026-08-24T14:17:18 21.856 INF [WasmHost] bot 173 shot 171 dmg=12
2026-08-24T14:17:18 21.856 INF [WasmHost] bot 174 shot 171 dmg=12
2026-08-24T14:17:19 22.137 INF [WasmHost] bot 172 shot 171 dmg=12
2026-08-24T14:17:19 22.198 INF [WasmHost] bot 171 shot 172 dmg=24 head
2026-08-24T14:17:19 22.198 INF [WasmHost] bot 171 shot 172 dmg=12
2026-08-24T14:17:19 22.198 INF [WasmHost] bot 173 shot 171 dmg=12
2026-08-24T14:17:19 22.198 INF [WasmHost] bot 173 shot 171 dmg=12
2026-08-24T14:17:19 22.198 INF [WasmHost] bot 174 shot 171 dmg=12
2026-08-24T14:17:19 22.475 INF [WasmHost] bot 172 shot 171 dmg=12
2026-08-24T14:17:19 22.535 INF [WasmHost] bot 171 shot 172 dmg=24 head
2026-08-24T14:17:19 22.536 INF [WasmHost] bot 173 shot 171 dmg=12
2026-08-24T14:17:19 22.904 INF [WasmHost] bot 172 shot 171 dmg=12
2026-08-24T14:17:19 22.904 INF [WasmHost] bot 172 shot 171 dmg=12
2026-08-24T14:17:19 22.987 INF [WasmHost] bot 173 shot 171 dmg=12
2026-08-24T14:17:19 22.988 INF [WasmHost] bot 174 shot 171 dmg=12
2026-08-24T14:17:20 23.390 INF [WasmHost] bot 172 shot 171 dmg=12
2026-08-24T14:17:20 23.454 INF [WasmHost] bot 171 shot 172 dmg=12
2026-08-24T14:17:20 23.454 INF [WasmHost] bot 174 shot 171 dmg=12
2026-08-24T14:17:21 24.970 INF Started thread GenerateChunks
2026-08-24T14:17:21 24.983 INF [WasmHost] bot 172 shot 171 dmg=12
2026-08-24T14:17:21 24.983 INF [wasm] hello mod alive at tick 25200 (world 7000)
2026-08-24T14:17:22 25.038 INF [WasmHost] bot 171 shot 172 dmg=12
2026-08-24T14:17:22 25.038 INF [WasmHost] bot 174 shot 171 dmg=12
2026-08-24T14:17:22 25.038 INF [WasmHost] bot 174 shot 171 dmg=12
2026-08-24T14:17:22 25.156 INF [WasmHost] bot 172 shot 171 dmg=12
2026-08-24T14:17:22 25.156 INF [WasmHost] bot 172 shot 171 dmg=12
2026-08-24T14:17:22 25.156 INF [WasmHost] bot 171 shot 172 dmg=24 head
2026-08-24T14:17:22 25.156 INF [WasmHost] bot 173 shot 171 dmg=12
2026-08-24T14:17:22 25.156 INF [WasmHost] bot 174 shot 171 dmg=24 head
2026-08-24T14:17:22 25.156 INF [WasmHost] bot 174 shot 171 dmg=12
2026-08-24T14:17:22 25.205 INF [WasmHost] bot 172 shot 171 dmg=12
2026-08-24T14:17:22 25.207 INF [WasmHost] bot 174 shot 171 dmg=12
2026-08-24T14:17:22 25.212 INF Calculating world hashes took 241 ms (world size 193 MiB)
2026-08-24T14:17:22 25.213 INF Initial ENABLE_FILE_BACKED_ARRAYS == False
2026-08-24T14:17:22 25.259 INF GenWorldFromRaw load dtm took 289ms
2026-08-24T14:17:22 25.315 INF Biomes image size w= 3072, h = 3072
2026-08-24T14:17:22 25.836 INF [WasmHost] bot 171 shot 172 dmg=12
2026-08-24T14:17:22 25.836 INF [WasmHost] bot 173 shot 171 dmg=12
2026-08-24T14:17:22 25.836 INF [WasmHost] bot 173 shot 171 dmg=12
2026-08-24T14:17:22 25.836 INF [WasmHost] bot 174 shot 171 dmg=24 head
2026-08-24T14:17:22 25.841 INF GenWorldFromRaw biomes took 581ms
Unloading 3 Unused Serialized files (Serialized files now loaded: 53)
Unloading 32879 unused Assets to reduce memory usage. Loaded Objects now: 193262.
Total: 510.296989 ms (FindLiveObjects: 12.004470 ms CreateObjectMapping: 15.946382 ms MarkObjects: 461.682200 ms  DeleteObjects: 20.663096 ms)

Texture with ID 2679 and with size 6144x6144 was too large for graphics device maximum supported texture size (4096x4096). Falling back to a dummy texture. Generate mip maps to provide lower size fallback.
2026-08-24T14:17:23 26.917 INF [WasmHost] bot 172 shot 171 dmg=12
2026-08-24T14:17:23 26.917 INF [WasmHost] bot 172 shot 171 dmg=12
Texture with ID 2680 and with size 6144x6144 was too large for graphics device maximum supported texture size (4096x4096). Falling back to a dummy texture. Generate mip maps to provide lower size fallback.
2026-08-24T14:17:24 27.071 INF [WasmHost] bot 173 shot 171 dmg=12
2026-08-24T14:17:24 27.071 INF [WasmHost] bot 174 shot 171 dmg=12
2026-08-24T14:17:24 27.071 INF [WasmHost] bot 174 shot 171 dmg=12
2026-08-24T14:17:24 27.071 INF GenWorldFromRaw shader control textures took 434ms
2026-08-24T14:17:24 27.147 INF [WasmHost] bot 172 shot 171 dmg=12
2026-08-24T14:17:24 27.147 INF [WasmHost] bot 172 shot 171 dmg=12
2026-08-24T14:17:24 27.178 INF [WasmHost] bot 171 shot 172 dmg=12
2026-08-24T14:17:24 27.178 INF [WasmHost] bot 174 shot 171 dmg=24 head
2026-08-24T14:17:24 27.310 INF Computed 506 chunk groups containing a total of 9722 chunks. Largest group contains 435 chunks.
2026-08-24T14:17:24 27.313 INF Started thread SaveChunks /root/.local/share/7DaysToDie/Saves/Navezgane/WasmAcceptance1/Region
2026-08-24T14:17:24 27.320 INF GenWorldFromRaw misc took 248ms
2026-08-24T14:17:24 27.321 INF [WasmHost] bot 172 shot 171 dmg=12
2026-08-24T14:17:24 27.321 INF [WasmHost] bot 172 shot 171 dmg=12
2026-08-24T14:17:24 27.411 INF [WasmHost] bot 173 shot 171 dmg=12
2026-08-24T14:17:24 27.411 INF [WasmHost] bot 174 shot 171 dmg=24 head
2026-08-24T14:17:24 27.650 INF [WasmHost] bot 172 shot 171 dmg=12
2026-08-24T14:17:24 27.673 INF [WasmHost] bot 171 shot 172 dmg=24 head
2026-08-24T14:17:24 27.731 INF GenWorldFromRaw splats took 411ms
Unloading 0 Unused Serialized files (Serialized files now loaded: 53)
Unloading 0 unused Assets to reduce memory usage. Loaded Objects now: 193266.
Total: 488.857467 ms (FindLiveObjects: 7.019893 ms CreateObjectMapping: 10.055936 ms MarkObjects: 471.575611 ms  DeleteObjects: 0.205315 ms)

2026-08-24T14:17:25 28.866 INF [DECO] read 
2026-08-24T14:17:25 28.866 INF DecoManager chunks
2026-08-24T14:17:26 29.518 INF Dynamic Music Initialized on Server
2026-08-24T14:17:26 29.518 INF Dynamic Music Initialized on Dedi
2026-08-24T14:17:26 29.520 INF AstarManager Init
2026-08-24T14:17:26 29.672 INF [WasmHost] bot 172 shot 171 dmg=12
2026-08-24T14:17:26 29.672 INF [WasmHost] bot 172 shot 171 dmg=12
2026-08-24T14:17:26 29.674 INF [WasmHost] bot 171 shot 172 dmg=12
2026-08-24T14:17:26 29.674 INF [WasmHost] bot 171 shot 172 dmg=12
2026-08-24T14:17:26 29.674 INF [WasmHost] bot 173 shot 171 dmg=12
2026-08-24T14:17:26 29.674 INF [WasmHost] bot 174 shot 171 dmg=12
2026-08-24T14:17:26 29.674 INF [WasmHost] bot 174 shot 171 dmg=24 head
2026-08-24T14:17:26 29.676 INF [WasmHost] bot 172 shot 171 dmg=12
2026-08-24T14:17:26 29.676 INF [WasmHost] bot 171 shot 172 dmg=12
2026-08-24T14:17:26 29.676 INF [WasmHost] bot 171 shot 172 dmg=12
2026-08-24T14:17:26 29.676 INF [WasmHost] bot 173 shot 171 dmg=12
2026-08-24T14:17:26 29.676 INF [WasmHost] bot 173 shot 171 dmg=12
2026-08-24T14:17:26 29.676 INF [WasmHost] bot 174 shot 171 dmg=24 head
2026-08-24T14:17:26 29.676 INF [WasmHost] bot 174 shot 171 dmg=12
2026-08-24T14:17:26 29.681 INF [WasmHost] bot 172 shot 171 dmg=24 head
2026-08-24T14:17:26 29.681 INF [WasmHost] bot 172 shot 171 dmg=12
WARNING: Shader Unsupported: '7DTD_Unity5/Wire' - All subshaders removed
WARNING: Shader Did you use #pragma only_renderers and omit this platform?
WARNING: Shader If subshaders removal was intentional, you may have forgotten turning Fallback off?
ERROR: Shader 7DTD_Unity5/Wire shader is not supported on this GPU (none of subshaders/fallbacks are suitable)
WARNING: Shader Unsupported: '7DTD_Unity5/Wire' - All subshaders removed
WARNING: Shader Did you use #pragma only_renderers and omit this platform?
WARNING: Shader If subshaders removal was intentional, you may have forgotten turning Fallback off?
2026-08-24T14:17:26 29.692 INF [WasmHost] bot 171 shot 172 dmg=12
2026-08-24T14:17:26 29.692 INF [WasmHost] bot 173 shot 171 dmg=12
2026-08-24T14:17:26 29.692 INF [WasmHost] bot 174 shot 171 dmg=12
2026-08-24T14:17:26 29.692 INF [WasmHost] bot 174 shot 171 dmg=12
Unrecognized thread niceness after calling setpriority. Target niceness is 0 and actual niceness is 10
WARNING: Shader Unsupported: 'Game Particles/surfaceShader_masked_Embers' - All subshaders removed
WARNING: Shader Did you use #pragma only_renderers and omit this platform?
WARNING: Shader If subshaders removal was intentional, you may have forgotten turning Fallback off?
ERROR: Shader Game Particles/surfaceShader_masked_Embers shader is not supported on this GPU (none of subshaders/fallbacks are suitable)
WARNING: Shader Unsupported: 'Game Particles/surfaceShader_masked_Embers' - All subshaders removed
WARNING: Shader Did you use #pragma only_renderers and omit this platform?
WARNING: Shader If subshaders removal was intentional, you may have forgotten turning Fallback off?
2026-08-24T14:17:26 29.746 INF createWorld() done
2026-08-24T14:17:26 29.750 INF Loaded player
2026-08-24T14:17:26 29.756 INF [WasmHost] bot 171 shot 172 dmg=12
2026-08-24T14:17:26 29.756 INF [WasmHost] bot 173 shot 171 dmg=12
2026-08-24T14:17:26 29.756 INF [WasmHost] bot 173 shot 171 dmg=12
2026-08-24T14:17:26 29.756 INF [WasmHost] bot 174 shot 171 dmg=12
2026-08-24T14:17:26 29.760 INF [LANMasterServerAnnouncer] listening on 11000 and multicast group 239.192.0.1
2026-08-24T14:17:26 29.760 INF [PlayerInteractions] JoinedMultplayerServer
Unloading 2 Unused Serialized files (Serialized files now loaded: 53)
Unloading 12 unused Assets to reduce memory usage. Loaded Objects now: 195308.
Total: 552.181948 ms (FindLiveObjects: 11.771023 ms CreateObjectMapping: 13.077031 ms MarkObjects: 527.070641 ms  DeleteObjects: 0.262452 ms)

dlopen failed trying to load:
steamclient.so
with error:
steamclient.so: cannot open shared object file: No such file or directory
[S_API] SteamAPI_Init(): Loaded '/root/.local/share/Steam/steamcmd/linux64/steamclient.so' OK.  (First tried local 'steamclient.so')
Shutdown handler: initialize.
08/24 14:17:27 minidumps folder is set to /tmp/dumps
Setting breakpad minidump AppID = 251570
SteamInternal_SetMinidumpSteamID:  Caching Steam ID:  76561197960265728 [API loaded no]
[S_API FAIL] Tried to access Steam interface SteamNetworkingUtils004 before SteamAPI_Init succeeded.
2026-08-24T14:17:27 30.711 INF [Steamworks.NET] Registering auth callbacks
2026-08-24T14:17:27 30.713 INF Localization language from platform: english
2026-08-24T14:17:27 30.714 INF [Steamworks.NET] GameServer.Init successful
2026-08-24T14:17:27 30.716 INF [Steamworks.NET] Making server public
2026-08-24T14:17:27 30.729 WRN Next Airdrop: 4 12:00
2026-08-24T14:17:27 30.738 INF Loading dymesh settings
2026-08-24T14:17:27 30.739 INF Dynamic Mesh Settings
2026-08-24T14:17:27 30.739 INF Use Imposter Values: False
2026-08-24T14:17:27 30.739 INF Only Player Areas: True
2026-08-24T14:17:27 30.739 INF Player Area Buffer: 3
2026-08-24T14:17:27 30.739 INF Max View Distance: 1000
2026-08-24T14:17:27 30.739 INF Regen all on new world: False
2026-08-24T14:17:27 30.740 INF Dymesh: Prepping dynamic mesh. Resend Default: True
2026-08-24T14:17:27 30.740 INF Dymesh: Mesh location: /root/.local/share/7DaysToDie/Saves/Navezgane/WasmAcceptance1/DynamicMeshes/
2026-08-24T14:17:27 30.742 INF [Web] Webserver not started, WebDashboardEnabled set to false
2026-08-24T14:17:27 30.742 INF StartGame done
2026-08-24T14:17:27 30.747 INF [WasmHost] bot 172 shot 171 dmg=12
2026-08-24T14:17:27 30.747 INF [WasmHost] bot 172 shot 171 dmg=12
2026-08-24T14:17:27 30.795 INF [WasmHost] bot 171 shot 172 dmg=12
2026-08-24T14:17:27 30.795 INF [WasmHost] bot 171 shot 172 dmg=24 head
2026-08-24T14:17:27 30.795 INF [WasmHost] bot 173 shot 171 dmg=12
2026-08-24T14:17:27 30.795 INF [WasmHost] bot 174 shot 171 dmg=12
2026-08-24T14:17:27 30.795 INF [WasmHost] bot 174 shot 171 dmg=24 head
2026-08-24T14:17:27 30.945 INF [wasm] hello mod alive at tick 25300 (world 7000)
2026-08-24T14:17:28 31.045 INF [WasmHost] bot 172 shot 171 dmg=24 head
2026-08-24T14:17:28 31.095 INF [WasmHost] bot 171 shot 172 dmg=12
2026-08-24T14:17:28 31.095 INF [WasmHost] bot 173 shot 171 dmg=12
2026-08-24T14:17:28 31.095 INF [WasmHost] bot 174 shot 171 dmg=12
2026-08-24T14:17:28 31.095 INF [WasmHost] bot 174 shot 171 dmg=12
2026-08-24T14:17:28 31.345 INF [WasmHost] bot 172 shot 171 dmg=12
2026-08-24T14:17:28 31.345 INF [WasmHost] bot 172 shot 171 dmg=12
2026-08-24T14:17:28 31.347 INF [Steamworks.NET] GameServer.LogOn successful, SteamID=90291513709531166, public IP=11*.18*.19*.23*
2026-08-24T14:17:28 31.362 INF [Discord] Global lobby: 118.189.191.239_9F06C1218830C64EB8AA3CF1E3451FF6
2026-08-24T14:17:28 31.395 INF [WasmHost] bot 171 shot 172 dmg=12
2026-08-24T14:17:28 31.395 INF [WasmHost] bot 174 shot 171 dmg=12
2026-08-24T14:17:28 31.395 INF [WasmHost] bot 174 shot 171 dmg=24 head
2026-08-24T14:17:28 31.645 INF [WasmHost] bot 172 shot 171 dmg=12
2026-08-24T14:17:28 31.696 INF [WasmHost] bot 171 shot 172 dmg=12
2026-08-24T14:17:28 31.696 INF [WasmHost] bot 173 shot 171 dmg=12
2026-08-24T14:17:28 31.696 INF [WasmHost] bot 174 shot 171 dmg=12
2026-08-24T14:17:28 31.746 INF Dymesh: Warming dynamic mesh
2026-08-24T14:17:28 31.746 INF Dymesh: Creating dynamic mesh manager
2026-08-24T14:17:28 31.749 INF Dymesh: Awake
2026-08-24T14:17:28 31.750 INF Dymesh: Mesh location: /root/.local/share/7DaysToDie/Saves/Navezgane/WasmAcceptance1/DynamicMeshes/
2026-08-24T14:17:28 31.751 INF Dymesh: Loading Items: /root/.local/share/7DaysToDie/Saves/Navezgane/WasmAcceptance1/DynamicMeshes/
2026-08-24T14:17:28 31.752 INF Dymesh: Loaded Items: 0
2026-08-24T14:17:28 31.753 INF Dymesh: Loading all items took: 0.002853 seconds.
2026-08-24T14:17:28 31.756 INF Clearing queues.
2026-08-24T14:17:28 31.756 INF Cleared queues.
2026-08-24T14:17:28 31.757 INF Dynamic thread starting
2026-08-24T14:17:28 31.758 INF Dymesh door replacement: imposterBlock
2026-08-24T14:17:30 33.145 INF [WasmHost] bot 172 shot 171 dmg=12
2026-08-24T14:17:30 33.195 INF [WasmHost] bot 171 shot 172 dmg=12
2026-08-24T14:17:30 33.195 INF [WasmHost] bot 171 shot 172 dmg=24 head
2026-08-24T14:17:30 33.195 INF [WasmHost] bot 173 shot 171 dmg=12
2026-08-24T14:17:30 33.195 INF [WasmHost] bot 173 shot 171 dmg=12
2026-08-24T14:17:30 33.445 INF [WasmHost] bot 172 shot 171 dmg=24 head
2026-08-24T14:17:30 33.445 INF [WasmHost] bot 172 shot 171 dmg=12
2026-08-24T14:17:30 33.495 INF [WasmHost] bot 171 shot 172 dmg=12
2026-08-24T14:17:30 33.495 INF [WasmHost] bot 171 shot 172 dmg=24 head
2026-08-24T14:17:30 33.495 INF [WasmHost] bot 173 shot 171 dmg=24 head
2026-08-24T14:17:30 33.495 INF [WasmHost] bot 174 shot 171 dmg=12
2026-08-24T14:17:30 33.495 INF [WasmHost] bot 174 shot 171 dmg=12
2026-08-24T14:17:30 33.745 INF [WasmHost] bot 172 shot 171 dmg=24 head
2026-08-24T14:17:30 33.745 INF [WasmHost] bot 172 shot 171 dmg=12
2026-08-24T14:17:30 33.795 INF [WasmHost] bot 171 shot 172 dmg=24 head
2026-08-24T14:17:30 33.795 INF [WasmHost] bot 173 shot 171 dmg=12
2026-08-24T14:17:30 33.795 INF [WasmHost] bot 173 shot 171 dmg=24 head
2026-08-24T14:17:30 33.795 INF [WasmHost] bot 174 shot 171 dmg=24 head
2026-08-24T14:17:31 34.045 INF [WasmHost] bot 172 shot 171 dmg=12
2026-08-24T14:17:31 34.045 INF [WasmHost] bot 172 shot 171 dmg=12
2026-08-24T14:17:31 34.095 INF [WasmHost] bot 171 shot 172 dmg=12
2026-08-24T14:17:31 34.095 INF [WasmHost] bot 171 shot 172 dmg=12
2026-08-24T14:17:31 34.095 INF [WasmHost] bot 173 shot 171 dmg=12
2026-08-24T14:17:31 34.095 INF [WasmHost] bot 173 shot 171 dmg=12
2026-08-24T14:17:31 34.345 INF [WasmHost] bot 172 shot 171 dmg=12
2026-08-24T14:17:31 34.396 INF [WasmHost] bot 171 shot 172 dmg=12
2026-08-24T14:17:31 34.396 INF [WasmHost] bot 171 shot 172 dmg=12
2026-08-24T14:17:31 34.396 INF [WasmHost] bot 173 shot 171 dmg=12
2026-08-24T14:17:31 34.396 INF [WasmHost] bot 174 shot 171 dmg=12
2026-08-24T14:17:31 34.396 INF [WasmHost] bot 174 shot 171 dmg=12
2026-08-24T14:17:31 34.645 INF [WasmHost] bot 172 shot 171 dmg=12
2026-08-24T14:17:31 34.645 INF [WasmHost] bot 172 shot 171 dmg=24 head
2026-08-24T14:17:31 34.695 INF [WasmHost] bot 171 shot 172 dmg=24 head
2026-08-24T14:17:31 34.695 INF [WasmHost] bot 173 shot 171 dmg=24 head
2026-08-24T14:17:31 34.695 INF [WasmHost] bot 174 shot 171 dmg=12
2026-08-24T14:17:31 34.945 INF [WasmHost] bot 172 shot 171 dmg=12
2026-08-24T14:17:31 34.995 INF [WasmHost] bot 171 shot 172 dmg=24 head
2026-08-24T14:17:31 34.995 INF [WasmHost] bot 173 shot 171 dmg=12
2026-08-24T14:17:31 34.995 INF [WasmHost] bot 174 shot 171 dmg=24 head
2026-08-24T14:17:32 35.246 INF [WasmHost] bot 172 shot 171 dmg=12
2026-08-24T14:17:32 35.296 INF [WasmHost] bot 171 shot 172 dmg=12
2026-08-24T14:17:32 35.296 INF [WasmHost] bot 173 shot 171 dmg=12
2026-08-24T14:17:32 35.296 INF [WasmHost] bot 174 shot 171 dmg=24 head
2026-08-24T14:17:32 35.945 INF [wasm] hello mod alive at tick 25400 (world 7000)
2026-08-24T14:17:33 36.795 INF [WasmHost] bot 171 shot 172 dmg=12
2026-08-24T14:17:33 36.795 INF [WasmHost] bot 173 shot 171 dmg=12
2026-08-24T14:17:33 36.795 INF [WasmHost] bot 173 shot 171 dmg=12
2026-08-24T14:17:33 36.796 INF [WasmHost] bot 174 shot 171 dmg=12
2026-08-24T14:17:33 36.796 INF [WasmHost] bot 174 shot 171 dmg=12
2026-08-24T14:17:34 37.046 INF [WasmHost] bot 172 shot 171 dmg=12
2026-08-24T14:17:34 37.046 INF [WasmHost] bot 172 shot 171 dmg=12
2026-08-24T14:17:34 37.096 INF [WasmHost] bot 171 shot 172 dmg=12
2026-08-24T14:17:34 37.096 INF [WasmHost] bot 171 shot 172 dmg=12
2026-08-24T14:17:34 37.096 INF [WasmHost] bot 173 shot 171 dmg=12
2026-08-24T14:17:34 37.096 INF [WasmHost] bot 173 shot 171 dmg=12
2026-08-24T14:17:34 37.096 INF [WasmHost] bot 174 shot 171 dmg=12
2026-08-24T14:17:34 37.096 INF [WasmHost] bot 174 shot 171 dmg=12
2026-08-24T14:17:34 37.396 INF [WasmHost] bot 171 shot 172 dmg=12
2026-08-24T14:17:34 37.396 INF [WasmHost] bot 171 shot 172 dmg=12
2026-08-24T14:17:34 37.396 INF [WasmHost] bot 173 shot 171 dmg=24 head
2026-08-24T14:17:34 37.396 INF [WasmHost] bot 173 shot 171 dmg=12
2026-08-24T14:17:34 37.396 INF [WasmHost] bot 174 shot 171 dmg=12
2026-08-24T14:17:34 37.396 INF [WasmHost] bot 174 shot 171 dmg=12
2026-08-24T14:17:34 37.645 INF [WasmHost] bot 172 shot 171 dmg=12
2026-08-24T14:17:34 37.696 INF [WasmHost] bot 171 shot 172 dmg=12
2026-08-24T14:17:34 37.696 INF [WasmHost] bot 173 shot 171 dmg=12
2026-08-24T14:17:34 37.696 INF [WasmHost] bot 174 shot 171 dmg=12
2026-08-24T14:17:34 37.696 INF [WasmHost] bot 174 shot 171 dmg=12
2026-08-24T14:17:34 37.945 INF [WasmHost] bot 172 shot 171 dmg=12
2026-08-24T14:17:34 37.996 INF [WasmHost] bot 171 shot 172 dmg=12
2026-08-24T14:17:34 37.996 INF [WasmHost] bot 173 shot 171 dmg=12
2026-08-24T14:17:34 37.996 INF [WasmHost] bot 173 shot 171 dmg=12
2026-08-24T14:17:34 37.996 INF [WasmHost] bot 174 shot 171 dmg=12
2026-08-24T14:17:35 38.246 INF [WasmHost] bot 172 shot 171 dmg=12
2026-08-24T14:17:35 38.246 INF [WasmHost] bot 172 shot 171 dmg=12
2026-08-24T14:17:35 38.296 INF [WasmHost] bot 171 shot 172 dmg=12
2026-08-24T14:17:35 38.296 INF [WasmHost] bot 173 shot 171 dmg=12
2026-08-24T14:17:35 38.296 INF [WasmHost] bot 173 shot 171 dmg=12
2026-08-24T14:17:35 38.296 INF [WasmHost] bot 174 shot 171 dmg=12
2026-08-24T14:17:35 38.296 INF [WasmHost] bot 174 shot 171 dmg=12
2026-08-24T14:17:35 38.546 INF [WasmHost] bot 172 shot 171 dmg=24 head
2026-08-24T14:17:35 38.596 INF [WasmHost] bot 171 shot 172 dmg=12
2026-08-24T14:17:35 38.596 INF [WasmHost] bot 173 shot 171 dmg=12
2026-08-24T14:17:35 38.596 INF [WasmHost] bot 173 shot 171 dmg=12
2026-08-24T14:17:35 38.596 INF [WasmHost] bot 174 shot 171 dmg=12
2026-08-24T14:17:35 38.845 INF [WasmHost] bot 172 shot 171 dmg=12
2026-08-24T14:17:35 38.896 INF [WasmHost] bot 171 shot 172 dmg=12
2026-08-24T14:17:35 38.896 INF [WasmHost] bot 173 shot 171 dmg=12
2026-08-24T14:17:37 40.346 INF [WasmHost] bot 172 shot 171 dmg=12
2026-08-24T14:17:37 40.396 INF [WasmHost] bot 171 shot 172 dmg=12
2026-08-24T14:17:37 40.396 INF [WasmHost] bot 173 shot 171 dmg=24 head
2026-08-24T14:17:37 40.648 INF [WasmHost] bot 172 shot 171 dmg=12
2026-08-24T14:17:37 40.696 INF [WasmHost] bot 171 shot 172 dmg=12
2026-08-24T14:17:37 40.696 INF [WasmHost] bot 173 shot 171 dmg=12
2026-08-24T14:17:37 40.696 INF [WasmHost] bot 174 shot 171 dmg=12
2026-08-24T14:17:37 40.696 INF [WasmHost] bot 174 shot 171 dmg=12
2026-08-24T14:17:37 40.946 INF [wasm] hello mod alive at tick 25500 (world 7000)
2026-08-24T14:17:37 40.996 INF [WasmHost] bot 171 shot 172 dmg=12
2026-08-24T14:17:37 40.996 INF [WasmHost] bot 171 shot 172 dmg=12
2026-08-24T14:17:37 40.996 INF [WasmHost] bot 173 shot 171 dmg=12
2026-08-24T14:17:37 40.997 INF [WasmHost] bot 173 shot 171 dmg=24 head
2026-08-24T14:17:38 41.246 INF [WasmHost] bot 172 shot 171 dmg=12
2026-08-24T14:17:38 41.296 INF [WasmHost] bot 171 shot 172 dmg=12
2026-08-24T14:17:38 41.296 INF [WasmHost] bot 173 shot 171 dmg=12
2026-08-24T14:17:38 41.296 INF [WasmHost] bot 173 shot 171 dmg=12
2026-08-24T14:17:38 41.296 INF [WasmHost] bot 174 shot 171 dmg=12
2026-08-24T14:17:38 41.296 INF [WasmHost] bot 174 shot 171 dmg=12
2026-08-24T14:17:38 41.546 INF [WasmHost] bot 172 shot 171 dmg=12
2026-08-24T14:17:38 41.546 INF [WasmHost] bot 172 shot 171 dmg=12
2026-08-24T14:17:38 41.596 INF [WasmHost] bot 173 shot 171 dmg=12
2026-08-24T14:17:38 41.596 INF [WasmHost] bot 174 shot 171 dmg=12
2026-08-24T14:17:38 41.846 INF [WasmHost] bot 172 shot 171 dmg=12
2026-08-24T14:17:38 41.846 INF [WasmHost] bot 172 shot 171 dmg=12
2026-08-24T14:17:38 41.897 INF [WasmHost] bot 173 shot 171 dmg=12
2026-08-24T14:17:38 41.897 INF [WasmHost] bot 173 shot 171 dmg=12
2026-08-24T14:17:38 41.897 INF [WasmHost] bot 174 shot 171 dmg=12
2026-08-24T14:17:38 41.897 INF [WasmHost] bot 174 shot 171 dmg=12
2026-08-24T14:17:39 42.149 INF [WasmHost] bot 172 shot 171 dmg=12
2026-08-24T14:17:39 42.149 INF [WasmHost] bot 172 shot 171 dmg=12
2026-08-24T14:17:39 42.199 INF [WasmHost] bot 173 shot 171 dmg=12
2026-08-24T14:17:39 42.199 INF [WasmHost] bot 173 shot 171 dmg=24 head
2026-08-24T14:17:39 42.199 INF [WasmHost] bot 174 shot 171 dmg=12
2026-08-24T14:17:39 42.199 INF [WasmHost] bot 174 shot 171 dmg=24 head
2026-08-24T14:17:39 42.499 INF [WasmHost] bot 174 shot 171 dmg=24 head
2026-08-24T14:17:40 43.949 INF [WasmHost] bot 172 shot 171 dmg=12
2026-08-24T14:17:41 43.999 INF [WasmHost] bot 171 shot 172 dmg=12
2026-08-24T14:17:41 43.999 INF [WasmHost] bot 171 shot 172 dmg=12
2026-08-24T14:17:41 43.999 INF [WasmHost] bot 173 shot 171 dmg=24 head
2026-08-24T14:17:41 43.999 INF [WasmHost] bot 174 shot 171 dmg=24 head
2026-08-24T14:17:41 43.999 INF [WasmHost] bot 174 shot 171 dmg=12
2026-08-24T14:17:41 44.249 INF [WasmHost] bot 172 shot 171 dmg=12
2026-08-24T14:17:41 44.249 INF [WasmHost] bot 172 shot 171 dmg=12
2026-08-24T14:17:41 44.299 INF [WasmHost] bot 173 shot 171 dmg=12
2026-08-24T14:17:41 44.299 INF [WasmHost] bot 173 shot 171 dmg=12
2026-08-24T14:17:41 44.299 INF [WasmHost] bot 174 shot 171 dmg=24 head
2026-08-24T14:17:41 44.549 INF [WasmHost] bot 172 shot 171 dmg=12
2026-08-24T14:17:41 44.599 INF [WasmHost] bot 171 shot 172 dmg=12
2026-08-24T14:17:41 44.599 INF [WasmHost] bot 171 shot 172 dmg=12
2026-08-24T14:17:41 44.599 INF [WasmHost] bot 173 shot 171 dmg=12
2026-08-24T14:17:41 44.599 INF [WasmHost] bot 174 shot 171 dmg=12
2026-08-24T14:17:41 44.900 INF [WasmHost] bot 173 shot 171 dmg=12
2026-08-24T14:17:41 44.900 INF [WasmHost] bot 173 shot 171 dmg=12
2026-08-24T14:17:41 44.900 INF [WasmHost] bot 174 shot 171 dmg=12
2026-08-24T14:17:42 45.149 INF [WasmHost] bot 172 shot 171 dmg=12
2026-08-24T14:17:42 45.199 INF [WasmHost] bot 171 shot 172 dmg=12
2026-08-24T14:17:42 45.199 INF [WasmHost] bot 174 shot 171 dmg=24 head
2026-08-24T14:17:42 45.449 INF [WasmHost] bot 172 shot 171 dmg=12
2026-08-24T14:17:42 45.449 INF [WasmHost] bot 172 shot 171 dmg=12
2026-08-24T14:17:42 45.499 INF [WasmHost] bot 171 shot 172 dmg=24 head
2026-08-24T14:17:42 45.499 INF [WasmHost] bot 171 shot 172 dmg=12
2026-08-24T14:17:42 45.499 INF [WasmHost] bot 173 shot 171 dmg=12
2026-08-24T14:17:42 45.499 INF [WasmHost] bot 174 shot 171 dmg=12
2026-08-24T14:17:42 45.750 INF [WasmHost] bot 172 shot 171 dmg=12
2026-08-24T14:17:42 45.750 INF [WasmHost] bot 172 shot 171 dmg=12
2026-08-24T14:17:42 45.799 INF [WasmHost] bot 171 shot 172 dmg=12
2026-08-24T14:17:42 45.799 INF [WasmHost] bot 171 shot 172 dmg=24 head
2026-08-24T14:17:42 45.799 INF [WasmHost] bot 173 shot 171 dmg=12
2026-08-24T14:17:42 45.799 INF [WasmHost] bot 174 shot 171 dmg=12
2026-08-24T14:17:42 45.799 INF [WasmHost] bot 174 shot 171 dmg=12
2026-08-24T14:17:42 45.949 INF [wasm] hello mod alive at tick 25600 (world 7000)
2026-08-24T14:17:43 46.049 INF [WasmHost] bot 172 shot 171 dmg=24 head
2026-08-24T14:17:43 46.099 INF [WasmHost] bot 173 shot 171 dmg=12
2026-08-24T14:17:43 46.099 INF [WasmHost] bot 174 shot 171 dmg=12
2026-08-24T14:17:44 47.599 INF [WasmHost] bot 171 shot 172 dmg=12
2026-08-24T14:17:44 47.599 INF [WasmHost] bot 171 shot 172 dmg=12
2026-08-24T14:17:44 47.599 INF [WasmHost] bot 173 shot 171 dmg=12
2026-08-24T14:17:44 47.599 INF [WasmHost] bot 173 shot 171 dmg=12
2026-08-24T14:17:44 47.599 INF [WasmHost] bot 174 shot 171 dmg=12
2026-08-24T14:17:44 47.849 INF [WasmHost] bot 172 shot 171 dmg=12
2026-08-24T14:17:44 47.849 INF [WasmHost] bot 172 shot 171 dmg=12
2026-08-24T14:17:44 47.900 INF [WasmHost] bot 171 shot 172 dmg=12
2026-08-24T14:17:44 47.900 INF [WasmHost] bot 173 shot 171 dmg=24 head
2026-08-24T14:17:44 47.900 INF [WasmHost] bot 173 shot 171 dmg=24 head
2026-08-24T14:17:44 47.900 INF [WasmHost] bot 174 shot 171 dmg=12
2026-08-24T14:17:45 48.151 INF [WasmHost] bot 172 shot 171 dmg=12
2026-08-24T14:17:45 48.199 INF [WasmHost] bot 171 shot 172 dmg=12
2026-08-24T14:17:45 48.199 INF [WasmHost] bot 173 shot 171 dmg=12
2026-08-24T14:17:45 48.200 INF [WasmHost] bot 174 shot 171 dmg=12
2026-08-24T14:17:45 48.449 INF [WasmHost] bot 172 shot 171 dmg=12
2026-08-24T14:17:45 48.449 INF [WasmHost] bot 172 shot 171 dmg=12
2026-08-24T14:17:45 48.500 INF [WasmHost] bot 171 shot 172 dmg=24 head
2026-08-24T14:17:45 48.500 INF [WasmHost] bot 173 shot 171 dmg=12
2026-08-24T14:17:45 48.500 INF [WasmHost] bot 174 shot 171 dmg=12
2026-08-24T14:17:45 48.500 INF [WasmHost] bot 174 shot 171 dmg=12
2026-08-24T14:17:45 48.749 INF [WasmHost] bot 172 shot 171 dmg=12
2026-08-24T14:17:45 48.750 INF [WasmHost] bot 172 shot 171 dmg=12
2026-08-24T14:17:45 48.799 INF [WasmHost] bot 171 shot 172 dmg=24 head
2026-08-24T14:17:45 48.799 INF [WasmHost] bot 173 shot 171 dmg=12
2026-08-24T14:17:45 48.799 INF [WasmHost] bot 173 shot 171 dmg=12
2026-08-24T14:17:46 49.049 INF [WasmHost] bot 172 shot 171 dmg=12
2026-08-24T14:17:46 49.049 INF [WasmHost] bot 172 shot 171 dmg=12
2026-08-24T14:17:46 49.099 INF [WasmHost] bot 171 shot 172 dmg=12
2026-08-24T14:17:46 49.099 INF [WasmHost] bot 173 shot 171 dmg=12
2026-08-24T14:17:46 49.099 INF [WasmHost] bot 173 shot 171 dmg=12
2026-08-24T14:17:46 49.099 INF [WasmHost] bot 174 shot 171 dmg=12
2026-08-24T14:17:46 49.349 INF [WasmHost] bot 172 shot 171 dmg=12
2026-08-24T14:17:46 49.399 INF [WasmHost] bot 171 shot 172 dmg=12
2026-08-24T14:17:46 49.399 INF [WasmHost] bot 174 shot 171 dmg=12
2026-08-24T14:17:46 49.399 INF [WasmHost] bot 174 shot 171 dmg=12
2026-08-24T14:17:46 49.649 INF [WasmHost] bot 172 shot 171 dmg=12
2026-08-24T14:17:46 49.699 INF [WasmHost] bot 173 shot 171 dmg=12
2026-08-24T14:17:46 49.699 INF [WasmHost] bot 174 shot 171 dmg=12
2026-08-24T14:17:47 50.949 INF [wasm] hello mod alive at tick 25700 (world 7000)
2026-08-24T14:17:48 51.149 INF [WasmHost] bot 172 shot 171 dmg=12
2026-08-24T14:17:48 51.149 INF [WasmHost] bot 172 shot 171 dmg=12
2026-08-24T14:17:48 51.199 INF [WasmHost] bot 171 shot 172 dmg=24 head
2026-08-24T14:17:48 51.199 INF [WasmHost] bot 171 shot 172 dmg=12
2026-08-24T14:17:48 51.199 INF [WasmHost] bot 173 shot 171 dmg=24 head
2026-08-24T14:17:48 51.199 INF [WasmHost] bot 174 shot 171 dmg=24 head
2026-08-24T14:17:48 51.500 INF [WasmHost] bot 171 shot 172 dmg=24 head
2026-08-24T14:17:48 51.500 INF [WasmHost] bot 171 shot 172 dmg=12
2026-08-24T14:17:48 51.500 INF [WasmHost] bot 173 shot 171 dmg=12
2026-08-24T14:17:48 51.500 INF [WasmHost] bot 173 shot 171 dmg=12
2026-08-24T14:17:48 51.500 INF [WasmHost] bot 174 shot 171 dmg=12
2026-08-24T14:17:48 51.500 INF [WasmHost] bot 174 shot 171 dmg=12
2026-08-24T14:17:48 51.749 INF [WasmHost] bot 172 shot 171 dmg=12
2026-08-24T14:17:48 51.749 INF [WasmHost] bot 172 shot 171 dmg=12
2026-08-24T14:17:48 51.799 INF [WasmHost] bot 171 shot 172 dmg=24 head
2026-08-24T14:17:48 51.800 INF [WasmHost] bot 171 shot 172 dmg=12
2026-08-24T14:17:48 51.800 INF [WasmHost] bot 173 shot 171 dmg=12
2026-08-24T14:17:48 51.800 INF [WasmHost] bot 173 shot 171 dmg=12
2026-08-24T14:17:48 51.800 INF [WasmHost] bot 174 shot 171 dmg=12
2026-08-24T14:17:49 52.049 INF [WasmHost] bot 172 shot 171 dmg=12
2026-08-24T14:17:49 52.100 INF [WasmHost] bot 171 shot 172 dmg=12
2026-08-24T14:17:49 52.100 INF [WasmHost] bot 171 shot 172 dmg=24 head
2026-08-24T14:17:49 52.100 INF [WasmHost] bot 173 shot 171 dmg=12
2026-08-24T14:17:49 52.100 INF [WasmHost] bot 173 shot 171 dmg=24 head
2026-08-24T14:17:49 52.100 INF [WasmHost] bot 174 shot 171 dmg=12
2026-08-24T14:17:49 52.349 INF [WasmHost] bot 172 shot 171 dmg=12
2026-08-24T14:17:49 52.399 INF [WasmHost] bot 171 shot 172 dmg=24 head
2026-08-24T14:17:49 52.399 INF [WasmHost] bot 171 shot 172 dmg=12
2026-08-24T14:17:49 52.399 INF [WasmHost] bot 173 shot 171 dmg=12
2026-08-24T14:17:49 52.399 INF [WasmHost] bot 173 shot 171 dmg=12
2026-08-24T14:17:49 52.399 INF [WasmHost] bot 174 shot 171 dmg=12
2026-08-24T14:17:49 52.399 INF [WasmHost] bot 174 shot 171 dmg=12
2026-08-24T14:17:49 52.649 INF [WasmHost] bot 172 shot 171 dmg=12
2026-08-24T14:17:49 52.649 INF [WasmHost] bot 172 shot 171 dmg=12
2026-08-24T14:17:49 52.699 INF [WasmHost] bot 171 shot 172 dmg=24 head
2026-08-24T14:17:49 52.699 INF [WasmHost] bot 173 shot 171 dmg=12
2026-08-24T14:17:49 52.699 INF [WasmHost] bot 174 shot 171 dmg=12
2026-08-24T14:17:49 52.699 INF [WasmHost] bot 174 shot 171 dmg=12
2026-08-24T14:17:50 52.999 INF [WasmHost] bot 171 shot 172 dmg=12
2026-08-24T14:17:50 53.000 INF [WasmHost] bot 173 shot 171 dmg=12
2026-08-24T14:17:50 53.000 INF [WasmHost] bot 173 shot 171 dmg=24 head
2026-08-24T14:17:50 53.000 INF [WasmHost] bot 174 shot 171 dmg=12
2026-08-24T14:17:50 53.249 INF [WasmHost] bot 172 shot 171 dmg=12
2026-08-24T14:17:50 53.299 INF [WasmHost] bot 171 shot 172 dmg=12
2026-08-24T14:17:50 53.299 INF [WasmHost] bot 174 shot 171 dmg=12
2026-08-24T14:17:51 54.750 INF [WasmHost] bot 172 shot 171 dmg=12
2026-08-24T14:17:51 54.800 INF [WasmHost] bot 171 shot 172 dmg=12
2026-08-24T14:17:51 54.800 INF [WasmHost] bot 173 shot 171 dmg=12
2026-08-24T14:17:51 54.800 INF [WasmHost] bot 173 shot 171 dmg=12
2026-08-24T14:17:51 54.800 INF [WasmHost] bot 174 shot 171 dmg=24 head
2026-08-24T14:17:51 54.800 INF [WasmHost] bot 174 shot 171 dmg=12
2026-08-24T14:17:52 55.050 INF [WasmHost] bot 172 shot 171 dmg=12
2026-08-24T14:17:52 55.050 INF [WasmHost] bot 172 shot 171 dmg=12
2026-08-24T14:17:52 55.100 INF [WasmHost] bot 171 shot 172 dmg=12
2026-08-24T14:17:52 55.100 INF [WasmHost] bot 171 shot 172 dmg=12
2026-08-24T14:17:52 55.100 INF [WasmHost] bot 174 shot 171 dmg=24 head
2026-08-24T14:17:52 55.100 INF [WasmHost] bot 174 shot 171 dmg=12
2026-08-24T14:17:52 55.350 INF [WasmHost] bot 172 shot 171 dmg=12
2026-08-24T14:17:52 55.350 INF [WasmHost] bot 172 shot 171 dmg=12
2026-08-24T14:17:52 55.400 INF [WasmHost] bot 174 shot 171 dmg=12
2026-08-24T14:17:52 55.400 INF [WasmHost] bot 174 shot 171 dmg=24 head
2026-08-24T14:17:52 55.651 INF [WasmHost] bot 172 shot 171 dmg=12
2026-08-24T14:17:52 55.701 INF [WasmHost] bot 171 shot 172 dmg=12
2026-08-24T14:17:52 55.701 INF [WasmHost] bot 171 shot 172 dmg=12
2026-08-24T14:17:52 55.701 INF [WasmHost] bot 173 shot 171 dmg=12
2026-08-24T14:17:52 55.701 INF [WasmHost] bot 174 shot 171 dmg=12
2026-08-24T14:17:52 55.951 INF [wasm] hello mod alive at tick 25800 (world 7000)
2026-08-24T14:17:53 56.000 INF [WasmHost] bot 174 shot 171 dmg=12
2026-08-24T14:17:53 56.250 INF [WasmHost] bot 172 shot 171 dmg=12
2026-08-24T14:17:53 56.300 INF [WasmHost] bot 171 shot 172 dmg=12
2026-08-24T14:17:53 56.300 INF [WasmHost] bot 171 shot 172 dmg=12
2026-08-24T14:17:53 56.300 INF [WasmHost] bot 173 shot 171 dmg=24 head
2026-08-24T14:17:53 56.300 INF [WasmHost] bot 174 shot 171 dmg=12
2026-08-24T14:17:53 56.550 INF [WasmHost] bot 172 shot 171 dmg=12
2026-08-24T14:17:53 56.550 INF [WasmHost] bot 172 shot 171 dmg=12
2026-08-24T14:17:53 56.601 INF [WasmHost] bot 171 shot 172 dmg=12
2026-08-24T14:17:53 56.601 INF [WasmHost] bot 174 shot 171 dmg=12
2026-08-24T14:17:53 56.851 INF [WasmHost] bot 172 shot 171 dmg=12
2026-08-24T14:17:53 56.901 INF [WasmHost] bot 174 shot 171 dmg=12
2026-08-24T14:17:55 58.353 INF [WasmHost] bot 172 shot 171 dmg=24 head
2026-08-24T14:17:55 58.353 INF [WasmHost] bot 172 shot 171 dmg=12
2026-08-24T14:17:55 58.403 INF [WasmHost] bot 173 shot 171 dmg=12
2026-08-24T14:17:55 58.403 INF [WasmHost] bot 173 shot 171 dmg=12
2026-08-24T14:17:55 58.403 INF [WasmHost] bot 174 shot 171 dmg=12
2026-08-24T14:17:55 58.655 INF [WasmHost] bot 172 shot 171 dmg=12
2026-08-24T14:17:55 58.655 INF [WasmHost] bot 172 shot 171 dmg=12
2026-08-24T14:17:55 58.703 INF [WasmHost] bot 171 shot 172 dmg=12
2026-08-24T14:17:55 58.703 INF [WasmHost] bot 173 shot 171 dmg=12
2026-08-24T14:17:55 58.703 INF [WasmHost] bot 173 shot 171 dmg=12
2026-08-24T14:17:55 58.703 INF [WasmHost] bot 174 shot 171 dmg=12
2026-08-24T14:17:55 58.703 INF [WasmHost] bot 174 shot 171 dmg=12
2026-08-24T14:17:55 58.953 INF [WasmHost] bot 172 shot 171 dmg=12
2026-08-24T14:17:56 59.003 INF [WasmHost] bot 171 shot 172 dmg=12
2026-08-24T14:17:56 59.003 INF [WasmHost] bot 171 shot 172 dmg=12
2026-08-24T14:17:56 59.003 INF [WasmHost] bot 174 shot 171 dmg=12
2026-08-24T14:17:56 59.003 INF [WasmHost] bot 174 shot 171 dmg=12
2026-08-24T14:17:56 59.255 INF [WasmHost] bot 172 shot 171 dmg=12
2026-08-24T14:17:56 59.255 INF [WasmHost] bot 172 shot 171 dmg=12
2026-08-24T14:17:56 59.303 INF [WasmHost] bot 171 shot 172 dmg=24 head
2026-08-24T14:17:56 59.303 INF [WasmHost] bot 173 shot 171 dmg=12
2026-08-24T14:17:56 59.303 INF [WasmHost] bot 173 shot 171 dmg=12
2026-08-24T14:17:56 59.303 INF [WasmHost] bot 174 shot 171 dmg=12
2026-08-24T14:17:56 59.303 INF [WasmHost] bot 174 shot 171 dmg=24 head
2026-08-24T14:17:56 59.553 INF [WasmHost] bot 172 shot 171 dmg=12
2026-08-24T14:17:56 59.604 INF [WasmHost] bot 173 shot 171 dmg=12
2026-08-24T14:17:56 59.604 INF [WasmHost] bot 174 shot 171 dmg=24 head
2026-08-24T14:17:56 59.604 INF [WasmHost] bot 174 shot 171 dmg=12
2026-08-24T14:17:56 59.853 INF [WasmHost] bot 172 shot 171 dmg=12
2026-08-24T14:17:56 59.853 INF [WasmHost] bot 172 shot 171 dmg=12
2026-08-24T14:17:56 59.905 INF [WasmHost] bot 171 shot 172 dmg=12
2026-08-24T14:17:56 59.905 INF [WasmHost] bot 171 shot 172 dmg=12
2026-08-24T14:17:56 59.905 INF [WasmHost] bot 173 shot 171 dmg=12
2026-08-24T14:17:56 59.905 INF [WasmHost] bot 173 shot 171 dmg=12
2026-08-24T14:17:56 59.905 INF [WasmHost] bot 174 shot 171 dmg=12
2026-08-24T14:17:56 59.905 INF [WasmHost] bot 174 shot 171 dmg=12
2026-08-24T14:17:57 60.153 INF [WasmHost] bot 172 shot 171 dmg=12
2026-08-24T14:17:57 60.203 INF [WasmHost] bot 171 shot 172 dmg=12
2026-08-24T14:17:57 60.504 INF [WasmHost] bot 174 shot 171 dmg=12
2026-08-24T14:17:57 60.953 INF [wasm] hello mod alive at tick 25900 (world 7000)
2026-08-24T14:17:58 61.954 INF [WasmHost] bot 172 shot 171 dmg=24 head
2026-08-24T14:17:59 62.004 INF [WasmHost] bot 173 shot 171 dmg=24 head
2026-08-24T14:17:59 62.004 INF [WasmHost] bot 174 shot 171 dmg=12
2026-08-24T14:17:59 62.254 INF [WasmHost] bot 172 shot 171 dmg=24 head
2026-08-24T14:17:59 62.304 INF [WasmHost] bot 171 shot 172 dmg=12
2026-08-24T14:17:59 62.304 INF [WasmHost] bot 173 shot 171 dmg=12
2026-08-24T14:17:59 62.304 INF [WasmHost] bot 174 shot 171 dmg=12
2026-08-24T14:17:59 62.304 INF [WasmHost] bot 174 shot 171 dmg=12
2026-08-24T14:17:59 62.554 INF [WasmHost] bot 172 shot 171 dmg=12
2026-08-24T14:17:59 62.605 INF [WasmHost] bot 173 shot 171 dmg=12
2026-08-24T14:17:59 62.605 INF [WasmHost] bot 173 shot 171 dmg=12
2026-08-24T14:17:59 62.605 INF [WasmHost] bot 174 shot 171 dmg=12
2026-08-24T14:17:59 62.854 INF [WasmHost] bot 172 shot 171 dmg=12
2026-08-24T14:17:59 62.905 INF [WasmHost] bot 171 shot 172 dmg=12
2026-08-24T14:17:59 62.905 INF [WasmHost] bot 171 shot 172 dmg=12
2026-08-24T14:17:59 62.905 INF [WasmHost] bot 174 shot 171 dmg=24 head
2026-08-24T14:18:00 63.155 INF [WasmHost] bot 172 shot 171 dmg=12
2026-08-24T14:18:00 63.155 INF [WasmHost] bot 172 shot 171 dmg=12
2026-08-24T14:18:00 63.205 INF [WasmHost] bot 173 shot 171 dmg=12
2026-08-24T14:18:00 63.205 INF [WasmHost] bot 174 shot 171 dmg=24 head
2026-08-24T14:18:00 63.205 INF [WasmHost] bot 174 shot 171 dmg=12
2026-08-24T14:18:00 63.455 INF [WasmHost] bot 172 shot 171 dmg=12
2026-08-24T14:18:00 63.504 INF [WasmHost] bot 171 shot 172 dmg=12
2026-08-24T14:18:00 63.504 INF [WasmHost] bot 171 shot 172 dmg=12
2026-08-24T14:18:00 63.504 INF [WasmHost] bot 173 shot 171 dmg=12
2026-08-24T14:18:00 63.505 INF [WasmHost] bot 174 shot 171 dmg=12
2026-08-24T14:18:00 63.754 INF [WasmHost] bot 172 shot 171 dmg=12
2026-08-24T14:18:00 63.805 INF [WasmHost] bot 171 shot 172 dmg=12
2026-08-24T14:18:00 63.805 INF [WasmHost] bot 173 shot 171 dmg=12
2026-08-24T14:18:00 63.805 INF [WasmHost] bot 174 shot 171 dmg=12
2026-08-24T14:18:00 63.805 INF [WasmHost] bot 174 shot 171 dmg=12
2026-08-24T14:18:01 64.055 INF [WasmHost] bot 172 shot 171 dmg=12
2026-08-24T14:18:01 64.105 INF [WasmHost] bot 171 shot 172 dmg=12
2026-08-24T14:18:01 64.105 INF [WasmHost] bot 173 shot 171 dmg=12
2026-08-24T14:18:02 65.554 INF [WasmHost] bot 172 shot 171 dmg=24 head
2026-08-24T14:18:02 65.604 INF [WasmHost] bot 171 shot 172 dmg=24 head
2026-08-24T14:18:02 65.604 INF [WasmHost] bot 171 shot 172 dmg=12
2026-08-24T14:18:02 65.604 INF [WasmHost] bot 173 shot 171 dmg=24 head
2026-08-24T14:18:02 65.604 INF [WasmHost] bot 173 shot 171 dmg=12
2026-08-24T14:18:02 65.604 INF [WasmHost] bot 174 shot 171 dmg=12
2026-08-24T14:18:02 65.854 INF [WasmHost] bot 172 shot 171 dmg=12
2026-08-24T14:18:02 65.854 INF [WasmHost] bot 172 shot 171 dmg=12
2026-08-24T14:18:02 65.904 INF [WasmHost] bot 171 shot 172 dmg=12
2026-08-24T14:18:02 65.904 INF [WasmHost] bot 173 shot 171 dmg=12
2026-08-24T14:18:02 65.904 INF [WasmHost] bot 173 shot 171 dmg=12
2026-08-24T14:18:02 65.904 INF [WasmHost] bot 174 shot 171 dmg=24 head
2026-08-24T14:18:02 65.904 INF [WasmHost] bot 174 shot 171 dmg=12
2026-08-24T14:18:02 65.954 INF [wasm] hello mod alive at tick 26000 (world 7000)
2026-08-24T14:18:02 65.954 INF Chat (from '-non-player-', entity id '-1', to 'Global'): hello survivor from a wasm mod at tick 26000
2026-08-24T14:18:03 66.154 INF [WasmHost] bot 172 shot 171 dmg=24 head
2026-08-24T14:18:03 66.205 INF [WasmHost] bot 171 shot 172 dmg=12
2026-08-24T14:18:03 66.205 INF [WasmHost] bot 171 shot 172 dmg=12
2026-08-24T14:18:03 66.205 INF [WasmHost] bot 173 shot 171 dmg=12
2026-08-24T14:18:03 66.205 INF [WasmHost] bot 174 shot 171 dmg=12
2026-08-24T14:18:03 66.454 INF [WasmHost] bot 172 shot 171 dmg=12
2026-08-24T14:18:03 66.454 INF [WasmHost] bot 172 shot 171 dmg=24 head
2026-08-24T14:18:03 66.504 INF [WasmHost] bot 171 shot 172 dmg=12
2026-08-24T14:18:03 66.504 INF [WasmHost] bot 171 shot 172 dmg=24 head
2026-08-24T14:18:03 66.504 INF [WasmHost] bot 173 shot 171 dmg=24 head
2026-08-24T14:18:03 66.504 INF [WasmHost] bot 173 shot 171 dmg=12
2026-08-24T14:18:03 66.504 INF [WasmHost] bot 174 shot 171 dmg=12
2026-08-24T14:18:03 66.754 INF [WasmHost] bot 172 shot 171 dmg=12
2026-08-24T14:18:03 66.754 INF [WasmHost] bot 172 shot 171 dmg=24 head
2026-08-24T14:18:03 66.804 INF [WasmHost] bot 173 shot 171 dmg=12
2026-08-24T14:18:03 66.804 INF [WasmHost] bot 174 shot 171 dmg=12
2026-08-24T14:18:03 66.804 INF [WasmHost] bot 174 shot 171 dmg=12
2026-08-24T14:18:04 67.054 INF [WasmHost] bot 172 shot 171 dmg=12
2026-08-24T14:18:04 67.054 INF [WasmHost] bot 172 shot 171 dmg=12
2026-08-24T14:18:04 67.104 INF [WasmHost] bot 171 shot 172 dmg=12
2026-08-24T14:18:04 67.104 INF [WasmHost] bot 171 shot 172 dmg=12
2026-08-24T14:18:04 67.104 INF [WasmHost] bot 174 shot 171 dmg=12
2026-08-24T14:18:04 67.104 INF [WasmHost] bot 174 shot 171 dmg=12
2026-08-24T14:18:04 67.354 INF [WasmHost] bot 172 shot 171 dmg=12
2026-08-24T14:18:04 67.354 INF [WasmHost] bot 172 shot 171 dmg=12
2026-08-24T14:18:04 67.404 INF [WasmHost] bot 171 shot 172 dmg=12
2026-08-24T14:18:04 67.404 INF [WasmHost] bot 173 shot 171 dmg=24 head
2026-08-24T14:18:04 67.404 INF [WasmHost] bot 174 shot 171 dmg=12
2026-08-24T14:18:04 67.404 INF [WasmHost] bot 174 shot 171 dmg=12
2026-08-24T14:18:04 67.705 INF [WasmHost] bot 171 shot 172 dmg=12
2026-08-24T14:18:04 67.705 INF [WasmHost] bot 173 shot 171 dmg=12
2026-08-24T14:18:06 69.154 INF [WasmHost] bot 172 shot 171 dmg=12
2026-08-24T14:18:06 69.155 INF [WasmHost] bot 172 shot 171 dmg=12
2026-08-24T14:18:06 69.204 INF [WasmHost] bot 171 shot 172 dmg=24 head
2026-08-24T14:18:06 69.204 INF [WasmHost] bot 171 shot 172 dmg=12
2026-08-24T14:18:06 69.204 INF [WasmHost] bot 173 shot 171 dmg=12
2026-08-24T14:18:06 69.204 INF [WasmHost] bot 174 shot 171 dmg=12
2026-08-24T14:18:06 69.454 INF [WasmHost] bot 172 shot 171 dmg=24 head
2026-08-24T14:18:06 69.504 INF [WasmHost] bot 173 shot 171 dmg=12
2026-08-24T14:18:06 69.504 INF [WasmHost] bot 173 shot 171 dmg=12
2026-08-24T14:18:06 69.804 INF [WasmHost] bot 171 shot 172 dmg=12
2026-08-24T14:18:06 69.804 INF [WasmHost] bot 173 shot 171 dmg=12
2026-08-24T14:18:06 69.804 INF [WasmHost] bot 174 shot 171 dmg=12
2026-08-24T14:18:07 70.054 INF [WasmHost] bot 172 shot 171 dmg=12
2026-08-24T14:18:07 70.104 INF [WasmHost] bot 171 shot 172 dmg=12
2026-08-24T14:18:07 70.104 INF [WasmHost] bot 173 shot 171 dmg=12
2026-08-24T14:18:07 70.354 INF [WasmHost] bot 172 shot 171 dmg=12
2026-08-24T14:18:07 70.355 INF [WasmHost] bot 172 shot 171 dmg=12
2026-08-24T14:18:07 70.405 INF [WasmHost] bot 171 shot 172 dmg=12
2026-08-24T14:18:07 70.405 INF [WasmHost] bot 171 shot 172 dmg=12
2026-08-24T14:18:07 70.405 INF [WasmHost] bot 173 shot 171 dmg=24 head
2026-08-24T14:18:07 70.405 INF [WasmHost] bot 173 shot 171 dmg=12
2026-08-24T14:18:07 70.405 INF [WasmHost] bot 174 shot 171 dmg=12
2026-08-24T14:18:07 70.654 INF [WasmHost] bot 172 shot 171 dmg=12
2026-08-24T14:18:07 70.704 INF [WasmHost] bot 171 shot 172 dmg=12
2026-08-24T14:18:07 70.704 INF [WasmHost] bot 171 shot 172 dmg=12
2026-08-24T14:18:07 70.704 INF [WasmHost] bot 173 shot 171 dmg=12
2026-08-24T14:18:07 70.704 INF [WasmHost] bot 174 shot 171 dmg=12
2026-08-24T14:18:07 70.955 INF [WasmHost] bot 172 shot 171 dmg=12
2026-08-24T14:18:07 70.955 INF [wasm] hello mod alive at tick 26100 (world 7000)
2026-08-24T14:18:08 71.005 INF [WasmHost] bot 171 shot 172 dmg=12
2026-08-24T14:18:08 71.005 INF [WasmHost] bot 171 shot 172 dmg=12
2026-08-24T14:18:08 71.005 INF [WasmHost] bot 173 shot 171 dmg=12
2026-08-24T14:18:08 71.005 INF [WasmHost] bot 173 shot 171 dmg=12
2026-08-24T14:18:08 71.005 INF [WasmHost] bot 174 shot 171 dmg=12
2026-08-24T14:18:08 71.005 INF [WasmHost] bot 174 shot 171 dmg=12
2026-08-24T14:18:08 71.305 INF [WasmHost] bot 171 shot 172 dmg=12
2026-08-24T14:18:09 72.757 INF [WasmHost] bot 172 shot 171 dmg=12
2026-08-24T14:18:09 72.806 INF [WasmHost] bot 171 shot 172 dmg=12
2026-08-24T14:18:09 72.806 INF [WasmHost] bot 173 shot 171 dmg=12
2026-08-24T14:18:09 72.806 INF [WasmHost] bot 174 shot 171 dmg=12
2026-08-24T14:18:09 72.806 INF [WasmHost] bot 174 shot 171 dmg=12
2026-08-24T14:18:10 73.055 INF [WasmHost] bot 172 shot 171 dmg=12
2026-08-24T14:18:10 73.055 INF [WasmHost] bot 172 shot 171 dmg=12
2026-08-24T14:18:10 73.106 INF [WasmHost] bot 171 shot 172 dmg=12
2026-08-24T14:18:10 73.106 INF [WasmHost] bot 173 shot 171 dmg=24 head
2026-08-24T14:18:10 73.106 INF [WasmHost] bot 174 shot 171 dmg=12
2026-08-24T14:18:10 73.106 INF [WasmHost] bot 174 shot 171 dmg=12
2026-08-24T14:18:10 73.355 INF [WasmHost] bot 172 shot 171 dmg=12
2026-08-24T14:18:10 73.405 INF [WasmHost] bot 174 shot 171 dmg=12
2026-08-24T14:18:10 73.656 INF [WasmHost] bot 172 shot 171 dmg=12
2026-08-24T14:18:10 73.706 INF [WasmHost] bot 173 shot 171 dmg=24 head
2026-08-24T14:18:10 73.706 INF [WasmHost] bot 173 shot 171 dmg=12
2026-08-24T14:18:10 73.706 INF [WasmHost] bot 174 shot 171 dmg=12
2026-08-24T14:18:10 73.956 INF [WasmHost] bot 172 shot 171 dmg=12
2026-08-24T14:18:11 74.006 INF [WasmHost] bot 173 shot 171 dmg=12
2026-08-24T14:18:11 74.306 INF [WasmHost] bot 171 shot 172 dmg=12
2026-08-24T14:18:11 74.306 INF [WasmHost] bot 171 shot 172 dmg=12
2026-08-24T14:18:11 74.306 INF [WasmHost] bot 173 shot 171 dmg=12
2026-08-24T14:18:11 74.306 INF [WasmHost] bot 174 shot 171 dmg=12
2026-08-24T14:18:11 74.306 INF [WasmHost] bot 174 shot 171 dmg=12
2026-08-24T14:18:11 74.558 INF [WasmHost] bot 172 shot 171 dmg=12
2026-08-24T14:18:11 74.558 INF [WasmHost] bot 172 shot 171 dmg=12
2026-08-24T14:18:11 74.607 INF [WasmHost] bot 171 shot 172 dmg=12
2026-08-24T14:18:11 74.607 INF [WasmHost] bot 171 shot 172 dmg=12
2026-08-24T14:18:11 74.607 INF [WasmHost] bot 173 shot 171 dmg=12
2026-08-24T14:18:11 74.607 INF [WasmHost] bot 173 shot 171 dmg=24 head
2026-08-24T14:18:11 74.607 INF [WasmHost] bot 174 shot 171 dmg=12
2026-08-24T14:18:11 74.857 INF [WasmHost] bot 172 shot 171 dmg=12
2026-08-24T14:18:12 75.957 INF [wasm] hello mod alive at tick 26200 (world 7000)
2026-08-24T14:18:13 76.357 INF [WasmHost] bot 172 shot 171 dmg=12
2026-08-24T14:18:13 76.357 INF [WasmHost] bot 172 shot 171 dmg=12
2026-08-24T14:18:13 76.407 INF [WasmHost] bot 171 shot 172 dmg=24 head
2026-08-24T14:18:13 76.407 INF [WasmHost] bot 171 shot 172 dmg=12
2026-08-24T14:18:13 76.407 INF [WasmHost] bot 174 shot 171 dmg=12
2026-08-24T14:18:13 76.657 INF [WasmHost] bot 172 shot 171 dmg=12
2026-08-24T14:18:13 76.657 INF [WasmHost] bot 172 shot 171 dmg=24 head
2026-08-24T14:18:13 76.707 INF [WasmHost] bot 171 shot 172 dmg=12
2026-08-24T14:18:13 76.707 INF [WasmHost] bot 171 shot 172 dmg=24 head
2026-08-24T14:18:13 76.707 INF [WasmHost] bot 173 shot 171 dmg=12
2026-08-24T14:18:13 76.707 INF [WasmHost] bot 173 shot 171 dmg=12
2026-08-24T14:18:13 76.707 INF [WasmHost] bot 174 shot 171 dmg=24 head
2026-08-24T14:18:13 76.707 INF [WasmHost] bot 174 shot 171 dmg=12
2026-08-24T14:18:13 76.957 INF [WasmHost] bot 172 shot 171 dmg=12
2026-08-24T14:18:14 77.007 INF [WasmHost] bot 171 shot 172 dmg=12
2026-08-24T14:18:14 77.007 INF [WasmHost] bot 173 shot 171 dmg=12
2026-08-24T14:18:14 77.007 INF [WasmHost] bot 174 shot 171 dmg=12
2026-08-24T14:18:14 77.007 INF [WasmHost] bot 174 shot 171 dmg=12
2026-08-24T14:18:14 77.257 INF [WasmHost] bot 172 shot 171 dmg=24 head
2026-08-24T14:18:14 77.257 INF [WasmHost] bot 172 shot 171 dmg=12
2026-08-24T14:18:14 77.308 INF [WasmHost] bot 173 shot 171 dmg=24 head
2026-08-24T14:18:14 77.308 INF [WasmHost] bot 173 shot 171 dmg=12
2026-08-24T14:18:14 77.308 INF [WasmHost] bot 174 shot 171 dmg=24 head
2026-08-24T14:18:14 77.557 INF [WasmHost] bot 172 shot 171 dmg=24 head
2026-08-24T14:18:14 77.607 INF [WasmHost] bot 173 shot 171 dmg=12
2026-08-24T14:18:14 77.607 INF [WasmHost] bot 173 shot 171 dmg=12
2026-08-24T14:18:14 77.607 INF [WasmHost] bot 174 shot 171 dmg=12
2026-08-24T14:18:14 77.607 INF [WasmHost] bot 174 shot 171 dmg=12
2026-08-24T14:18:14 77.857 INF [WasmHost] bot 172 shot 171 dmg=24 head
2026-08-24T14:18:14 77.857 INF [WasmHost] bot 172 shot 171 dmg=24 head
2026-08-24T14:18:14 77.908 INF [WasmHost] bot 171 shot 172 dmg=12
2026-08-24T14:18:14 77.908 INF [WasmHost] bot 173 shot 171 dmg=12
2026-08-24T14:18:14 77.908 INF [WasmHost] bot 173 shot 171 dmg=12
2026-08-24T14:18:14 77.908 INF [WasmHost] bot 174 shot 171 dmg=12
2026-08-24T14:18:14 77.908 INF [WasmHost] bot 174 shot 171 dmg=12
2026-08-24T14:18:15 78.207 INF [WasmHost] bot 173 shot 171 dmg=12
2026-08-24T14:18:15 78.507 INF [WasmHost] bot 171 shot 172 dmg=12
2026-08-24T14:18:15 78.507 INF [WasmHost] bot 173 shot 171 dmg=12
2026-08-24T14:18:15 78.507 INF [WasmHost] bot 174 shot 171 dmg=12
2026-08-24T14:18:16 79.958 INF [WasmHost] bot 172 shot 171 dmg=12
2026-08-24T14:18:16 79.958 INF [WasmHost] bot 172 shot 171 dmg=12
2026-08-24T14:18:17 80.007 INF [WasmHost] bot 171 shot 172 dmg=12
2026-08-24T14:18:17 80.007 INF [WasmHost] bot 171 shot 172 dmg=12
2026-08-24T14:18:17 80.007 INF [WasmHost] bot 173 shot 171 dmg=12
2026-08-24T14:18:17 80.007 INF [WasmHost] bot 173 shot 171 dmg=24 head
2026-08-24T14:18:17 80.007 INF [WasmHost] bot 174 shot 171 dmg=12
2026-08-24T14:18:17 80.257 INF [WasmHost] bot 172 shot 171 dmg=12
2026-08-24T14:18:17 80.257 INF [WasmHost] bot 172 shot 171 dmg=24 head
2026-08-24T14:18:17 80.307 INF [WasmHost] bot 171 shot 172 dmg=12
2026-08-24T14:18:17 80.307 INF [WasmHost] bot 173 shot 171 dmg=12
2026-08-24T14:18:17 80.307 INF [WasmHost] bot 174 shot 171 dmg=12
2026-08-24T14:18:17 80.558 INF [WasmHost] bot 172 shot 171 dmg=12
2026-08-24T14:18:17 80.558 INF [WasmHost] bot 172 shot 171 dmg=12
2026-08-24T14:18:17 80.607 INF [WasmHost] bot 171 shot 172 dmg=12
2026-08-24T14:18:17 80.607 INF [WasmHost] bot 174 shot 171 dmg=12
2026-08-24T14:18:17 80.857 INF [WasmHost] bot 172 shot 171 dmg=12
2026-08-24T14:18:17 80.907 INF [WasmHost] bot 174 shot 171 dmg=12
2026-08-24T14:18:17 80.957 INF [wasm] hello mod alive at tick 26300 (world 7000)
2026-08-24T14:18:18 81.207 INF [WasmHost] bot 171 shot 172 dmg=24 head
2026-08-24T14:18:18 81.207 INF [WasmHost] bot 173 shot 171 dmg=12
2026-08-24T14:18:18 81.207 INF [WasmHost] bot 174 shot 171 dmg=12
2026-08-24T14:18:18 81.208 INF [WasmHost] bot 174 shot 171 dmg=12
2026-08-24T14:18:18 81.458 INF [WasmHost] bot 172 shot 171 dmg=12
2026-08-24T14:18:18 81.507 INF [WasmHost] bot 171 shot 172 dmg=12
2026-08-24T14:18:18 81.507 INF [WasmHost] bot 171 shot 172 dmg=24 head
2026-08-24T14:18:18 81.507 INF [WasmHost] bot 173 shot 171 dmg=24 head
2026-08-24T14:18:18 81.507 INF [WasmHost] bot 174 shot 171 dmg=12
2026-08-24T14:18:18 81.507 INF [WasmHost] bot 174 shot 171 dmg=12
2026-08-24T14:18:18 81.757 INF [WasmHost] bot 172 shot 171 dmg=12
2026-08-24T14:18:18 81.757 INF [WasmHost] bot 172 shot 171 dmg=24 head
2026-08-24T14:18:18 81.807 INF [WasmHost] bot 171 shot 172 dmg=12
2026-08-24T14:18:18 81.807 INF [WasmHost] bot 174 shot 171 dmg=12
2026-08-24T14:18:18 81.807 INF [WasmHost] bot 174 shot 171 dmg=12
2026-08-24T14:18:19 82.057 INF [WasmHost] bot 172 shot 171 dmg=12
2026-08-24T14:18:20 83.607 INF [WasmHost] bot 171 shot 172 dmg=12
2026-08-24T14:18:20 83.607 INF [WasmHost] bot 173 shot 171 dmg=12
2026-08-24T14:18:20 83.607 INF [WasmHost] bot 174 shot 171 dmg=12
2026-08-24T14:18:20 83.607 INF [WasmHost] bot 174 shot 171 dmg=12
2026-08-24T14:18:20 83.857 INF [WasmHost] bot 172 shot 171 dmg=12
2026-08-24T14:18:20 83.857 INF [WasmHost] bot 172 shot 171 dmg=12
2026-08-24T14:18:20 83.907 INF [WasmHost] bot 171 shot 172 dmg=12
2026-08-24T14:18:20 83.907 INF [WasmHost] bot 171 shot 172 dmg=12
2026-08-24T14:18:20 83.907 INF [WasmHost] bot 173 shot 171 dmg=24 head
2026-08-24T14:18:20 83.907 INF [WasmHost] bot 173 shot 171 dmg=12
2026-08-24T14:18:20 83.907 INF [WasmHost] bot 174 shot 171 dmg=12
2026-08-24T14:18:20 83.907 INF [WasmHost] bot 174 shot 171 dmg=12
2026-08-24T14:18:21 84.208 INF [WasmHost] bot 171 shot 172 dmg=12
2026-08-24T14:18:21 84.208 INF [WasmHost] bot 171 shot 172 dmg=24 head
2026-08-24T14:18:21 84.208 INF [WasmHost] bot 173 shot 171 dmg=12
2026-08-24T14:18:21 84.208 INF [WasmHost] bot 173 shot 171 dmg=12
2026-08-24T14:18:21 84.458 INF [WasmHost] bot 172 shot 171 dmg=12
2026-08-24T14:18:21 84.508 INF [WasmHost] bot 171 shot 172 dmg=12
2026-08-24T14:18:21 84.508 INF [WasmHost] bot 173 shot 171 dmg=12
2026-08-24T14:18:21 84.508 INF [WasmHost] bot 174 shot 171 dmg=12
2026-08-24T14:18:21 84.759 INF [WasmHost] bot 172 shot 171 dmg=12
2026-08-24T14:18:21 84.808 INF [WasmHost] bot 173 shot 171 dmg=12
2026-08-24T14:18:21 84.808 INF [WasmHost] bot 174 shot 171 dmg=12
2026-08-24T14:18:22 85.108 INF [WasmHost] bot 171 shot 172 dmg=12
2026-08-24T14:18:22 85.108 INF [WasmHost] bot 171 shot 172 dmg=12
2026-08-24T14:18:22 85.108 INF [WasmHost] bot 173 shot 171 dmg=24 head
2026-08-24T14:18:22 85.108 INF [WasmHost] bot 174 shot 171 dmg=24 head
2026-08-24T14:18:22 85.108 INF [WasmHost] bot 174 shot 171 dmg=12
2026-08-24T14:18:22 85.358 INF [WasmHost] bot 172 shot 171 dmg=12
2026-08-24T14:18:22 85.358 INF [WasmHost] bot 172 shot 171 dmg=12
2026-08-24T14:18:22 85.408 INF [WasmHost] bot 171 shot 172 dmg=12
2026-08-24T14:18:22 85.408 INF [WasmHost] bot 173 shot 171 dmg=12
2026-08-24T14:18:22 85.408 INF [WasmHost] bot 174 shot 171 dmg=12
2026-08-24T14:18:22 85.408 INF [WasmHost] bot 174 shot 171 dmg=12
2026-08-24T14:18:22 85.659 INF [WasmHost] bot 172 shot 171 dmg=12
2026-08-24T14:18:22 85.708 INF [WasmHost] bot 171 shot 172 dmg=12
2026-08-24T14:18:22 85.959 INF [wasm] hello mod alive at tick 26400 (world 7000)
2026-08-24T14:18:24 87.158 INF [WasmHost] bot 172 shot 171 dmg=12
2026-08-24T14:18:24 87.208 INF [WasmHost] bot 171 shot 172 dmg=12
2026-08-24T14:18:24 87.208 INF [WasmHost] bot 173 shot 171 dmg=24 head
2026-08-24T14:18:24 87.208 INF [WasmHost] bot 173 shot 171 dmg=12
2026-08-24T14:18:24 87.458 INF [WasmHost] bot 172 shot 171 dmg=12
2026-08-24T14:18:24 87.458 INF [WasmHost] bot 172 shot 171 dmg=12
2026-08-24T14:18:24 87.508 INF [WasmHost] bot 171 shot 172 dmg=12
2026-08-24T14:18:24 87.508 INF [WasmHost] bot 171 shot 172 dmg=24 head
2026-08-24T14:18:24 87.508 INF [WasmHost] bot 173 shot 171 dmg=12
2026-08-24T14:18:24 87.508 INF [WasmHost] bot 173 shot 171 dmg=12
2026-08-24T14:18:24 87.508 INF [WasmHost] bot 174 shot 171 dmg=12
2026-08-24T14:18:24 87.508 INF [WasmHost] bot 174 shot 171 dmg=12
2026-08-24T14:18:24 87.758 INF [WasmHost] bot 172 shot 171 dmg=12
2026-08-24T14:18:24 87.808 INF [WasmHost] bot 171 shot 172 dmg=12
2026-08-24T14:18:24 87.808 INF [WasmHost] bot 173 shot 171 dmg=12
2026-08-24T14:18:24 87.808 INF [WasmHost] bot 173 shot 171 dmg=12
2026-08-24T14:18:24 87.808 INF [WasmHost] bot 174 shot 171 dmg=12
2026-08-24T14:18:24 87.808 INF [WasmHost] bot 174 shot 171 dmg=12
2026-08-24T14:18:25 88.058 INF [WasmHost] bot 172 shot 171 dmg=24 head
2026-08-24T14:18:25 88.058 INF [WasmHost] bot 172 shot 171 dmg=12
2026-08-24T14:18:25 88.108 INF [WasmHost] bot 171 shot 172 dmg=12
2026-08-24T14:18:25 88.108 INF [WasmHost] bot 173 shot 171 dmg=12
2026-08-24T14:18:25 88.108 INF [WasmHost] bot 173 shot 171 dmg=12
2026-08-24T14:18:25 88.358 INF [WasmHost] bot 172 shot 171 dmg=12
2026-08-24T14:18:25 88.408 INF [WasmHost] bot 171 shot 172 dmg=12
2026-08-24T14:18:25 88.408 INF [WasmHost] bot 171 shot 172 dmg=12
2026-08-24T14:18:25 88.408 INF [WasmHost] bot 173 shot 171 dmg=24 head
2026-08-24T14:18:25 88.408 INF [WasmHost] bot 174 shot 171 dmg=12
2026-08-24T14:18:25 88.408 INF [WasmHost] bot 174 shot 171 dmg=12
2026-08-24T14:18:25 88.658 INF [WasmHost] bot 172 shot 171 dmg=24 head
2026-08-24T14:18:25 88.658 INF [WasmHost] bot 172 shot 171 dmg=12
2026-08-24T14:18:25 88.708 INF [WasmHost] bot 171 shot 172 dmg=24 head
2026-08-24T14:18:25 88.708 INF [WasmHost] bot 173 shot 171 dmg=12
2026-08-24T14:18:25 88.708 INF [WasmHost] bot 173 shot 171 dmg=12
2026-08-24T14:18:25 88.709 INF [WasmHost] bot 174 shot 171 dmg=12
2026-08-24T14:18:25 88.709 INF [WasmHost] bot 174 shot 171 dmg=12
2026-08-24T14:18:25 88.958 INF [WasmHost] bot 172 shot 171 dmg=12
2026-08-24T14:18:25 88.958 INF [WasmHost] bot 172 shot 171 dmg=24 head
2026-08-24T14:18:26 89.008 INF [WasmHost] bot 171 shot 172 dmg=12
2026-08-24T14:18:26 89.008 INF [WasmHost] bot 171 shot 172 dmg=24 head
2026-08-24T14:18:26 89.008 INF [WasmHost] bot 173 shot 171 dmg=24 head
2026-08-24T14:18:26 89.008 INF [WasmHost] bot 174 shot 171 dmg=12
2026-08-24T14:18:26 89.008 INF [WasmHost] bot 174 shot 171 dmg=24 head
2026-08-24T14:18:26 89.261 INF [WasmHost] bot 172 shot 171 dmg=12
2026-08-24T14:18:26 89.308 INF [WasmHost] bot 173 shot 171 dmg=12
2026-08-24T14:18:26 89.309 INF [WasmHost] bot 174 shot 171 dmg=12
2026-08-24T14:18:27 90.760 INF [WasmHost] bot 172 shot 171 dmg=24 head
2026-08-24T14:18:27 90.808 INF [WasmHost] bot 171 shot 172 dmg=12
2026-08-24T14:18:27 90.808 INF [WasmHost] bot 171 shot 172 dmg=12
2026-08-24T14:18:27 90.808 INF [WasmHost] bot 173 shot 171 dmg=12
2026-08-24T14:18:27 90.808 INF [WasmHost] bot 173 shot 171 dmg=24 head
2026-08-24T14:18:27 90.808 INF [WasmHost] bot 174 shot 171 dmg=12
2026-08-24T14:18:27 90.958 INF [wasm] hello mod alive at tick 26500 (world 7000)
2026-08-24T14:18:28 91.058 INF [WasmHost] bot 172 shot 171 dmg=12
2026-08-24T14:18:28 91.058 INF [WasmHost] bot 172 shot 171 dmg=12
2026-08-24T14:18:28 91.108 INF [WasmHost] bot 171 shot 172 dmg=12
2026-08-24T14:18:28 91.108 INF [WasmHost] bot 171 shot 172 dmg=12
2026-08-24T14:18:28 91.108 INF [WasmHost] bot 173 shot 171 dmg=12
2026-08-24T14:18:28 91.108 INF [WasmHost] bot 174 shot 171 dmg=12
2026-08-24T14:18:28 91.408 INF [WasmHost] bot 171 shot 172 dmg=24 head
2026-08-24T14:18:28 91.408 INF [WasmHost] bot 171 shot 172 dmg=12
2026-08-24T14:18:28 91.408 INF [WasmHost] bot 173 shot 171 dmg=12
2026-08-24T14:18:28 91.408 INF [WasmHost] bot 174 shot 171 dmg=12
2026-08-24T14:18:28 91.408 INF [WasmHost] bot 174 shot 171 dmg=12
2026-08-24T14:18:28 91.708 INF [WasmHost] bot 171 shot 172 dmg=24 head
2026-08-24T14:18:28 91.708 INF [WasmHost] bot 171 shot 172 dmg=24 head
2026-08-24T14:18:28 91.708 INF [WasmHost] bot 173 shot 171 dmg=12
2026-08-24T14:18:28 91.708 INF [WasmHost] bot 173 shot 171 dmg=12
2026-08-24T14:18:28 91.708 INF [WasmHost] bot 174 shot 171 dmg=12
2026-08-24T14:18:28 91.959 INF [WasmHost] bot 172 shot 171 dmg=12
2026-08-24T14:18:28 91.959 INF [WasmHost] bot 172 shot 171 dmg=12
2026-08-24T14:18:29 92.011 INF [WasmHost] bot 171 shot 172 dmg=12
2026-08-24T14:18:29 92.011 INF [WasmHost] bot 171 shot 172 dmg=12
2026-08-24T14:18:29 92.011 INF [WasmHost] bot 173 shot 171 dmg=12
2026-08-24T14:18:29 92.011 INF [WasmHost] bot 174 shot 171 dmg=12
2026-08-24T14:18:29 92.259 INF [WasmHost] bot 172 shot 171 dmg=12
2026-08-24T14:18:29 92.309 INF [WasmHost] bot 171 shot 172 dmg=12
2026-08-24T14:18:29 92.309 INF [WasmHost] bot 171 shot 172 dmg=12
2026-08-24T14:18:29 92.309 INF [WasmHost] bot 173 shot 171 dmg=24 head
2026-08-24T14:18:29 92.309 INF [WasmHost] bot 174 shot 171 dmg=12
2026-08-24T14:18:29 92.309 INF [WasmHost] bot 174 shot 171 dmg=24 head
2026-08-24T14:18:29 92.559 INF [WasmHost] bot 172 shot 171 dmg=12
2026-08-24T14:18:29 92.559 INF [WasmHost] bot 172 shot 171 dmg=12
2026-08-24T14:18:29 92.609 INF [WasmHost] bot 171 shot 172 dmg=12
2026-08-24T14:18:29 92.609 INF [WasmHost] bot 173 shot 171 dmg=24 head
2026-08-24T14:18:29 92.609 INF [WasmHost] bot 174 shot 171 dmg=12
2026-08-24T14:18:29 92.609 INF [WasmHost] bot 174 shot 171 dmg=12
2026-08-24T14:18:29 92.859 INF [WasmHost] bot 172 shot 171 dmg=12
2026-08-24T14:18:29 92.909 INF [WasmHost] bot 173 shot 171 dmg=12
2026-08-24T14:18:29 92.909 INF [WasmHost] bot 174 shot 171 dmg=12
2026-08-24T14:18:31 94.359 INF [WasmHost] bot 172 shot 171 dmg=12
2026-08-24T14:18:31 94.409 INF [WasmHost] bot 171 shot 172 dmg=12
2026-08-24T14:18:31 94.409 INF [WasmHost] bot 171 shot 172 dmg=12
2026-08-24T14:18:31 94.409 INF [WasmHost] bot 173 shot 171 dmg=12
2026-08-24T14:18:31 94.409 INF [WasmHost] bot 174 shot 171 dmg=24 head
2026-08-24T14:18:31 94.659 INF [WasmHost] bot 172 shot 171 dmg=24 head
2026-08-24T14:18:31 94.709 INF [WasmHost] bot 171 shot 172 dmg=12
2026-08-24T14:18:31 94.709 INF [WasmHost] bot 173 shot 171 dmg=12
2026-08-24T14:18:31 94.709 INF [WasmHost] bot 173 shot 171 dmg=12
2026-08-24T14:18:31 94.709 INF [WasmHost] bot 174 shot 171 dmg=12
2026-08-24T14:18:31 94.709 INF [WasmHost] bot 174 shot 171 dmg=12
2026-08-24T14:18:32 95.009 INF [WasmHost] bot 171 shot 172 dmg=12
2026-08-24T14:18:32 95.009 INF [WasmHost] bot 173 shot 171 dmg=12
2026-08-24T14:18:32 95.009 INF [WasmHost] bot 173 shot 171 dmg=12
2026-08-24T14:18:32 95.009 INF [WasmHost] bot 174 shot 171 dmg=12
2026-08-24T14:18:32 95.309 INF [WasmHost] bot 173 shot 171 dmg=12
2026-08-24T14:18:32 95.309 INF [WasmHost] bot 173 shot 171 dmg=24 head
2026-08-24T14:18:32 95.309 INF [WasmHost] bot 174 shot 171 dmg=12
2026-08-24T14:18:32 95.559 INF [WasmHost] bot 172 shot 171 dmg=12
2026-08-24T14:18:32 95.609 INF [WasmHost] bot 171 shot 172 dmg=12
2026-08-24T14:18:32 95.609 INF [WasmHost] bot 174 shot 171 dmg=12
2026-08-24T14:18:32 95.609 INF [WasmHost] bot 174 shot 171 dmg=12
2026-08-24T14:18:32 95.859 INF [WasmHost] bot 172 shot 171 dmg=12
2026-08-24T14:18:32 95.909 INF [WasmHost] bot 171 shot 172 dmg=12
2026-08-24T14:18:32 95.909 INF [WasmHost] bot 173 shot 171 dmg=12
2026-08-24T14:18:32 95.909 INF [WasmHost] bot 173 shot 171 dmg=12
2026-08-24T14:18:32 95.910 INF [WasmHost] bot 174 shot 171 dmg=12
2026-08-24T14:18:32 95.959 INF [wasm] hello mod alive at tick 26600 (world 7000)
2026-08-24T14:18:33 96.159 INF [WasmHost] bot 172 shot 171 dmg=12
2026-08-24T14:18:33 96.210 INF [WasmHost] bot 171 shot 172 dmg=12
2026-08-24T14:18:33 96.210 INF [WasmHost] bot 173 shot 171 dmg=12
2026-08-24T14:18:33 96.210 INF [WasmHost] bot 173 shot 171 dmg=12
2026-08-24T14:18:33 96.210 INF [WasmHost] bot 174 shot 171 dmg=12
2026-08-24T14:18:33 96.510 INF [WasmHost] bot 171 shot 172 dmg=12
2026-08-24T14:18:33 96.510 INF [WasmHost] bot 173 shot 171 dmg=12
2026-08-24T14:18:34 97.960 INF [WasmHost] bot 172 shot 171 dmg=12
2026-08-24T14:18:35 98.010 INF [WasmHost] bot 171 shot 172 dmg=24 head
2026-08-24T14:18:35 98.010 INF [WasmHost] bot 171 shot 172 dmg=12
2026-08-24T14:18:35 98.010 INF [WasmHost] bot 173 shot 171 dmg=12
2026-08-24T14:18:35 98.010 INF [WasmHost] bot 173 shot 171 dmg=12
2026-08-24T14:18:35 98.010 INF [WasmHost] bot 174 shot 171 dmg=12
2026-08-24T14:18:35 98.260 INF [WasmHost] bot 172 shot 171 dmg=12
2026-08-24T14:18:35 98.311 INF [WasmHost] bot 171 shot 172 dmg=24 head
2026-08-24T14:18:35 98.311 INF [WasmHost] bot 173 shot 171 dmg=24 head
2026-08-24T14:18:35 98.560 INF [WasmHost] bot 172 shot 171 dmg=12
2026-08-24T14:18:35 98.560 INF [WasmHost] bot 172 shot 171 dmg=12
2026-08-24T14:18:35 98.610 INF [WasmHost] bot 171 shot 172 dmg=12
2026-08-24T14:18:35 98.611 INF [WasmHost] bot 173 shot 171 dmg=24 head
2026-08-24T14:18:35 98.611 INF [WasmHost] bot 174 shot 171 dmg=12
2026-08-24T14:18:35 98.861 INF [WasmHost] bot 172 shot 171 dmg=12
2026-08-24T14:18:35 98.910 INF [WasmHost] bot 171 shot 172 dmg=12
2026-08-24T14:18:35 98.910 INF [WasmHost] bot 171 shot 172 dmg=12
2026-08-24T14:18:35 98.910 INF [WasmHost] bot 173 shot 171 dmg=12
2026-08-24T14:18:35 98.910 INF [WasmHost] bot 174 shot 171 dmg=12
2026-08-24T14:18:36 99.161 INF [WasmHost] bot 172 shot 171 dmg=24 head
2026-08-24T14:18:36 99.511 INF [WasmHost] bot 171 shot 172 dmg=12
2026-08-24T14:18:36 99.511 INF [WasmHost] bot 174 shot 171 dmg=12
2026-08-24T14:18:36 99.761 INF [WasmHost] bot 172 shot 171 dmg=12
2026-08-24T14:18:36 99.811 INF [WasmHost] bot 171 shot 172 dmg=12
2026-08-24T14:18:36 99.811 INF [WasmHost] bot 173 shot 171 dmg=12
2026-08-24T14:18:36 99.811 INF [WasmHost] bot 173 shot 171 dmg=12
2026-08-24T14:18:36 99.811 INF [WasmHost] bot 174 shot 171 dmg=12
2026-08-24T14:18:37 100.110 INF [WasmHost] bot 171 shot 172 dmg=12
2026-08-24T14:18:37 100.110 INF [WasmHost] bot 173 shot 171 dmg=12
2026-08-24T14:18:37 100.110 INF [WasmHost] bot 174 shot 171 dmg=12
2026-08-24T14:18:37 100.960 INF [wasm] hello mod alive at tick 26700 (world 7000)
2026-08-24T14:18:38 101.560 INF [WasmHost] bot 172 shot 171 dmg=12
2026-08-24T14:18:38 101.560 INF [WasmHost] bot 172 shot 171 dmg=12
2026-08-24T14:18:38 101.610 INF [WasmHost] bot 171 shot 172 dmg=12
2026-08-24T14:18:38 101.610 INF [WasmHost] bot 173 shot 171 dmg=12
2026-08-24T14:18:38 101.610 INF [WasmHost] bot 174 shot 171 dmg=12
2026-08-24T14:18:38 101.610 INF [WasmHost] bot 174 shot 171 dmg=12
2026-08-24T14:18:38 101.860 INF [WasmHost] bot 172 shot 171 dmg=12
2026-08-24T14:18:38 101.910 INF [WasmHost] bot 171 shot 172 dmg=12
2026-08-24T14:18:38 101.910 INF [WasmHost] bot 171 shot 172 dmg=12
2026-08-24T14:18:38 101.910 INF [WasmHost] bot 173 shot 171 dmg=12
2026-08-24T14:18:38 101.910 INF [WasmHost] bot 173 shot 171 dmg=12
2026-08-24T14:18:38 101.910 INF [WasmHost] bot 174 shot 171 dmg=12
2026-08-24T14:18:39 102.160 INF [WasmHost] bot 172 shot 171 dmg=12
2026-08-24T14:18:39 102.210 INF [WasmHost] bot 171 shot 172 dmg=12
2026-08-24T14:18:39 102.210 INF [WasmHost] bot 171 shot 172 dmg=12
2026-08-24T14:18:39 102.210 INF [WasmHost] bot 174 shot 171 dmg=12
2026-08-24T14:18:39 102.210 INF [WasmHost] bot 174 shot 171 dmg=12
2026-08-24T14:18:39 102.460 INF [WasmHost] bot 172 shot 171 dmg=12
2026-08-24T14:18:39 102.510 INF [WasmHost] bot 173 shot 171 dmg=12
2026-08-24T14:18:39 102.510 INF [WasmHost] bot 173 shot 171 dmg=12
2026-08-24T14:18:39 102.510 INF [WasmHost] bot 174 shot 171 dmg=24 head
2026-08-24T14:18:39 102.760 INF [WasmHost] bot 172 shot 171 dmg=12
2026-08-24T14:18:39 102.810 INF [WasmHost] bot 171 shot 172 dmg=24 head
2026-08-24T14:18:39 102.810 INF [WasmHost] bot 174 shot 171 dmg=12
2026-08-24T14:18:39 102.810 INF [WasmHost] bot 174 shot 171 dmg=12
2026-08-24T14:18:40 103.060 INF [WasmHost] bot 172 shot 171 dmg=12
2026-08-24T14:18:40 103.060 INF [WasmHost] bot 172 shot 171 dmg=12
2026-08-24T14:18:40 103.111 INF [WasmHost] bot 171 shot 172 dmg=12
2026-08-24T14:18:40 103.111 INF [WasmHost] bot 171 shot 172 dmg=12
2026-08-24T14:18:40 103.111 INF [WasmHost] bot 173 shot 171 dmg=12
2026-08-24T14:18:40 103.111 INF [WasmHost] bot 173 shot 171 dmg=12
2026-08-24T14:18:40 103.111 INF [WasmHost] bot 174 shot 171 dmg=12
2026-08-24T14:18:40 103.411 INF [WasmHost] bot 171 shot 172 dmg=12
2026-08-24T14:18:40 103.411 INF [WasmHost] bot 173 shot 171 dmg=12
2026-08-24T14:18:40 103.411 INF [WasmHost] bot 174 shot 171 dmg=12
2026-08-24T14:18:40 103.661 INF [WasmHost] bot 172 shot 171 dmg=12
2026-08-24T14:18:40 103.711 INF [WasmHost] bot 171 shot 172 dmg=12
2026-08-24T14:18:40 103.711 INF [WasmHost] bot 173 shot 171 dmg=12
2026-08-24T14:18:42 105.160 INF [WasmHost] bot 172 shot 171 dmg=12
2026-08-24T14:18:42 105.210 INF [WasmHost] bot 171 shot 172 dmg=12
2026-08-24T14:18:42 105.210 INF [WasmHost] bot 171 shot 172 dmg=12
2026-08-24T14:18:42 105.210 INF [WasmHost] bot 174 shot 171 dmg=12
2026-08-24T14:18:42 105.210 INF [WasmHost] bot 174 shot 171 dmg=12
2026-08-24T14:18:42 105.460 INF [WasmHost] bot 172 shot 171 dmg=12
2026-08-24T14:18:42 105.510 INF [WasmHost] bot 171 shot 172 dmg=12
2026-08-24T14:18:42 105.761 INF [WasmHost] bot 172 shot 171 dmg=12
2026-08-24T14:18:42 105.810 INF [WasmHost] bot 171 shot 172 dmg=12
2026-08-24T14:18:42 105.810 INF [WasmHost] bot 174 shot 171 dmg=12
2026-08-24T14:18:42 105.960 INF [wasm] hello mod alive at tick 26800 (world 7000)
2026-08-24T14:18:43 106.060 INF [WasmHost] bot 172 shot 171 dmg=24 head
2026-08-24T14:18:43 106.110 INF [WasmHost] bot 171 shot 172 dmg=12
2026-08-24T14:18:43 106.110 INF [WasmHost] bot 171 shot 172 dmg=12
2026-08-24T14:18:43 106.110 INF [WasmHost] bot 173 shot 171 dmg=12
2026-08-24T14:18:43 106.110 INF [WasmHost] bot 173 shot 171 dmg=12
2026-08-24T14:18:43 106.110 INF [WasmHost] bot 174 shot 171 dmg=12
2026-08-24T14:18:43 106.361 INF [WasmHost] bot 172 shot 171 dmg=24 head
2026-08-24T14:18:43 106.412 INF [WasmHost] bot 171 shot 172 dmg=12
2026-08-24T14:18:43 106.412 INF [WasmHost] bot 171 shot 172 dmg=24 head
2026-08-24T14:18:43 106.412 INF [WasmHost] bot 173 shot 171 dmg=12
2026-08-24T14:18:43 106.412 INF [WasmHost] bot 174 shot 171 dmg=12
2026-08-24T14:18:43 106.661 INF [WasmHost] bot 172 shot 171 dmg=12
2026-08-24T14:18:43 106.661 INF [WasmHost] bot 172 shot 171 dmg=12
2026-08-24T14:18:43 106.711 INF [WasmHost] bot 171 shot 172 dmg=12
2026-08-24T14:18:43 106.711 INF [WasmHost] bot 171 shot 172 dmg=12
2026-08-24T14:18:43 106.711 INF [WasmHost] bot 173 shot 171 dmg=12
2026-08-24T14:18:43 106.711 INF [WasmHost] bot 173 shot 171 dmg=12
2026-08-24T14:18:43 106.711 INF [WasmHost] bot 174 shot 171 dmg=12
2026-08-24T14:18:43 106.711 INF [WasmHost] bot 174 shot 171 dmg=12
2026-08-24T14:18:43 106.961 INF [WasmHost] bot 172 shot 171 dmg=12
2026-08-24T14:18:44 107.011 INF [WasmHost] bot 171 shot 172 dmg=12
2026-08-24T14:18:44 107.011 INF [WasmHost] bot 173 shot 171 dmg=12
2026-08-24T14:18:44 107.011 INF [WasmHost] bot 173 shot 171 dmg=12
2026-08-24T14:18:44 107.011 INF [WasmHost] bot 174 shot 171 dmg=12
2026-08-24T14:18:44 107.262 INF [WasmHost] bot 172 shot 171 dmg=12
2026-08-24T14:18:44 107.311 INF [WasmHost] bot 173 shot 171 dmg=12
2026-08-24T14:18:44 107.311 INF [WasmHost] bot 174 shot 171 dmg=12
2026-08-24T14:18:45 108.762 INF [WasmHost] bot 172 shot 171 dmg=12
2026-08-24T14:18:45 108.812 INF [WasmHost] bot 171 shot 172 dmg=12
2026-08-24T14:18:45 108.812 INF [WasmHost] bot 173 shot 171 dmg=24 head
2026-08-24T14:18:45 108.812 INF [WasmHost] bot 173 shot 171 dmg=12
2026-08-24T14:18:45 108.812 INF [WasmHost] bot 174 shot 171 dmg=24 head
2026-08-24T14:18:45 108.812 INF [WasmHost] bot 174 shot 171 dmg=12
2026-08-24T14:18:46 109.062 INF [WasmHost] bot 172 shot 171 dmg=12
2026-08-24T14:18:46 109.062 INF [WasmHost] bot 172 shot 171 dmg=12
2026-08-24T14:18:46 109.112 INF [WasmHost] bot 171 shot 172 dmg=12
2026-08-24T14:18:46 109.112 INF [WasmHost] bot 173 shot 171 dmg=12
2026-08-24T14:18:46 109.112 INF [WasmHost] bot 173 shot 171 dmg=12
2026-08-24T14:18:46 109.112 INF [WasmHost] bot 174 shot 171 dmg=12
2026-08-24T14:18:46 109.363 INF [WasmHost] bot 172 shot 171 dmg=24 head
2026-08-24T14:18:46 109.413 INF [WasmHost] bot 171 shot 172 dmg=12
2026-08-24T14:18:46 109.413 INF [WasmHost] bot 173 shot 171 dmg=24 head
2026-08-24T14:18:46 109.413 INF [WasmHost] bot 173 shot 171 dmg=12
2026-08-24T14:18:46 109.413 INF [WasmHost] bot 174 shot 171 dmg=12
2026-08-24T14:18:46 109.663 INF [WasmHost] bot 172 shot 171 dmg=24 head
2026-08-24T14:18:46 109.663 INF [WasmHost] bot 172 shot 171 dmg=12
2026-08-24T14:18:46 109.713 INF [WasmHost] bot 174 shot 171 dmg=12
2026-08-24T14:18:46 109.713 INF [WasmHost] bot 174 shot 171 dmg=12
2026-08-24T14:18:46 109.963 INF [WasmHost] bot 172 shot 171 dmg=12
2026-08-24T14:18:46 109.965 INF [WasmHost] bot 172 shot 171 dmg=12
2026-08-24T14:18:47 110.013 INF [WasmHost] bot 171 shot 172 dmg=12
2026-08-24T14:18:47 110.013 INF [WasmHost] bot 173 shot 171 dmg=12
2026-08-24T14:18:47 110.013 INF [WasmHost] bot 173 shot 171 dmg=12
2026-08-24T14:18:47 110.013 INF [WasmHost] bot 174 shot 171 dmg=12
2026-08-24T14:18:47 110.264 INF [WasmHost] bot 172 shot 171 dmg=12
2026-08-24T14:18:47 110.313 INF [WasmHost] bot 171 shot 172 dmg=12
2026-08-24T14:18:47 110.313 INF [WasmHost] bot 171 shot 172 dmg=24 head
2026-08-24T14:18:47 110.313 INF [WasmHost] bot 173 shot 171 dmg=12
2026-08-24T14:18:47 110.313 INF [WasmHost] bot 173 shot 171 dmg=12
2026-08-24T14:18:47 110.313 INF [WasmHost] bot 174 shot 171 dmg=12
2026-08-24T14:18:47 110.563 INF [WasmHost] bot 172 shot 171 dmg=12
2026-08-24T14:18:47 110.563 INF [WasmHost] bot 172 shot 171 dmg=12
2026-08-24T14:18:47 110.615 INF [WasmHost] bot 171 shot 172 dmg=12
2026-08-24T14:18:47 110.615 INF [WasmHost] bot 173 shot 171 dmg=12
2026-08-24T14:18:47 110.615 INF [WasmHost] bot 174 shot 171 dmg=12
2026-08-24T14:18:47 110.615 INF [WasmHost] bot 174 shot 171 dmg=12
2026-08-24T14:18:47 110.863 INF [WasmHost] bot 172 shot 171 dmg=12
2026-08-24T14:18:47 110.913 INF [WasmHost] bot 171 shot 172 dmg=12
2026-08-24T14:18:47 110.913 INF [WasmHost] bot 173 shot 171 dmg=12
2026-08-24T14:18:47 110.963 INF [wasm] hello mod alive at tick 26900 (world 7000)
2026-08-24T14:18:49 112.363 INF [WasmHost] bot 172 shot 171 dmg=12
2026-08-24T14:18:49 112.363 INF [WasmHost] bot 172 shot 171 dmg=12
2026-08-24T14:18:49 112.414 INF [WasmHost] bot 171 shot 172 dmg=12
2026-08-24T14:18:49 112.414 INF [WasmHost] bot 171 shot 172 dmg=12
2026-08-24T14:18:49 112.414 INF [WasmHost] bot 173 shot 171 dmg=24 head
2026-08-24T14:18:49 112.414 INF [WasmHost] bot 174 shot 171 dmg=24 head
2026-08-24T14:18:49 112.664 INF [WasmHost] bot 172 shot 171 dmg=12
2026-08-24T14:18:49 112.664 INF [WasmHost] bot 172 shot 171 dmg=24 head
2026-08-24T14:18:49 112.714 INF [WasmHost] bot 171 shot 172 dmg=12
2026-08-24T14:18:49 112.964 INF [WasmHost] bot 172 shot 171 dmg=12
2026-08-24T14:18:49 112.964 INF [WasmHost] bot 172 shot 171 dmg=24 head
2026-08-24T14:18:50 113.013 INF [WasmHost] bot 171 shot 172 dmg=12
2026-08-24T14:18:50 113.013 INF [WasmHost] bot 173 shot 171 dmg=24 head
2026-08-24T14:18:50 113.013 INF [WasmHost] bot 174 shot 171 dmg=12
2026-08-24T14:18:50 113.013 INF [WasmHost] bot 174 shot 171 dmg=24 head
2026-08-24T14:18:50 113.263 INF [WasmHost] bot 172 shot 171 dmg=12
2026-08-24T14:18:50 113.263 INF [WasmHost] bot 172 shot 171 dmg=12
2026-08-24T14:18:50 113.313 INF [WasmHost] bot 173 shot 171 dmg=12
2026-08-24T14:18:50 113.313 INF [WasmHost] bot 174 shot 171 dmg=12
2026-08-24T14:18:50 113.563 INF [WasmHost] bot 172 shot 171 dmg=12
2026-08-24T14:18:50 113.613 INF [WasmHost] bot 171 shot 172 dmg=12
2026-08-24T14:18:50 113.613 INF [WasmHost] bot 171 shot 172 dmg=12
2026-08-24T14:18:50 113.613 INF [WasmHost] bot 173 shot 171 dmg=12
2026-08-24T14:18:50 113.613 INF [WasmHost] bot 173 shot 171 dmg=12
2026-08-24T14:18:50 113.613 INF [WasmHost] bot 174 shot 171 dmg=12
2026-08-24T14:18:50 113.613 INF [WasmHost] bot 174 shot 171 dmg=12
2026-08-24T14:18:50 113.863 INF [WasmHost] bot 172 shot 171 dmg=12
2026-08-24T14:18:50 113.863 INF [WasmHost] bot 172 shot 171 dmg=12
2026-08-24T14:18:50 113.913 INF [WasmHost] bot 171 shot 172 dmg=12
2026-08-24T14:18:50 113.913 INF [WasmHost] bot 171 shot 172 dmg=12
2026-08-24T14:18:50 113.913 INF [WasmHost] bot 173 shot 171 dmg=12
2026-08-24T14:18:50 113.913 INF [WasmHost] bot 173 shot 171 dmg=24 head
2026-08-24T14:18:50 113.913 INF [WasmHost] bot 174 shot 171 dmg=12
2026-08-24T14:18:50 113.913 INF [WasmHost] bot 174 shot 171 dmg=12
2026-08-24T14:18:51 114.163 INF [WasmHost] bot 172 shot 171 dmg=12
2026-08-24T14:18:51 114.163 INF [WasmHost] bot 172 shot 171 dmg=12
2026-08-24T14:18:51 114.213 INF [WasmHost] bot 171 shot 172 dmg=12
2026-08-24T14:18:51 114.213 INF [WasmHost] bot 173 shot 171 dmg=12
2026-08-24T14:18:51 114.213 INF [WasmHost] bot 174 shot 171 dmg=12
2026-08-24T14:18:51 114.515 INF [WasmHost] bot 171 shot 172 dmg=12
2026-08-24T14:18:51 114.515 INF [WasmHost] bot 173 shot 171 dmg=24 head
2026-08-24T14:18:52 115.965 INF [wasm] hello mod alive at tick 27000 (world 7000)
2026-08-24T14:18:52 115.965 INF Chat (from '-non-player-', entity id '-1', to 'Global'): hello survivor from a wasm mod at tick 27000
2026-08-24T14:18:53 116.014 INF [WasmHost] bot 171 shot 172 dmg=12
2026-08-24T14:18:53 116.014 INF [WasmHost] bot 171 shot 172 dmg=12
2026-08-24T14:18:53 116.014 INF [WasmHost] bot 173 shot 171 dmg=12
2026-08-24T14:18:53 116.014 INF [WasmHost] bot 173 shot 171 dmg=12
2026-08-24T14:18:53 116.014 INF [WasmHost] bot 174 shot 171 dmg=12
2026-08-24T14:18:53 116.266 INF [WasmHost] bot 172 shot 171 dmg=12
2026-08-24T14:18:53 116.266 INF [WasmHost] bot 172 shot 171 dmg=12
2026-08-24T14:18:53 116.316 INF [WasmHost] bot 171 shot 172 dmg=24 head
2026-08-24T14:18:53 116.316 INF [WasmHost] bot 174 shot 171 dmg=12
2026-08-24T14:18:53 116.616 INF [WasmHost] bot 171 shot 172 dmg=12
2026-08-24T14:18:53 116.616 INF [WasmHost] bot 171 shot 172 dmg=12
2026-08-24T14:18:53 116.616 INF [WasmHost] bot 173 shot 171 dmg=12
2026-08-24T14:18:53 116.616 INF [WasmHost] bot 174 shot 171 dmg=12
2026-08-24T14:18:53 116.866 INF [WasmHost] bot 172 shot 171 dmg=24 head
2026-08-24T14:18:53 116.918 INF [WasmHost] bot 171 shot 172 dmg=12
2026-08-24T14:18:53 116.918 INF [WasmHost] bot 171 shot 172 dmg=12
2026-08-24T14:18:53 116.918 INF [WasmHost] bot 173 shot 171 dmg=12
2026-08-24T14:18:53 116.918 INF [WasmHost] bot 174 shot 171 dmg=12
2026-08-24T14:18:53 116.918 INF [WasmHost] bot 174 shot 171 dmg=12
2026-08-24T14:18:54 117.167 INF [WasmHost] bot 172 shot 171 dmg=12
2026-08-24T14:18:54 117.167 INF [WasmHost] bot 172 shot 171 dmg=12
2026-08-24T14:18:54 117.217 INF [WasmHost] bot 171 shot 172 dmg=12
2026-08-24T14:18:54 117.217 INF [WasmHost] bot 171 shot 172 dmg=24 head
2026-08-24T14:18:54 117.217 INF [WasmHost] bot 173 shot 171 dmg=12
2026-08-24T14:18:54 117.217 INF [WasmHost] bot 174 shot 171 dmg=12
2026-08-24T14:18:54 117.218 INF [WasmHost] bot 174 shot 171 dmg=24 head
2026-08-24T14:18:54 117.467 INF [WasmHost] bot 172 shot 171 dmg=12
2026-08-24T14:18:54 117.467 INF [WasmHost] bot 172 shot 171 dmg=24 head
2026-08-24T14:18:54 117.518 INF [WasmHost] bot 171 shot 172 dmg=24 head
2026-08-24T14:18:54 117.518 INF [WasmHost] bot 171 shot 172 dmg=12
2026-08-24T14:18:54 117.518 INF [WasmHost] bot 173 shot 171 dmg=12
2026-08-24T14:18:54 117.518 INF [WasmHost] bot 173 shot 171 dmg=12
2026-08-24T14:18:54 117.518 INF [WasmHost] bot 174 shot 171 dmg=12
2026-08-24T14:18:54 117.767 INF [WasmHost] bot 172 shot 171 dmg=12
2026-08-24T14:18:54 117.817 INF [WasmHost] bot 171 shot 172 dmg=12
2026-08-24T14:18:54 117.817 INF [WasmHost] bot 173 shot 171 dmg=12
2026-08-24T14:18:54 117.817 INF [WasmHost] bot 173 shot 171 dmg=12
2026-08-24T14:18:54 117.817 INF [WasmHost] bot 174 shot 171 dmg=12
2026-08-24T14:18:54 117.817 INF [WasmHost] bot 174 shot 171 dmg=12
2026-08-24T14:18:55 118.067 INF [WasmHost] bot 172 shot 171 dmg=24 head
2026-08-24T14:18:55 118.117 INF [WasmHost] bot 171 shot 172 dmg=12
2026-08-24T14:18:56 119.567 INF [WasmHost] bot 172 shot 171 dmg=12
2026-08-24T14:18:56 119.617 INF [WasmHost] bot 171 shot 172 dmg=12
2026-08-24T14:18:56 119.617 INF [WasmHost] bot 173 shot 171 dmg=12
2026-08-24T14:18:56 119.617 INF [WasmHost] bot 173 shot 171 dmg=12
2026-08-24T14:18:56 119.617 INF [WasmHost] bot 174 shot 171 dmg=12
2026-08-24T14:18:56 119.867 INF [WasmHost] bot 172 shot 171 dmg=12
2026-08-24T14:18:56 119.917 INF [WasmHost] bot 171 shot 172 dmg=12
2026-08-24T14:18:56 119.917 INF [WasmHost] bot 173 shot 171 dmg=12
2026-08-24T14:18:56 119.917 INF [WasmHost] bot 174 shot 171 dmg=12
2026-08-24T14:18:57 120.167 INF [WasmHost] bot 172 shot 171 dmg=12
2026-08-24T14:18:57 120.217 INF [WasmHost] bot 171 shot 172 dmg=12
2026-08-24T14:18:57 120.217 INF [WasmHost] bot 173 shot 171 dmg=24 head
2026-08-24T14:18:57 120.217 INF [WasmHost] bot 173 shot 171 dmg=12
2026-08-24T14:18:57 120.217 INF [WasmHost] bot 174 shot 171 dmg=12
2026-08-24T14:18:57 120.218 INF [WasmHost] bot 174 shot 171 dmg=12
2026-08-24T14:18:57 120.467 INF [WasmHost] bot 172 shot 171 dmg=12
2026-08-24T14:18:57 120.467 INF [WasmHost] bot 172 shot 171 dmg=12
2026-08-24T14:18:57 120.517 INF [WasmHost] bot 171 shot 172 dmg=24 head
2026-08-24T14:18:57 120.517 INF [WasmHost] bot 171 shot 172 dmg=24 head
2026-08-24T14:18:57 120.517 INF [WasmHost] bot 173 shot 171 dmg=12
2026-08-24T14:18:57 120.517 INF [WasmHost] bot 173 shot 171 dmg=12
2026-08-24T14:18:57 120.517 INF [WasmHost] bot 174 shot 171 dmg=12
2026-08-24T14:18:57 120.518 INF [WasmHost] bot 174 shot 171 dmg=12
2026-08-24T14:18:57 120.817 INF [WasmHost] bot 171 shot 172 dmg=12
2026-08-24T14:18:57 120.817 INF [WasmHost] bot 171 shot 172 dmg=12
2026-08-24T14:18:57 120.817 INF [WasmHost] bot 173 shot 171 dmg=12
2026-08-24T14:18:57 120.818 INF [WasmHost] bot 174 shot 171 dmg=12
2026-08-24T14:18:57 120.818 INF [WasmHost] bot 174 shot 171 dmg=12
2026-08-24T14:18:57 120.969 INF [wasm] hello mod alive at tick 27100 (world 7000)
2026-08-24T14:18:58 121.118 INF [WasmHost] bot 171 shot 172 dmg=12
2026-08-24T14:18:58 121.119 INF [WasmHost] bot 171 shot 172 dmg=12
2026-08-24T14:18:58 121.119 INF [WasmHost] bot 173 shot 171 dmg=24 head
2026-08-24T14:18:58 121.119 INF [WasmHost] bot 173 shot 171 dmg=12
2026-08-24T14:18:58 121.119 INF [WasmHost] bot 174 shot 171 dmg=12
2026-08-24T14:18:58 121.369 INF [WasmHost] bot 172 shot 171 dmg=12
2026-08-24T14:18:58 121.369 INF [WasmHost] bot 172 shot 171 dmg=24 head
2026-08-24T14:18:58 121.419 INF [WasmHost] bot 171 shot 172 dmg=12
2026-08-24T14:18:58 121.419 INF [WasmHost] bot 173 shot 171 dmg=12
2026-08-24T14:18:58 121.419 INF [WasmHost] bot 174 shot 171 dmg=12
2026-08-24T14:18:58 121.419 INF [WasmHost] bot 174 shot 171 dmg=12
2026-08-24T14:18:58 121.668 INF [WasmHost] bot 172 shot 171 dmg=12
2026-08-24T14:19:00 123.169 INF [WasmHost] bot 172 shot 171 dmg=24 head
2026-08-24T14:19:00 123.219 INF [WasmHost] bot 171 shot 172 dmg=24 head
2026-08-24T14:19:00 123.219 INF [WasmHost] bot 171 shot 172 dmg=12
2026-08-24T14:19:00 123.219 INF [WasmHost] bot 173 shot 171 dmg=12
2026-08-24T14:19:00 123.219 INF [WasmHost] bot 174 shot 171 dmg=12
2026-08-24T14:19:00 123.469 INF [WasmHost] bot 172 shot 171 dmg=12
2026-08-24T14:19:00 123.469 INF [WasmHost] bot 172 shot 171 dmg=12
2026-08-24T14:19:00 123.519 INF [WasmHost] bot 171 shot 172 dmg=24 head
2026-08-24T14:19:00 123.519 INF [WasmHost] bot 171 shot 172 dmg=12
2026-08-24T14:19:00 123.519 INF [WasmHost] bot 173 shot 171 dmg=12
2026-08-24T14:19:00 123.519 INF [WasmHost] bot 174 shot 171 dmg=12
2026-08-24T14:19:00 123.768 INF [WasmHost] bot 172 shot 171 dmg=12
2026-08-24T14:19:00 123.819 INF [WasmHost] bot 171 shot 172 dmg=12
2026-08-24T14:19:00 123.819 INF [WasmHost] bot 173 shot 171 dmg=12
2026-08-24T14:19:00 123.819 INF [WasmHost] bot 173 shot 171 dmg=12
2026-08-24T14:19:01 124.068 INF [WasmHost] bot 172 shot 171 dmg=12
2026-08-24T14:19:01 124.068 INF [WasmHost] bot 172 shot 171 dmg=12
2026-08-24T14:19:01 124.119 INF [WasmHost] bot 171 shot 172 dmg=12
2026-08-24T14:19:01 124.119 INF [WasmHost] bot 171 shot 172 dmg=12
2026-08-24T14:19:01 124.119 INF [WasmHost] bot 173 shot 171 dmg=12
2026-08-24T14:19:01 124.119 INF [WasmHost] bot 173 shot 171 dmg=12
2026-08-24T14:19:01 124.369 INF [WasmHost] bot 172 shot 171 dmg=12
2026-08-24T14:19:01 124.419 INF [WasmHost] bot 171 shot 172 dmg=12
2026-08-24T14:19:01 124.419 INF [WasmHost] bot 171 shot 172 dmg=12
2026-08-24T14:19:01 124.419 INF [WasmHost] bot 173 shot 171 dmg=12
2026-08-24T14:19:01 124.419 INF [WasmHost] bot 173 shot 171 dmg=24 head
2026-08-24T14:19:01 124.419 INF [WasmHost] bot 174 shot 171 dmg=12
2026-08-24T14:19:01 124.669 INF [WasmHost] bot 172 shot 171 dmg=12
2026-08-24T14:19:01 124.669 INF [WasmHost] bot 172 shot 171 dmg=12
2026-08-24T14:19:01 124.719 INF [WasmHost] bot 171 shot 172 dmg=12
2026-08-24T14:19:01 124.719 INF [WasmHost] bot 173 shot 171 dmg=24 head
2026-08-24T14:19:01 124.719 INF [WasmHost] bot 174 shot 171 dmg=12
2026-08-24T14:19:01 124.968 INF [WasmHost] bot 172 shot 171 dmg=12
2026-08-24T14:19:02 125.019 INF [WasmHost] bot 171 shot 172 dmg=12
2026-08-24T14:19:02 125.020 INF [WasmHost] bot 173 shot 171 dmg=12
2026-08-24T14:19:02 125.020 INF [WasmHost] bot 173 shot 171 dmg=24 head
2026-08-24T14:19:02 125.020 INF [WasmHost] bot 174 shot 171 dmg=24 head
2026-08-24T14:19:02 125.319 INF [WasmHost] bot 171 shot 172 dmg=24 head
2026-08-24T14:19:02 125.319 INF [WasmHost] bot 173 shot 171 dmg=12
2026-08-24T14:19:02 125.319 INF [WasmHost] bot 174 shot 171 dmg=12
2026-08-24T14:19:02 125.969 INF [wasm] hello mod alive at tick 27200 (world 7000)
2026-08-24T14:19:03 126.769 INF [WasmHost] bot 172 shot 171 dmg=24 head
2026-08-24T14:19:03 126.769 INF [WasmHost] bot 172 shot 171 dmg=12
2026-08-24T14:19:03 126.819 INF [WasmHost] bot 171 shot 172 dmg=12
2026-08-24T14:19:03 126.819 INF [WasmHost] bot 173 shot 171 dmg=12
2026-08-24T14:19:03 126.819 INF [WasmHost] bot 173 shot 171 dmg=12
2026-08-24T14:19:04 127.069 INF [WasmHost] bot 172 shot 171 dmg=12
2026-08-24T14:19:04 127.069 INF [WasmHost] bot 172 shot 171 dmg=12
2026-08-24T14:19:04 127.119 INF [WasmHost] bot 171 shot 172 dmg=12
2026-08-24T14:19:04 127.119 INF [WasmHost] bot 173 shot 171 dmg=12
2026-08-24T14:19:04 127.119 INF [WasmHost] bot 174 shot 171 dmg=12
2026-08-24T14:19:04 127.119 INF [WasmHost] bot 174 shot 171 dmg=12
2026-08-24T14:19:04 127.368 INF [WasmHost] bot 172 shot 171 dmg=12
2026-08-24T14:19:04 127.368 INF [WasmHost] bot 172 shot 171 dmg=12
2026-08-24T14:19:04 127.419 INF [WasmHost] bot 171 shot 172 dmg=12
2026-08-24T14:19:04 127.419 INF [WasmHost] bot 171 shot 172 dmg=12
2026-08-24T14:19:04 127.419 INF [WasmHost] bot 173 shot 171 dmg=12
2026-08-24T14:19:04 127.419 INF [WasmHost] bot 174 shot 171 dmg=12
2026-08-24T14:19:04 127.419 INF [WasmHost] bot 174 shot 171 dmg=24 head
2026-08-24T14:19:04 127.669 INF [WasmHost] bot 172 shot 171 dmg=12
2026-08-24T14:19:04 127.669 INF [WasmHost] bot 172 shot 171 dmg=12
2026-08-24T14:19:04 127.719 INF [WasmHost] bot 173 shot 171 dmg=12
2026-08-24T14:19:04 127.969 INF [WasmHost] bot 172 shot 171 dmg=12
2026-08-24T14:19:04 127.969 INF [WasmHost] bot 172 shot 171 dmg=24 head
2026-08-24T14:19:05 128.019 INF [WasmHost] bot 171 shot 172 dmg=24 head
2026-08-24T14:19:05 128.019 INF [WasmHost] bot 173 shot 171 dmg=12
2026-08-24T14:19:05 128.019 INF [WasmHost] bot 173 shot 171 dmg=12
2026-08-24T14:19:05 128.019 INF [WasmHost] bot 174 shot 171 dmg=12
2026-08-24T14:19:05 128.269 INF [WasmHost] bot 172 shot 171 dmg=12
2026-08-24T14:19:05 128.319 INF [WasmHost] bot 171 shot 172 dmg=12
2026-08-24T14:19:05 128.319 INF [WasmHost] bot 173 shot 171 dmg=12
2026-08-24T14:19:05 128.319 INF [WasmHost] bot 173 shot 171 dmg=12
2026-08-24T14:19:05 128.319 INF [WasmHost] bot 174 shot 171 dmg=12
2026-08-24T14:19:05 128.569 INF [WasmHost] bot 172 shot 171 dmg=12
2026-08-24T14:19:05 128.619 INF [WasmHost] bot 174 shot 171 dmg=12
2026-08-24T14:19:05 128.869 INF [WasmHost] bot 172 shot 171 dmg=12
2026-08-24T14:19:05 128.919 INF [WasmHost] bot 171 shot 172 dmg=12
2026-08-24T14:19:07 130.369 INF [WasmHost] bot 172 shot 171 dmg=24 head
2026-08-24T14:19:07 130.419 INF [WasmHost] bot 171 shot 172 dmg=12
2026-08-24T14:19:07 130.419 INF [WasmHost] bot 171 shot 172 dmg=12
2026-08-24T14:19:07 130.419 INF [WasmHost] bot 173 shot 171 dmg=12
2026-08-24T14:19:07 130.419 INF [WasmHost] bot 174 shot 171 dmg=24 head
2026-08-24T14:19:07 130.669 INF [WasmHost] bot 172 shot 171 dmg=12
2026-08-24T14:19:07 130.719 INF [WasmHost] bot 171 shot 172 dmg=12
2026-08-24T14:19:07 130.719 INF [WasmHost] bot 173 shot 171 dmg=12
2026-08-24T14:19:07 130.719 INF [WasmHost] bot 174 shot 171 dmg=12
2026-08-24T14:19:07 130.719 INF [WasmHost] bot 174 shot 171 dmg=24 head
2026-08-24T14:19:07 130.969 INF [WasmHost] bot 172 shot 171 dmg=12
2026-08-24T14:19:07 130.969 INF [WasmHost] bot 172 shot 171 dmg=12
2026-08-24T14:19:07 130.969 INF [wasm] hello mod alive at tick 27300 (world 7000)
2026-08-24T14:19:08 131.019 INF [WasmHost] bot 171 shot 172 dmg=12
2026-08-24T14:19:08 131.019 INF [WasmHost] bot 173 shot 171 dmg=12
2026-08-24T14:19:08 131.019 INF [WasmHost] bot 173 shot 171 dmg=12
2026-08-24T14:19:08 131.019 INF [WasmHost] bot 174 shot 171 dmg=12
2026-08-24T14:19:08 131.019 INF [WasmHost] bot 174 shot 171 dmg=12
2026-08-24T14:19:08 131.269 INF [WasmHost] bot 172 shot 171 dmg=12
2026-08-24T14:19:08 131.269 INF [WasmHost] bot 172 shot 171 dmg=12
2026-08-24T14:19:08 131.320 INF [WasmHost] bot 171 shot 172 dmg=24 head
2026-08-24T14:19:08 131.320 INF [WasmHost] bot 173 shot 171 dmg=12
2026-08-24T14:19:08 131.320 INF [WasmHost] bot 173 shot 171 dmg=12
2026-08-24T14:19:08 131.570 INF [WasmHost] bot 172 shot 171 dmg=12
2026-08-24T14:19:08 131.570 INF [WasmHost] bot 172 shot 171 dmg=12
2026-08-24T14:19:08 131.620 INF [WasmHost] bot 171 shot 172 dmg=24 head
2026-08-24T14:19:08 131.620 INF [WasmHost] bot 173 shot 171 dmg=12
2026-08-24T14:19:08 131.620 INF [WasmHost] bot 174 shot 171 dmg=12
2026-08-24T14:19:08 131.870 INF [WasmHost] bot 172 shot 171 dmg=12
2026-08-24T14:19:08 131.920 INF [WasmHost] bot 171 shot 172 dmg=12
2026-08-24T14:19:08 131.920 INF [WasmHost] bot 171 shot 172 dmg=12
2026-08-24T14:19:08 131.920 INF [WasmHost] bot 173 shot 171 dmg=12
2026-08-24T14:19:09 132.169 INF [WasmHost] bot 172 shot 171 dmg=12
2026-08-24T14:19:09 132.169 INF [WasmHost] bot 172 shot 171 dmg=12
2026-08-24T14:19:09 132.220 INF [WasmHost] bot 171 shot 172 dmg=12
2026-08-24T14:19:09 132.220 INF [WasmHost] bot 171 shot 172 dmg=24 head
2026-08-24T14:19:09 132.220 INF [WasmHost] bot 174 shot 171 dmg=24 head
2026-08-24T14:19:09 132.470 INF [WasmHost] bot 172 shot 171 dmg=12
2026-08-24T14:19:09 132.520 INF [WasmHost] bot 171 shot 172 dmg=12
2026-08-24T14:19:09 132.520 INF [WasmHost] bot 173 shot 171 dmg=12
2026-08-24T14:19:09 132.520 INF [WasmHost] bot 174 shot 171 dmg=12
2026-08-24T14:19:10 133.970 INF [WasmHost] bot 172 shot 171 dmg=24 head
2026-08-24T14:19:11 134.020 INF [WasmHost] bot 171 shot 172 dmg=12
2026-08-24T14:19:11 134.021 INF [WasmHost] bot 171 shot 172 dmg=12
2026-08-24T14:19:11 134.021 INF [WasmHost] bot 173 shot 171 dmg=12
2026-08-24T14:19:11 134.021 INF [WasmHost] bot 174 shot 171 dmg=12
2026-08-24T14:19:11 134.269 INF [WasmHost] bot 172 shot 171 dmg=12
2026-08-24T14:19:11 134.269 INF [WasmHost] bot 172 shot 171 dmg=12
2026-08-24T14:19:11 134.319 INF [WasmHost] bot 173 shot 171 dmg=12
2026-08-24T14:19:11 134.570 INF [WasmHost] bot 172 shot 171 dmg=12
2026-08-24T14:19:11 134.620 INF [WasmHost] bot 171 shot 172 dmg=12
2026-08-24T14:19:11 134.620 INF [WasmHost] bot 171 shot 172 dmg=12
2026-08-24T14:19:11 134.620 INF [WasmHost] bot 173 shot 171 dmg=12
2026-08-24T14:19:11 134.620 INF [WasmHost] bot 174 shot 171 dmg=24 head
2026-08-24T14:19:11 134.620 INF [WasmHost] bot 174 shot 171 dmg=12
2026-08-24T14:19:11 134.870 INF [WasmHost] bot 172 shot 171 dmg=12
2026-08-24T14:19:11 134.920 INF [WasmHost] bot 171 shot 172 dmg=12
2026-08-24T14:19:11 134.920 INF [WasmHost] bot 173 shot 171 dmg=12
2026-08-24T14:19:11 134.920 INF [WasmHost] bot 174 shot 171 dmg=12
2026-08-24T14:19:11 134.920 INF [WasmHost] bot 174 shot 171 dmg=12
2026-08-24T14:19:12 135.169 INF [WasmHost] bot 172 shot 171 dmg=12
2026-08-24T14:19:12 135.169 INF [WasmHost] bot 172 shot 171 dmg=24 head
2026-08-24T14:19:12 135.220 INF [WasmHost] bot 171 shot 172 dmg=12
2026-08-24T14:19:12 135.220 INF [WasmHost] bot 173 shot 171 dmg=12
2026-08-24T14:19:12 135.220 INF [WasmHost] bot 174 shot 171 dmg=24 head
2026-08-24T14:19:12 135.469 INF [WasmHost] bot 172 shot 171 dmg=12
2026-08-24T14:19:12 135.519 INF [WasmHost] bot 171 shot 172 dmg=12
2026-08-24T14:19:12 135.520 INF [WasmHost] bot 171 shot 172 dmg=12
2026-08-24T14:19:12 135.520 INF [WasmHost] bot 173 shot 171 dmg=12
2026-08-24T14:19:12 135.520 INF [WasmHost] bot 173 shot 171 dmg=12
2026-08-24T14:19:12 135.520 INF [WasmHost] bot 174 shot 171 dmg=12
2026-08-24T14:19:12 135.771 INF [WasmHost] bot 172 shot 171 dmg=12
2026-08-24T14:19:12 135.820 INF [WasmHost] bot 171 shot 172 dmg=12
2026-08-24T14:19:12 135.820 INF [WasmHost] bot 173 shot 171 dmg=12
2026-08-24T14:19:12 135.820 INF [WasmHost] bot 173 shot 171 dmg=12
2026-08-24T14:19:12 135.820 INF [WasmHost] bot 174 shot 171 dmg=12
2026-08-24T14:19:12 135.969 INF [wasm] hello mod alive at tick 27400 (world 7000)
2026-08-24T14:19:13 136.069 INF [WasmHost] bot 172 shot 171 dmg=12
2026-08-24T14:19:13 136.119 INF [WasmHost] bot 171 shot 172 dmg=24 head
2026-08-24T14:19:13 136.119 INF [WasmHost] bot 173 shot 171 dmg=12
2026-08-24T14:19:14 137.569 INF [WasmHost] bot 172 shot 171 dmg=12
2026-08-24T14:19:14 137.569 INF [WasmHost] bot 172 shot 171 dmg=12
2026-08-24T14:19:14 137.619 INF [WasmHost] bot 173 shot 171 dmg=12
2026-08-24T14:19:14 137.619 INF [WasmHost] bot 173 shot 171 dmg=12
2026-08-24T14:19:14 137.619 INF [WasmHost] bot 174 shot 171 dmg=12
2026-08-24T14:19:14 137.871 INF [WasmHost] bot 172 shot 171 dmg=12
2026-08-24T14:19:14 137.920 INF [WasmHost] bot 171 shot 172 dmg=12
2026-08-24T14:19:14 137.920 INF [WasmHost] bot 173 shot 171 dmg=12
2026-08-24T14:19:14 137.920 INF [WasmHost] bot 174 shot 171 dmg=12
2026-08-24T14:19:15 138.170 INF [WasmHost] bot 172 shot 171 dmg=12
2026-08-24T14:19:15 138.170 INF [WasmHost] bot 172 shot 171 dmg=12
2026-08-24T14:19:15 138.220 INF [WasmHost] bot 171 shot 172 dmg=12
2026-08-24T14:19:15 138.220 INF [WasmHost] bot 171 shot 172 dmg=12
2026-08-24T14:19:15 138.220 INF [WasmHost] bot 173 shot 171 dmg=12
2026-08-24T14:19:15 138.220 INF [WasmHost] bot 174 shot 171 dmg=12
2026-08-24T14:19:15 138.220 INF [WasmHost] bot 174 shot 171 dmg=12
2026-08-24T14:19:15 138.470 INF [WasmHost] bot 172 shot 171 dmg=12
2026-08-24T14:19:15 138.470 INF [WasmHost] bot 172 shot 171 dmg=12
2026-08-24T14:19:15 138.520 INF [WasmHost] bot 171 shot 172 dmg=12
2026-08-24T14:19:15 138.520 INF [WasmHost] bot 171 shot 172 dmg=12
2026-08-24T14:19:15 138.520 INF [WasmHost] bot 173 shot 171 dmg=12
2026-08-24T14:19:15 138.520 INF [WasmHost] bot 173 shot 171 dmg=12
2026-08-24T14:19:15 138.520 INF [WasmHost] bot 174 shot 171 dmg=12
2026-08-24T14:19:15 138.770 INF [WasmHost] bot 172 shot 171 dmg=12
2026-08-24T14:19:15 138.821 INF [WasmHost] bot 171 shot 172 dmg=12
2026-08-24T14:19:15 138.821 INF [WasmHost] bot 173 shot 171 dmg=12
2026-08-24T14:19:15 138.821 INF [WasmHost] bot 174 shot 171 dmg=12
2026-08-24T14:19:16 139.070 INF [WasmHost] bot 172 shot 171 dmg=12
2026-08-24T14:19:16 139.070 INF [WasmHost] bot 172 shot 171 dmg=12
2026-08-24T14:19:16 139.120 INF [WasmHost] bot 171 shot 172 dmg=12
2026-08-24T14:19:16 139.120 INF [WasmHost] bot 174 shot 171 dmg=12
2026-08-24T14:19:16 139.371 INF [WasmHost] bot 172 shot 171 dmg=12
2026-08-24T14:19:16 139.420 INF [WasmHost] bot 171 shot 172 dmg=12
2026-08-24T14:19:16 139.420 INF [WasmHost] bot 171 shot 172 dmg=12
2026-08-24T14:19:16 139.420 INF [WasmHost] bot 173 shot 171 dmg=12
2026-08-24T14:19:16 139.420 INF [WasmHost] bot 173 shot 171 dmg=12
2026-08-24T14:19:16 139.420 INF [WasmHost] bot 174 shot 171 dmg=12
2026-08-24T14:19:16 139.720 INF [WasmHost] bot 171 shot 172 dmg=12
2026-08-24T14:19:16 139.721 INF [WasmHost] bot 174 shot 171 dmg=12
2026-08-24T14:19:17 140.970 INF [wasm] hello mod alive at tick 27500 (world 7000)
2026-08-24T14:19:18 141.170 INF [WasmHost] bot 172 shot 171 dmg=12
2026-08-24T14:19:18 141.170 INF [WasmHost] bot 172 shot 171 dmg=24 head
2026-08-24T14:19:18 141.220 INF [WasmHost] bot 173 shot 171 dmg=12
2026-08-24T14:19:18 141.220 INF [WasmHost] bot 174 shot 171 dmg=12
2026-08-24T14:19:18 141.220 INF [WasmHost] bot 174 shot 171 dmg=24 head
2026-08-24T14:19:18 141.470 INF [WasmHost] bot 172 shot 171 dmg=24 head
2026-08-24T14:19:18 141.520 INF [WasmHost] bot 171 shot 172 dmg=12
2026-08-24T14:19:18 141.520 INF [WasmHost] bot 171 shot 172 dmg=24 head
2026-08-24T14:19:18 141.520 INF [WasmHost] bot 173 shot 171 dmg=12
2026-08-24T14:19:18 141.520 INF [WasmHost] bot 174 shot 171 dmg=12
2026-08-24T14:19:18 141.770 INF [WasmHost] bot 172 shot 171 dmg=12
2026-08-24T14:19:18 141.820 INF [WasmHost] bot 171 shot 172 dmg=12
2026-08-24T14:19:18 141.820 INF [WasmHost] bot 173 shot 171 dmg=12
2026-08-24T14:19:18 141.820 INF [WasmHost] bot 174 shot 171 dmg=12
2026-08-24T14:19:18 141.820 INF [WasmHost] bot 174 shot 171 dmg=12
2026-08-24T14:19:19 142.120 INF [WasmHost] bot 171 shot 172 dmg=12
2026-08-24T14:19:19 142.120 INF [WasmHost] bot 173 shot 171 dmg=24 head
2026-08-24T14:19:19 142.120 INF [WasmHost] bot 174 shot 171 dmg=12
2026-08-24T14:19:19 142.371 INF [WasmHost] bot 172 shot 171 dmg=12
2026-08-24T14:19:19 142.371 INF [WasmHost] bot 172 shot 171 dmg=12
2026-08-24T14:19:19 142.421 INF [WasmHost] bot 171 shot 172 dmg=12
2026-08-24T14:19:19 142.421 INF [WasmHost] bot 171 shot 172 dmg=12
2026-08-24T14:19:19 142.421 INF [WasmHost] bot 173 shot 171 dmg=12
2026-08-24T14:19:19 142.421 INF [WasmHost] bot 173 shot 171 dmg=12
2026-08-24T14:19:19 142.421 INF [WasmHost] bot 174 shot 171 dmg=12
2026-08-24T14:19:19 142.671 INF [WasmHost] bot 172 shot 171 dmg=12
2026-08-24T14:19:19 142.721 INF [WasmHost] bot 171 shot 172 dmg=12
2026-08-24T14:19:19 142.721 INF [WasmHost] bot 173 shot 171 dmg=12
2026-08-24T14:19:19 142.721 INF [WasmHost] bot 174 shot 171 dmg=12
2026-08-24T14:19:19 142.721 INF [WasmHost] bot 174 shot 171 dmg=12
2026-08-24T14:19:19 142.972 INF [WasmHost] bot 172 shot 171 dmg=12
2026-08-24T14:19:20 143.023 INF [WasmHost] bot 171 shot 172 dmg=12
2026-08-24T14:19:20 143.023 INF [WasmHost] bot 173 shot 171 dmg=12
2026-08-24T14:19:20 143.023 INF [WasmHost] bot 173 shot 171 dmg=12
2026-08-24T14:19:20 143.023 INF [WasmHost] bot 174 shot 171 dmg=24 head
2026-08-24T14:19:20 143.271 INF [WasmHost] bot 172 shot 171 dmg=24 head
2026-08-24T14:19:20 143.321 INF [WasmHost] bot 171 shot 172 dmg=12
2026-08-24T14:19:20 143.321 INF [WasmHost] bot 174 shot 171 dmg=12
2026-08-24T14:19:21 144.771 INF [WasmHost] bot 172 shot 171 dmg=12
2026-08-24T14:19:21 144.822 INF [WasmHost] bot 171 shot 172 dmg=24 head
2026-08-24T14:19:21 144.822 INF [WasmHost] bot 171 shot 172 dmg=12
2026-08-24T14:19:21 144.822 INF [WasmHost] bot 173 shot 171 dmg=24 head
2026-08-24T14:19:21 144.822 INF [WasmHost] bot 174 shot 171 dmg=12
2026-08-24T14:19:22 145.072 INF [WasmHost] bot 172 shot 171 dmg=12
2026-08-24T14:19:22 145.072 INF [WasmHost] bot 172 shot 171 dmg=12
2026-08-24T14:19:22 145.122 INF [WasmHost] bot 173 shot 171 dmg=12
2026-08-24T14:19:22 145.122 INF [WasmHost] bot 174 shot 171 dmg=12
2026-08-24T14:19:22 145.122 INF [WasmHost] bot 174 shot 171 dmg=24 head
2026-08-24T14:19:22 145.371 INF [WasmHost] bot 172 shot 171 dmg=12
2026-08-24T14:19:22 145.422 INF [WasmHost] bot 171 shot 172 dmg=12
2026-08-24T14:19:22 145.422 INF [WasmHost] bot 174 shot 171 dmg=12
2026-08-24T14:19:22 145.422 INF [WasmHost] bot 174 shot 171 dmg=12
2026-08-24T14:19:22 145.671 INF [WasmHost] bot 172 shot 171 dmg=12
2026-08-24T14:19:22 145.671 INF [WasmHost] bot 172 shot 171 dmg=12
2026-08-24T14:19:22 145.721 INF [WasmHost] bot 171 shot 172 dmg=12
2026-08-24T14:19:22 145.722 INF [WasmHost] bot 173 shot 171 dmg=12
2026-08-24T14:19:22 145.722 INF [WasmHost] bot 173 shot 171 dmg=12
2026-08-24T14:19:22 145.722 INF [WasmHost] bot 174 shot 171 dmg=12
2026-08-24T14:19:22 145.722 INF [WasmHost] bot 174 shot 171 dmg=12
2026-08-24T14:19:22 145.972 INF [WasmHost] bot 172 shot 171 dmg=12
2026-08-24T14:19:22 145.972 INF [WasmHost] bot 172 shot 171 dmg=12
2026-08-24T14:19:22 145.972 INF [wasm] hello mod alive at tick 27600 (world 7000)
2026-08-24T14:19:23 146.022 INF [WasmHost] bot 171 shot 172 dmg=24 head
2026-08-24T14:19:23 146.022 INF [WasmHost] bot 171 shot 172 dmg=12
2026-08-24T14:19:23 146.022 INF [WasmHost] bot 173 shot 171 dmg=12
2026-08-24T14:19:23 146.022 INF [WasmHost] bot 173 shot 171 dmg=12
2026-08-24T14:19:23 146.022 INF [WasmHost] bot 174 shot 171 dmg=12
2026-08-24T14:19:23 146.271 INF [WasmHost] bot 172 shot 171 dmg=24 head
2026-08-24T14:19:23 146.322 INF [WasmHost] bot 171 shot 172 dmg=24 head
2026-08-24T14:19:23 146.322 INF [WasmHost] bot 171 shot 172 dmg=12
2026-08-24T14:19:23 146.322 INF [WasmHost] bot 174 shot 171 dmg=24 head
2026-08-24T14:19:23 146.571 INF [WasmHost] bot 172 shot 171 dmg=12
2026-08-24T14:19:23 146.622 INF [WasmHost] bot 173 shot 171 dmg=12
2026-08-24T14:19:23 146.622 INF [WasmHost] bot 173 shot 171 dmg=12
2026-08-24T14:19:23 146.622 INF [WasmHost] bot 174 shot 171 dmg=12
2026-08-24T14:19:23 146.622 INF [WasmHost] bot 174 shot 171 dmg=12
2026-08-24T14:19:23 146.872 INF [WasmHost] bot 172 shot 171 dmg=12
2026-08-24T14:19:23 146.922 INF [WasmHost] bot 173 shot 171 dmg=12
2026-08-24T14:19:23 146.922 INF [WasmHost] bot 174 shot 171 dmg=12
2026-08-24T14:19:25 148.422 INF [WasmHost] bot 171 shot 172 dmg=12
2026-08-24T14:19:25 148.422 INF [WasmHost] bot 171 shot 172 dmg=12
2026-08-24T14:19:25 148.422 INF [WasmHost] bot 173 shot 171 dmg=12
2026-08-24T14:19:25 148.422 INF [WasmHost] bot 174 shot 171 dmg=12
2026-08-24T14:19:25 148.673 INF [WasmHost] bot 172 shot 171 dmg=24 head
2026-08-24T14:19:25 148.673 INF [WasmHost] bot 172 shot 171 dmg=12
2026-08-24T14:19:25 148.723 INF [WasmHost] bot 171 shot 172 dmg=12
2026-08-24T14:19:25 148.723 INF [WasmHost] bot 171 shot 172 dmg=12
2026-08-24T14:19:25 148.724 INF [WasmHost] bot 173 shot 171 dmg=12
2026-08-24T14:19:25 148.724 INF [WasmHost] bot 173 shot 171 dmg=24 head
2026-08-24T14:19:25 148.724 INF [WasmHost] bot 174 shot 171 dmg=12
2026-08-24T14:19:25 148.724 INF [WasmHost] bot 174 shot 171 dmg=12
2026-08-24T14:19:25 148.972 INF [WasmHost] bot 172 shot 171 dmg=12
2026-08-24T14:19:26 149.022 INF [WasmHost] bot 173 shot 171 dmg=12
2026-08-24T14:19:26 149.022 INF [WasmHost] bot 173 shot 171 dmg=12
2026-08-24T14:19:26 149.272 INF [WasmHost] bot 172 shot 171 dmg=12
2026-08-24T14:19:26 149.322 INF [WasmHost] bot 173 shot 171 dmg=12
2026-08-24T14:19:26 149.322 INF [WasmHost] bot 174 shot 171 dmg=12
2026-08-24T14:19:26 149.572 INF [WasmHost] bot 172 shot 171 dmg=12
2026-08-24T14:19:26 149.572 INF [WasmHost] bot 172 shot 171 dmg=12
2026-08-24T14:19:26 149.623 INF [WasmHost] bot 171 shot 172 dmg=12
2026-08-24T14:19:26 149.623 INF [WasmHost] bot 173 shot 171 dmg=12
2026-08-24T14:19:26 149.623 INF [WasmHost] bot 174 shot 171 dmg=12
2026-08-24T14:19:26 149.873 INF [WasmHost] bot 172 shot 171 dmg=12
2026-08-24T14:19:26 149.873 INF [WasmHost] bot 172 shot 171 dmg=12
2026-08-24T14:19:26 149.922 INF [WasmHost] bot 171 shot 172 dmg=12
2026-08-24T14:19:26 149.922 INF [WasmHost] bot 173 shot 171 dmg=12
2026-08-24T14:19:26 149.922 INF [WasmHost] bot 174 shot 171 dmg=12
2026-08-24T14:19:26 149.922 INF [WasmHost] bot 174 shot 171 dmg=12
2026-08-24T14:19:27 150.222 INF [WasmHost] bot 171 shot 172 dmg=12
2026-08-24T14:19:27 150.222 INF [WasmHost] bot 171 shot 172 dmg=12
2026-08-24T14:19:27 150.222 INF [WasmHost] bot 173 shot 171 dmg=12
2026-08-24T14:19:27 150.222 INF [WasmHost] bot 173 shot 171 dmg=24 head
2026-08-24T14:19:27 150.222 INF [WasmHost] bot 174 shot 171 dmg=12
2026-08-24T14:19:27 150.472 INF [WasmHost] bot 172 shot 171 dmg=12
2026-08-24T14:19:27 150.522 INF [WasmHost] bot 171 shot 172 dmg=12
2026-08-24T14:19:27 150.522 INF [WasmHost] bot 173 shot 171 dmg=24 head
2026-08-24T14:19:27 150.522 INF [WasmHost] bot 174 shot 171 dmg=24 head
2026-08-24T14:19:29 152.129 INF [wasm] hello mod alive at tick 27700 (world 7000)
2026-08-24T14:19:30 153.133 INF [WasmHost] bot 172 shot 171 dmg=24 head
2026-08-24T14:19:30 153.181 INF [WasmHost] bot 171 shot 172 dmg=12
2026-08-24T14:19:30 153.181 INF [WasmHost] bot 173 shot 171 dmg=12
2026-08-24T14:19:30 153.181 INF [WasmHost] bot 173 shot 171 dmg=12
2026-08-24T14:19:30 153.181 INF [WasmHost] bot 174 shot 171 dmg=24 head
2026-08-24T14:19:30 153.431 INF [WasmHost] bot 172 shot 171 dmg=12
2026-08-24T14:19:30 153.481 INF [WasmHost] bot 171 shot 172 dmg=12
2026-08-24T14:19:30 153.481 INF [WasmHost] bot 173 shot 171 dmg=12
2026-08-24T14:19:30 153.481 INF [WasmHost] bot 174 shot 171 dmg=12
2026-08-24T14:19:30 153.731 INF [WasmHost] bot 172 shot 171 dmg=12
2026-08-24T14:19:30 153.731 INF [WasmHost] bot 172 shot 171 dmg=12
2026-08-24T14:19:30 153.781 INF [WasmHost] bot 171 shot 172 dmg=12
2026-08-24T14:19:30 153.781 INF [WasmHost] bot 171 shot 172 dmg=12
2026-08-24T14:19:30 153.781 INF [WasmHost] bot 173 shot 171 dmg=12
2026-08-24T14:19:31 154.031 INF [WasmHost] bot 172 shot 171 dmg=12
2026-08-24T14:19:31 154.031 INF [WasmHost] bot 172 shot 171 dmg=12
2026-08-24T14:19:31 154.081 INF [WasmHost] bot 171 shot 172 dmg=12
2026-08-24T14:19:31 154.081 INF [WasmHost] bot 173 shot 171 dmg=12
2026-08-24T14:19:31 154.081 INF [WasmHost] bot 174 shot 171 dmg=12
2026-08-24T14:19:31 154.081 INF [WasmHost] bot 174 shot 171 dmg=12
2026-08-24T14:19:31 154.331 INF [WasmHost] bot 172 shot 171 dmg=12
2026-08-24T14:19:31 154.380 INF [WasmHost] bot 171 shot 172 dmg=24 head
2026-08-24T14:19:31 154.381 INF [WasmHost] bot 171 shot 172 dmg=24 head
2026-08-24T14:19:31 154.381 INF [WasmHost] bot 173 shot 171 dmg=24 head
2026-08-24T14:19:31 154.381 INF [WasmHost] bot 174 shot 171 dmg=12
2026-08-24T14:19:31 154.381 INF [WasmHost] bot 174 shot 171 dmg=12
2026-08-24T14:19:31 154.631 INF [WasmHost] bot 172 shot 171 dmg=12
2026-08-24T14:19:31 154.681 INF [WasmHost] bot 171 shot 172 dmg=24 head
2026-08-24T14:19:31 154.681 INF [WasmHost] bot 174 shot 171 dmg=12
2026-08-24T14:19:31 154.931 INF [WasmHost] bot 172 shot 171 dmg=12
2026-08-24T14:19:31 154.981 INF [WasmHost] bot 171 shot 172 dmg=12
2026-08-24T14:19:31 154.981 INF [WasmHost] bot 171 shot 172 dmg=12
2026-08-24T14:19:31 154.981 INF [WasmHost] bot 173 shot 171 dmg=12
2026-08-24T14:19:31 154.981 INF [WasmHost] bot 174 shot 171 dmg=12
2026-08-24T14:19:31 154.981 INF [WasmHost] bot 174 shot 171 dmg=12
2026-08-24T14:19:32 155.280 INF [WasmHost] bot 171 shot 172 dmg=24 head
2026-08-24T14:19:33 156.731 INF [WasmHost] bot 172 shot 171 dmg=24 head
2026-08-24T14:19:33 156.781 INF [WasmHost] bot 171 shot 172 dmg=12
2026-08-24T14:19:33 156.781 INF [WasmHost] bot 173 shot 171 dmg=12
2026-08-24T14:19:33 156.781 INF [WasmHost] bot 174 shot 171 dmg=12
2026-08-24T14:19:33 156.781 INF [WasmHost] bot 174 shot 171 dmg=12
2026-08-24T14:19:34 157.031 INF [WasmHost] bot 172 shot 171 dmg=12
2026-08-24T14:19:34 157.031 INF [WasmHost] bot 172 shot 171 dmg=12
2026-08-24T14:19:34 157.080 INF [WasmHost] bot 171 shot 172 dmg=12
2026-08-24T14:19:34 157.080 INF [WasmHost] bot 171 shot 172 dmg=12
2026-08-24T14:19:34 157.080 INF [WasmHost] bot 173 shot 171 dmg=12
2026-08-24T14:19:34 157.080 INF [WasmHost] bot 173 shot 171 dmg=12
2026-08-24T14:19:34 157.080 INF [WasmHost] bot 174 shot 171 dmg=12
2026-08-24T14:19:34 157.131 INF [wasm] hello mod alive at tick 27800 (world 7000)
2026-08-24T14:19:34 157.331 INF [WasmHost] bot 172 shot 171 dmg=12
2026-08-24T14:19:34 157.381 INF [WasmHost] bot 171 shot 172 dmg=12
2026-08-24T14:19:34 157.381 INF [WasmHost] bot 173 shot 171 dmg=12
2026-08-24T14:19:34 157.381 INF [WasmHost] bot 173 shot 171 dmg=12
2026-08-24T14:19:34 157.381 INF [WasmHost] bot 174 shot 171 dmg=12
2026-08-24T14:19:34 157.631 INF [WasmHost] bot 172 shot 171 dmg=12
2026-08-24T14:19:34 157.631 INF [WasmHost] bot 172 shot 171 dmg=12
2026-08-24T14:19:34 157.681 INF [WasmHost] bot 171 shot 172 dmg=12
2026-08-24T14:19:34 157.681 INF [WasmHost] bot 174 shot 171 dmg=12
2026-08-24T14:19:34 157.931 INF [WasmHost] bot 172 shot 171 dmg=12
2026-08-24T14:19:34 157.931 INF [WasmHost] bot 172 shot 171 dmg=12
2026-08-24T14:19:34 157.980 INF [WasmHost] bot 171 shot 172 dmg=12
2026-08-24T14:19:34 157.981 INF [WasmHost] bot 173 shot 171 dmg=12
2026-08-24T14:19:34 157.981 INF [WasmHost] bot 173 shot 171 dmg=12
2026-08-24T14:19:34 157.981 INF [WasmHost] bot 174 shot 171 dmg=12
2026-08-24T14:19:34 157.981 INF [WasmHost] bot 174 shot 171 dmg=12
2026-08-24T14:19:35 158.231 INF [WasmHost] bot 172 shot 171 dmg=12
2026-08-24T14:19:35 158.280 INF [WasmHost] bot 173 shot 171 dmg=12
2026-08-24T14:19:35 158.281 INF [WasmHost] bot 174 shot 171 dmg=24 head
2026-08-24T14:19:35 158.531 INF [WasmHost] bot 172 shot 171 dmg=12
2026-08-24T14:19:35 158.531 INF [WasmHost] bot 172 shot 171 dmg=12
2026-08-24T14:19:35 158.580 INF [WasmHost] bot 171 shot 172 dmg=12
2026-08-24T14:19:35 158.581 INF [WasmHost] bot 171 shot 172 dmg=12
2026-08-24T14:19:35 158.581 INF [WasmHost] bot 173 shot 171 dmg=12
2026-08-24T14:19:35 158.581 INF [WasmHost] bot 174 shot 171 dmg=12
2026-08-24T14:19:35 158.581 INF [WasmHost] bot 174 shot 171 dmg=12
2026-08-24T14:19:35 158.831 INF [WasmHost] bot 172 shot 171 dmg=12
2026-08-24T14:19:35 158.881 INF [WasmHost] bot 171 shot 172 dmg=12
2026-08-24T14:19:37 160.330 INF [WasmHost] bot 172 shot 171 dmg=12
2026-08-24T14:19:37 160.380 INF [WasmHost] bot 171 shot 172 dmg=12
2026-08-24T14:19:37 160.380 INF [WasmHost] bot 173 shot 171 dmg=12
2026-08-24T14:19:37 160.380 INF [WasmHost] bot 173 shot 171 dmg=12
2026-08-24T14:19:37 160.380 INF [WasmHost] bot 174 shot 171 dmg=12
2026-08-24T14:19:37 160.631 INF [WasmHost] bot 172 shot 171 dmg=12
2026-08-24T14:19:37 160.631 INF [WasmHost] bot 172 shot 171 dmg=12
2026-08-24T14:19:37 160.681 INF [WasmHost] bot 171 shot 172 dmg=12
2026-08-24T14:19:37 160.681 INF [WasmHost] bot 171 shot 172 dmg=12
2026-08-24T14:19:37 160.681 INF [WasmHost] bot 173 shot 171 dmg=12
2026-08-24T14:19:37 160.681 INF [WasmHost] bot 173 shot 171 dmg=12
2026-08-24T14:19:37 160.681 INF [WasmHost] bot 174 shot 171 dmg=12
2026-08-24T14:19:37 160.931 INF [WasmHost] bot 172 shot 171 dmg=12
2026-08-24T14:19:37 160.931 INF [WasmHost] bot 172 shot 171 dmg=12
2026-08-24T14:19:37 160.981 INF [WasmHost] bot 171 shot 172 dmg=12
2026-08-24T14:19:37 160.981 INF [WasmHost] bot 171 shot 172 dmg=12
2026-08-24T14:19:37 160.981 INF [WasmHost] bot 173 shot 171 dmg=24 head
2026-08-24T14:19:37 160.981 INF [WasmHost] bot 174 shot 171 dmg=12
2026-08-24T14:19:37 160.981 INF [WasmHost] bot 174 shot 171 dmg=24 head
2026-08-24T14:19:38 161.231 INF [WasmHost] bot 172 shot 171 dmg=12
2026-08-24T14:19:38 161.231 INF [WasmHost] bot 172 shot 171 dmg=24 head
2026-08-24T14:19:38 161.281 INF [WasmHost] bot 171 shot 172 dmg=12
2026-08-24T14:19:38 161.281 INF [WasmHost] bot 171 shot 172 dmg=12
2026-08-24T14:19:38 161.281 INF [WasmHost] bot 173 shot 171 dmg=12
2026-08-24T14:19:38 161.581 INF [WasmHost] bot 174 shot 171 dmg=12
2026-08-24T14:19:38 161.882 INF [WasmHost] bot 171 shot 172 dmg=12
2026-08-24T14:19:38 161.882 INF [WasmHost] bot 173 shot 171 dmg=12
2026-08-24T14:19:38 161.882 INF [WasmHost] bot 173 shot 171 dmg=12
2026-08-24T14:19:38 161.882 INF [WasmHost] bot 174 shot 171 dmg=12
2026-08-24T14:19:38 161.882 INF [WasmHost] bot 174 shot 171 dmg=12
2026-08-24T14:19:39 162.132 INF [WasmHost] bot 172 shot 171 dmg=12
2026-08-24T14:19:39 162.132 INF [wasm] hello mod alive at tick 27900 (world 7000)
2026-08-24T14:19:39 162.182 INF [WasmHost] bot 171 shot 172 dmg=12
2026-08-24T14:19:39 162.182 INF [WasmHost] bot 171 shot 172 dmg=12
2026-08-24T14:19:39 162.182 INF [WasmHost] bot 174 shot 171 dmg=12
2026-08-24T14:19:39 162.182 INF [WasmHost] bot 174 shot 171 dmg=12
2026-08-24T14:19:39 162.432 INF [WasmHost] bot 172 shot 171 dmg=12
2026-08-24T14:19:39 162.482 INF [WasmHost] bot 171 shot 172 dmg=12
2026-08-24T14:19:39 162.482 INF [WasmHost] bot 174 shot 171 dmg=12
2026-08-24T14:19:40 163.932 INF [WasmHost] bot 172 shot 171 dmg=12
2026-08-24T14:19:40 163.932 INF [WasmHost] bot 172 shot 171 dmg=12
2026-08-24T14:19:40 163.982 INF [WasmHost] bot 171 shot 172 dmg=12
2026-08-24T14:19:40 163.982 INF [WasmHost] bot 171 shot 172 dmg=12
2026-08-24T14:19:40 163.982 INF [WasmHost] bot 173 shot 171 dmg=12
2026-08-24T14:19:40 163.982 INF [WasmHost] bot 174 shot 171 dmg=12
2026-08-24T14:19:41 164.232 INF [WasmHost] bot 172 shot 171 dmg=12
2026-08-24T14:19:41 164.282 INF [WasmHost] bot 171 shot 172 dmg=24 head
2026-08-24T14:19:41 164.282 INF [WasmHost] bot 171 shot 172 dmg=12
2026-08-24T14:19:41 164.282 INF [WasmHost] bot 173 shot 171 dmg=12
2026-08-24T14:19:41 164.282 INF [WasmHost] bot 173 shot 171 dmg=12
2026-08-24T14:19:41 164.282 INF [WasmHost] bot 174 shot 171 dmg=12
2026-08-24T14:19:41 164.532 INF [WasmHost] bot 172 shot 171 dmg=12
2026-08-24T14:19:41 164.582 INF [WasmHost] bot 171 shot 172 dmg=12
2026-08-24T14:19:41 164.582 INF [WasmHost] bot 173 shot 171 dmg=12
2026-08-24T14:19:41 164.582 INF [WasmHost] bot 174 shot 171 dmg=12
2026-08-24T14:19:41 164.832 INF [WasmHost] bot 172 shot 171 dmg=12
2026-08-24T14:19:41 164.882 INF [WasmHost] bot 171 shot 172 dmg=24 head
2026-08-24T14:19:41 164.882 INF [WasmHost] bot 173 shot 171 dmg=12
2026-08-24T14:19:41 164.882 INF [WasmHost] bot 173 shot 171 dmg=24 head
2026-08-24T14:19:41 164.882 INF [WasmHost] bot 174 shot 171 dmg=12
2026-08-24T14:19:42 165.132 INF [WasmHost] bot 172 shot 171 dmg=12
2026-08-24T14:19:42 165.182 INF [WasmHost] bot 173 shot 171 dmg=12
2026-08-24T14:19:42 165.182 INF [WasmHost] bot 174 shot 171 dmg=12
2026-08-24T14:19:42 165.432 INF [WasmHost] bot 172 shot 171 dmg=12
2026-08-24T14:19:42 165.482 INF [WasmHost] bot 171 shot 172 dmg=12
2026-08-24T14:19:42 165.482 INF [WasmHost] bot 171 shot 172 dmg=12
2026-08-24T14:19:42 165.482 INF [WasmHost] bot 173 shot 171 dmg=24 head
2026-08-24T14:19:42 165.482 INF [WasmHost] bot 174 shot 171 dmg=12
2026-08-24T14:19:42 165.732 INF [WasmHost] bot 172 shot 171 dmg=12
2026-08-24T14:19:42 165.782 INF [WasmHost] bot 171 shot 172 dmg=12
2026-08-24T14:19:42 165.782 INF [WasmHost] bot 173 shot 171 dmg=12
2026-08-24T14:19:42 165.782 INF [WasmHost] bot 174 shot 171 dmg=12
2026-08-24T14:19:43 166.032 INF [WasmHost] bot 172 shot 171 dmg=12
2026-08-24T14:19:43 166.082 INF [WasmHost] bot 173 shot 171 dmg=12
2026-08-24T14:19:44 167.132 INF [wasm] hello mod alive at tick 28000 (world 7000)
2026-08-24T14:19:44 167.139 INF Chat (from '-non-player-', entity id '-1', to 'Global'): hello survivor from a wasm mod at tick 28000
2026-08-24T14:19:44 167.532 INF [WasmHost] bot 172 shot 171 dmg=12
2026-08-24T14:19:44 167.532 INF [WasmHost] bot 172 shot 171 dmg=12
2026-08-24T14:19:44 167.582 INF [WasmHost] bot 173 shot 171 dmg=12
2026-08-24T14:19:44 167.582 INF [WasmHost] bot 174 shot 171 dmg=12
2026-08-24T14:19:44 167.832 INF [WasmHost] bot 172 shot 171 dmg=24 head
2026-08-24T14:19:44 167.832 INF [WasmHost] bot 172 shot 171 dmg=24 head
2026-08-24T14:19:44 167.882 INF [WasmHost] bot 171 shot 172 dmg=12
2026-08-24T14:19:44 167.882 INF [WasmHost] bot 173 shot 171 dmg=12
2026-08-24T14:19:44 167.882 INF [WasmHost] bot 174 shot 171 dmg=24 head
2026-08-24T14:19:45 168.132 INF [WasmHost] bot 172 shot 171 dmg=24 head
2026-08-24T14:19:45 168.182 INF [WasmHost] bot 171 shot 172 dmg=12
2026-08-24T14:19:45 168.182 INF [WasmHost] bot 174 shot 171 dmg=12
2026-08-24T14:19:45 168.182 INF [WasmHost] bot 174 shot 171 dmg=12
2026-08-24T14:19:45 168.432 INF [WasmHost] bot 172 shot 171 dmg=24 head
2026-08-24T14:19:45 168.432 INF [WasmHost] bot 172 shot 171 dmg=12
2026-08-24T14:19:45 168.482 INF [WasmHost] bot 171 shot 172 dmg=12
2026-08-24T14:19:45 168.482 INF [WasmHost] bot 171 shot 172 dmg=12
2026-08-24T14:19:45 168.482 INF [WasmHost] bot 173 shot 171 dmg=12
2026-08-24T14:19:45 168.482 INF [WasmHost] bot 174 shot 171 dmg=24 head
2026-08-24T14:19:45 168.635 INF Telnet connection from: 172.17.0.1:41270
2026-08-24T14:19:45 168.640 INF Started thread TelnetClient_172.17.0.1:41270
2026-08-24T14:19:45 168.732 INF [WasmHost] bot 172 shot 171 dmg=12
2026-08-24T14:19:45 168.782 INF [WasmHost] bot 171 shot 172 dmg=12
2026-08-24T14:19:45 168.782 INF [WasmHost] bot 171 shot 172 dmg=12
2026-08-24T14:19:45 168.782 INF [WasmHost] bot 173 shot 171 dmg=12
2026-08-24T14:19:45 168.782 INF [WasmHost] bot 173 shot 171 dmg=12
2026-08-24T14:19:45 168.934 INF Executing command 'wasm status' by Telnet from 172.17.0.1:41270
2026-08-24T14:19:46 169.032 INF [WasmHost] bot 172 shot 171 dmg=12
2026-08-24T14:19:46 169.082 INF [WasmHost] bot 171 shot 172 dmg=12
2026-08-24T14:19:46 169.082 INF [WasmHost] bot 173 shot 171 dmg=12
2026-08-24T14:19:46 169.082 INF [WasmHost] bot 174 shot 171 dmg=12
2026-08-24T14:19:46 169.332 INF [WasmHost] bot 172 shot 171 dmg=12
2026-08-24T14:19:46 169.382 INF [WasmHost] bot 171 shot 172 dmg=12
2026-08-24T14:19:46 169.382 INF [WasmHost] bot 173 shot 171 dmg=12
2026-08-24T14:19:46 169.382 INF [WasmHost] bot 173 shot 171 dmg=24 head
2026-08-24T14:19:46 169.382 INF [WasmHost] bot 174 shot 171 dmg=12
2026-08-24T14:19:46 169.382 INF [WasmHost] bot 174 shot 171 dmg=12
2026-08-24T14:19:46 169.682 INF [WasmHost] bot 173 shot 171 dmg=12
2026-08-24T14:19:46 169.682 INF [WasmHost] bot 174 shot 171 dmg=12
2026-08-24T14:19:48 171.132 INF [WasmHost] bot 172 shot 171 dmg=12
2026-08-24T14:19:48 171.132 INF [WasmHost] bot 172 shot 171 dmg=12
2026-08-24T14:19:48 171.182 INF [WasmHost] bot 171 shot 172 dmg=12
2026-08-24T14:19:48 171.182 INF [WasmHost] bot 173 shot 171 dmg=12
2026-08-24T14:19:48 171.432 INF [WasmHost] bot 172 shot 171 dmg=12
2026-08-24T14:19:48 171.482 INF [WasmHost] bot 171 shot 172 dmg=12
2026-08-24T14:19:48 171.482 INF [WasmHost] bot 173 shot 171 dmg=12
2026-08-24T14:19:48 171.732 INF [WasmHost] bot 172 shot 171 dmg=24 head
2026-08-24T14:19:48 171.732 INF [WasmHost] bot 172 shot 171 dmg=24 head
2026-08-24T14:19:48 171.782 INF [WasmHost] bot 171 shot 172 dmg=12
2026-08-24T14:19:48 171.782 INF [WasmHost] bot 171 shot 172 dmg=12
2026-08-24T14:19:48 171.782 INF [WasmHost] bot 173 shot 171 dmg=12
2026-08-24T14:19:48 171.782 INF [WasmHost] bot 173 shot 171 dmg=12
2026-08-24T14:19:48 171.782 INF [WasmHost] bot 174 shot 171 dmg=12
2026-08-24T14:19:48 171.782 INF [WasmHost] bot 174 shot 171 dmg=12
2026-08-24T14:19:49 172.082 INF [WasmHost] bot 171 shot 172 dmg=12
2026-08-24T14:19:49 172.082 INF [WasmHost] bot 173 shot 171 dmg=12
2026-08-24T14:19:49 172.082 INF [WasmHost] bot 173 shot 171 dmg=12
2026-08-24T14:19:49 172.082 INF [WasmHost] bot 174 shot 171 dmg=12
2026-08-24T14:19:49 172.133 INF [wasm] hello mod alive at tick 28100 (world 7000)
2026-08-24T14:19:49 172.332 INF [WasmHost] bot 172 shot 171 dmg=12
2026-08-24T14:19:49 172.382 INF [WasmHost] bot 171 shot 172 dmg=12
2026-08-24T14:19:49 172.382 INF [WasmHost] bot 173 shot 171 dmg=12
2026-08-24T14:19:49 172.382 INF [WasmHost] bot 173 shot 171 dmg=12
2026-08-24T14:19:49 172.382 INF [WasmHost] bot 174 shot 171 dmg=12
2026-08-24T14:19:49 172.633 INF [WasmHost] bot 172 shot 171 dmg=12
2026-08-24T14:19:49 172.682 INF [WasmHost] bot 171 shot 172 dmg=12
2026-08-24T14:19:49 172.682 INF [WasmHost] bot 171 shot 172 dmg=12
2026-08-24T14:19:49 172.682 INF [WasmHost] bot 173 shot 171 dmg=12
2026-08-24T14:19:49 172.932 INF [WasmHost] bot 172 shot 171 dmg=12
2026-08-24T14:19:49 172.932 INF [WasmHost] bot 172 shot 171 dmg=12
2026-08-24T14:19:49 172.982 INF [WasmHost] bot 171 shot 172 dmg=12
2026-08-24T14:19:49 172.982 INF [WasmHost] bot 173 shot 171 dmg=12
2026-08-24T14:19:49 172.982 INF [WasmHost] bot 174 shot 171 dmg=12
2026-08-24T14:19:49 172.982 INF [WasmHost] bot 174 shot 171 dmg=12
2026-08-24T14:19:50 173.232 INF [WasmHost] bot 172 shot 171 dmg=12
2026-08-24T14:19:50 173.282 INF [WasmHost] bot 171 shot 172 dmg=24 head
2026-08-24T14:19:51 174.732 INF [WasmHost] bot 172 shot 171 dmg=12
2026-08-24T14:19:51 174.732 INF [WasmHost] bot 172 shot 171 dmg=24 head
2026-08-24T14:19:51 174.782 INF [WasmHost] bot 173 shot 171 dmg=12
2026-08-24T14:19:51 174.782 INF [WasmHost] bot 173 shot 171 dmg=12
2026-08-24T14:19:51 174.782 INF [WasmHost] bot 174 shot 171 dmg=12
2026-08-24T14:19:52 175.032 INF [WasmHost] bot 172 shot 171 dmg=12
2026-08-24T14:19:52 175.032 INF [WasmHost] bot 172 shot 171 dmg=24 head
2026-08-24T14:19:52 175.082 INF [WasmHost] bot 171 shot 172 dmg=24 head
2026-08-24T14:19:52 175.082 INF [WasmHost] bot 171 shot 172 dmg=12
2026-08-24T14:19:52 175.082 INF [WasmHost] bot 174 shot 171 dmg=12
2026-08-24T14:19:52 175.082 INF [WasmHost] bot 174 shot 171 dmg=12
2026-08-24T14:19:52 175.332 INF [WasmHost] bot 172 shot 171 dmg=12
2026-08-24T14:19:52 175.332 INF [WasmHost] bot 172 shot 171 dmg=12
2026-08-24T14:19:52 175.382 INF [WasmHost] bot 171 shot 172 dmg=24 head
2026-08-24T14:19:52 175.382 INF [WasmHost] bot 173 shot 171 dmg=12
2026-08-24T14:19:52 175.382 INF [WasmHost] bot 173 shot 171 dmg=12
2026-08-24T14:19:52 175.382 INF [WasmHost] bot 174 shot 171 dmg=24 head
2026-08-24T14:19:52 175.632 INF [WasmHost] bot 172 shot 171 dmg=12
2026-08-24T14:19:52 175.632 INF [WasmHost] bot 172 shot 171 dmg=12
2026-08-24T14:19:52 175.682 INF [WasmHost] bot 171 shot 172 dmg=12
2026-08-24T14:19:52 175.682 INF [WasmHost] bot 173 shot 171 dmg=12
2026-08-24T14:19:52 175.682 INF [WasmHost] bot 174 shot 171 dmg=12
2026-08-24T14:19:52 175.933 INF [WasmHost] bot 172 shot 171 dmg=12
2026-08-24T14:19:52 175.933 INF [WasmHost] bot 172 shot 171 dmg=12
2026-08-24T14:19:52 175.983 INF [WasmHost] bot 171 shot 172 dmg=12
2026-08-24T14:19:52 175.983 INF [WasmHost] bot 171 shot 172 dmg=12
2026-08-24T14:19:52 175.983 INF [WasmHost] bot 174 shot 171 dmg=12
2026-08-24T14:19:53 176.233 INF [WasmHost] bot 172 shot 171 dmg=12
2026-08-24T14:19:53 176.233 INF [WasmHost] bot 172 shot 171 dmg=12
2026-08-24T14:19:53 176.283 INF [WasmHost] bot 171 shot 172 dmg=12
2026-08-24T14:19:53 176.283 INF [WasmHost] bot 173 shot 171 dmg=12
2026-08-24T14:19:53 176.283 INF [WasmHost] bot 174 shot 171 dmg=24 head
2026-08-24T14:19:53 176.283 INF [WasmHost] bot 174 shot 171 dmg=12
2026-08-24T14:19:53 176.533 INF [WasmHost] bot 172 shot 171 dmg=24 head
2026-08-24T14:19:53 176.533 INF [WasmHost] bot 172 shot 171 dmg=12
2026-08-24T14:19:53 176.583 INF [WasmHost] bot 171 shot 172 dmg=12
2026-08-24T14:19:53 176.583 INF [WasmHost] bot 171 shot 172 dmg=12
2026-08-24T14:19:53 176.583 INF [WasmHost] bot 174 shot 171 dmg=12
2026-08-24T14:19:53 176.583 INF [WasmHost] bot 174 shot 171 dmg=24 head
2026-08-24T14:19:53 176.833 INF [WasmHost] bot 172 shot 171 dmg=12
2026-08-24T14:19:53 176.883 INF [WasmHost] bot 171 shot 172 dmg=12
2026-08-24T14:19:53 176.883 INF [WasmHost] bot 174 shot 171 dmg=24 head
2026-08-24T14:19:54 177.133 INF [wasm] hello mod alive at tick 28200 (world 7000)
2026-08-24T14:19:55 178.333 INF [WasmHost] bot 172 shot 171 dmg=24 head
2026-08-24T14:19:55 178.333 INF [WasmHost] bot 172 shot 171 dmg=12
2026-08-24T14:19:55 178.383 INF [WasmHost] bot 171 shot 172 dmg=12
2026-08-24T14:19:55 178.383 INF [WasmHost] bot 171 shot 172 dmg=12
2026-08-24T14:19:55 178.383 INF [WasmHost] bot 173 shot 171 dmg=24 head
2026-08-24T14:19:55 178.383 INF [WasmHost] bot 174 shot 171 dmg=12
2026-08-24T14:19:55 178.383 INF [WasmHost] bot 174 shot 171 dmg=12
2026-08-24T14:19:55 178.633 INF [WasmHost] bot 172 shot 171 dmg=12
2026-08-24T14:19:55 178.633 INF [WasmHost] bot 172 shot 171 dmg=12
2026-08-24T14:19:55 178.683 INF [WasmHost] bot 171 shot 172 dmg=12
2026-08-24T14:19:55 178.683 INF [WasmHost] bot 171 shot 172 dmg=12
2026-08-24T14:19:55 178.683 INF [WasmHost] bot 173 shot 171 dmg=12
2026-08-24T14:19:55 178.683 INF [WasmHost] bot 173 shot 171 dmg=12
2026-08-24T14:19:55 178.683 INF [WasmHost] bot 174 shot 171 dmg=12
2026-08-24T14:19:55 178.933 INF [WasmHost] bot 172 shot 171 dmg=12
2026-08-24T14:19:55 178.983 INF [WasmHost] bot 171 shot 172 dmg=12
2026-08-24T14:19:55 178.983 INF [WasmHost] bot 173 shot 171 dmg=12
2026-08-24T14:19:56 179.283 INF [WasmHost] bot 171 shot 172 dmg=12
2026-08-24T14:19:56 179.283 INF [WasmHost] bot 173 shot 171 dmg=12
2026-08-24T14:19:56 179.283 INF [WasmHost] bot 173 shot 171 dmg=12
2026-08-24T14:19:56 179.283 INF [WasmHost] bot 174 shot 171 dmg=12
2026-08-24T14:19:56 179.283 INF [WasmHost] bot 174 shot 171 dmg=24 head
2026-08-24T14:19:56 179.533 INF [WasmHost] bot 172 shot 171 dmg=12
2026-08-24T14:19:56 179.533 INF [WasmHost] bot 172 shot 171 dmg=12
2026-08-24T14:19:56 179.583 INF [WasmHost] bot 171 shot 172 dmg=12
2026-08-24T14:19:56 179.583 INF [WasmHost] bot 171 shot 172 dmg=12
2026-08-24T14:19:56 179.583 INF [WasmHost] bot 173 shot 171 dmg=12
2026-08-24T14:19:56 179.883 INF [WasmHost] bot 171 shot 172 dmg=12
2026-08-24T14:19:56 179.883 INF [WasmHost] bot 171 shot 172 dmg=12
2026-08-24T14:19:56 179.883 INF [WasmHost] bot 174 shot 171 dmg=12
2026-08-24T14:19:57 180.133 INF [WasmHost] bot 172 shot 171 dmg=12
2026-08-24T14:19:57 180.133 INF [WasmHost] bot 172 shot 171 dmg=12
2026-08-24T14:19:57 180.183 INF [WasmHost] bot 171 shot 172 dmg=12
2026-08-24T14:19:57 180.183 INF [WasmHost] bot 171 shot 172 dmg=12
2026-08-24T14:19:57 180.183 INF [WasmHost] bot 173 shot 171 dmg=12
2026-08-24T14:19:57 180.183 INF [WasmHost] bot 174 shot 171 dmg=24 head
2026-08-24T14:19:57 180.433 INF [WasmHost] bot 172 shot 171 dmg=12
2026-08-24T14:19:57 180.483 INF [WasmHost] bot 171 shot 172 dmg=12
2026-08-24T14:19:58 181.934 INF [WasmHost] bot 172 shot 171 dmg=24 head
2026-08-24T14:19:58 181.934 INF [WasmHost] bot 172 shot 171 dmg=12
2026-08-24T14:19:58 181.983 INF [WasmHost] bot 171 shot 172 dmg=12
2026-08-24T14:19:58 181.983 INF [WasmHost] bot 173 shot 171 dmg=24 head
2026-08-24T14:19:58 181.983 INF [WasmHost] bot 174 shot 171 dmg=12
2026-08-24T14:19:59 182.133 INF [wasm] hello mod alive at tick 28300 (world 7000)
2026-08-24T14:19:59 182.233 INF [WasmHost] bot 172 shot 171 dmg=12
2026-08-24T14:19:59 182.283 INF [WasmHost] bot 171 shot 172 dmg=12
2026-08-24T14:19:59 182.283 INF [WasmHost] bot 171 shot 172 dmg=12
2026-08-24T14:19:59 182.283 INF [WasmHost] bot 173 shot 171 dmg=12
2026-08-24T14:19:59 182.283 INF [WasmHost] bot 173 shot 171 dmg=12
2026-08-24T14:19:59 182.283 INF [WasmHost] bot 174 shot 171 dmg=12
2026-08-24T14:19:59 182.283 INF [WasmHost] bot 174 shot 171 dmg=12
2026-08-24T14:19:59 182.534 INF [WasmHost] bot 172 shot 171 dmg=12
2026-08-24T14:19:59 182.534 INF [WasmHost] bot 172 shot 171 dmg=12
2026-08-24T14:19:59 182.583 INF [WasmHost] bot 171 shot 172 dmg=12
2026-08-24T14:19:59 182.583 INF [WasmHost] bot 174 shot 171 dmg=12
2026-08-24T14:19:59 182.833 INF [WasmHost] bot 172 shot 171 dmg=12
2026-08-24T14:19:59 182.833 INF [WasmHost] bot 172 shot 171 dmg=12
2026-08-24T14:19:59 182.883 INF [WasmHost] bot 173 shot 171 dmg=12
2026-08-24T14:19:59 182.883 INF [WasmHost] bot 173 shot 171 dmg=12
2026-08-24T14:19:59 182.883 INF [WasmHost] bot 174 shot 171 dmg=12
2026-08-24T14:20:00 183.183 INF [WasmHost] bot 171 shot 172 dmg=12
2026-08-24T14:20:00 183.183 INF [WasmHost] bot 171 shot 172 dmg=12
2026-08-24T14:20:00 183.183 INF [WasmHost] bot 173 shot 171 dmg=12
2026-08-24T14:20:00 183.183 INF [WasmHost] bot 173 shot 171 dmg=12
2026-08-24T14:20:00 183.183 INF [WasmHost] bot 174 shot 171 dmg=12
2026-08-24T14:20:00 183.433 INF [WasmHost] bot 172 shot 171 dmg=12
2026-08-24T14:20:00 183.483 INF [WasmHost] bot 171 shot 172 dmg=12
2026-08-24T14:20:00 183.483 INF [WasmHost] bot 173 shot 171 dmg=12
2026-08-24T14:20:00 183.483 INF [WasmHost] bot 173 shot 171 dmg=12
2026-08-24T14:20:00 183.483 INF [WasmHost] bot 174 shot 171 dmg=12
2026-08-24T14:20:00 183.483 INF [WasmHost] bot 174 shot 171 dmg=12
2026-08-24T14:20:00 183.733 INF [WasmHost] bot 172 shot 171 dmg=12
2026-08-24T14:20:00 183.783 INF [WasmHost] bot 171 shot 172 dmg=12
2026-08-24T14:20:00 183.783 INF [WasmHost] bot 174 shot 171 dmg=12
2026-08-24T14:20:00 183.783 INF [WasmHost] bot 174 shot 171 dmg=24 head
2026-08-24T14:20:01 184.033 INF [WasmHost] bot 172 shot 171 dmg=24 head
2026-08-24T14:20:01 184.083 INF [WasmHost] bot 171 shot 172 dmg=12
2026-08-24T14:20:01 184.083 INF [WasmHost] bot 173 shot 171 dmg=12
2026-08-24T14:20:01 184.083 INF [WasmHost] bot 174 shot 171 dmg=12
2026-08-24T14:20:02 185.533 INF [WasmHost] bot 172 shot 171 dmg=12
2026-08-24T14:20:02 185.533 INF [WasmHost] bot 172 shot 171 dmg=12
2026-08-24T14:20:02 185.583 INF [WasmHost] bot 171 shot 172 dmg=12
2026-08-24T14:20:02 185.583 INF [WasmHost] bot 171 shot 172 dmg=12
2026-08-24T14:20:02 185.583 INF [WasmHost] bot 173 shot 171 dmg=12
2026-08-24T14:20:02 185.583 INF [WasmHost] bot 174 shot 171 dmg=24 head
2026-08-24T14:20:02 185.833 INF [WasmHost] bot 172 shot 171 dmg=12
2026-08-24T14:20:02 185.833 INF [WasmHost] bot 172 shot 171 dmg=24 head
2026-08-24T14:20:02 185.883 INF [WasmHost] bot 173 shot 171 dmg=12
2026-08-24T14:20:02 185.883 INF [WasmHost] bot 174 shot 171 dmg=12
2026-08-24T14:20:02 185.883 INF [WasmHost] bot 174 shot 171 dmg=24 head
2026-08-24T14:20:03 186.133 INF [WasmHost] bot 172 shot 171 dmg=12
2026-08-24T14:20:03 186.133 INF [WasmHost] bot 172 shot 171 dmg=24 head
2026-08-24T14:20:03 186.184 INF [WasmHost] bot 171 shot 172 dmg=12
2026-08-24T14:20:03 186.184 INF [WasmHost] bot 173 shot 171 dmg=12
2026-08-24T14:20:03 186.184 INF [WasmHost] bot 173 shot 171 dmg=12
2026-08-24T14:20:03 186.433 INF [WasmHost] bot 172 shot 171 dmg=12
2026-08-24T14:20:03 186.433 INF [WasmHost] bot 172 shot 171 dmg=12
2026-08-24T14:20:03 186.483 INF [WasmHost] bot 171 shot 172 dmg=12
2026-08-24T14:20:03 186.483 INF [WasmHost] bot 171 shot 172 dmg=12
2026-08-24T14:20:03 186.483 INF [WasmHost] bot 173 shot 171 dmg=24 head
2026-08-24T14:20:03 186.483 INF [WasmHost] bot 174 shot 171 dmg=24 head
2026-08-24T14:20:03 186.483 INF [WasmHost] bot 174 shot 171 dmg=12
2026-08-24T14:20:03 186.733 INF [WasmHost] bot 172 shot 171 dmg=12
2026-08-24T14:20:03 186.783 INF [WasmHost] bot 171 shot 172 dmg=24 head
2026-08-24T14:20:03 186.783 INF [WasmHost] bot 173 shot 171 dmg=12
2026-08-24T14:20:03 186.783 INF [WasmHost] bot 174 shot 171 dmg=24 head
2026-08-24T14:20:03 186.783 INF [WasmHost] bot 174 shot 171 dmg=12
2026-08-24T14:20:04 187.033 INF [WasmHost] bot 172 shot 171 dmg=12
2026-08-24T14:20:04 187.083 INF [WasmHost] bot 171 shot 172 dmg=12
2026-08-24T14:20:04 187.083 INF [WasmHost] bot 173 shot 171 dmg=12
2026-08-24T14:20:04 187.083 INF [WasmHost] bot 173 shot 171 dmg=12
2026-08-24T14:20:04 187.133 INF [wasm] hello mod alive at tick 28400 (world 7000)
2026-08-24T14:20:04 187.383 INF [WasmHost] bot 171 shot 172 dmg=12
2026-08-24T14:20:04 187.383 INF [WasmHost] bot 173 shot 171 dmg=12
2026-08-24T14:20:04 187.383 INF [WasmHost] bot 173 shot 171 dmg=24 head
2026-08-24T14:20:04 187.383 INF [WasmHost] bot 174 shot 171 dmg=12
2026-08-24T14:20:04 187.383 INF [WasmHost] bot 174 shot 171 dmg=12
2026-08-24T14:20:04 187.683 INF [WasmHost] bot 171 shot 172 dmg=12
2026-08-24T14:20:04 187.683 INF [WasmHost] bot 174 shot 171 dmg=24 head
2026-08-24T14:20:06 189.133 INF [WasmHost] bot 172 shot 171 dmg=12
2026-08-24T14:20:06 189.133 INF [WasmHost] bot 172 shot 171 dmg=12
2026-08-24T14:20:06 189.183 INF [WasmHost] bot 171 shot 172 dmg=12
2026-08-24T14:20:06 189.183 INF [WasmHost] bot 171 shot 172 dmg=12
2026-08-24T14:20:06 189.183 INF [WasmHost] bot 173 shot 171 dmg=12
2026-08-24T14:20:06 189.183 INF [WasmHost] bot 174 shot 171 dmg=24 head
2026-08-24T14:20:06 189.433 INF [WasmHost] bot 172 shot 171 dmg=12
2026-08-24T14:20:06 189.483 INF [WasmHost] bot 171 shot 172 dmg=12
2026-08-24T14:20:06 189.483 INF [WasmHost] bot 171 shot 172 dmg=12
2026-08-24T14:20:06 189.483 INF [WasmHost] bot 173 shot 171 dmg=12
2026-08-24T14:20:06 189.483 INF [WasmHost] bot 173 shot 171 dmg=12
2026-08-24T14:20:06 189.483 INF [WasmHost] bot 174 shot 171 dmg=12
2026-08-24T14:20:06 189.483 INF [WasmHost] bot 174 shot 171 dmg=12
2026-08-24T14:20:06 189.733 INF [WasmHost] bot 172 shot 171 dmg=24 head
2026-08-24T14:20:06 189.733 INF [WasmHost] bot 172 shot 171 dmg=12
2026-08-24T14:20:06 189.783 INF [WasmHost] bot 171 shot 172 dmg=12
2026-08-24T14:20:06 189.783 INF [WasmHost] bot 171 shot 172 dmg=12
2026-08-24T14:20:06 189.783 INF [WasmHost] bot 173 shot 171 dmg=12
2026-08-24T14:20:07 190.033 INF [WasmHost] bot 172 shot 171 dmg=12
2026-08-24T14:20:07 190.083 INF [WasmHost] bot 171 shot 172 dmg=24 head
2026-08-24T14:20:07 190.083 INF [WasmHost] bot 171 shot 172 dmg=12
2026-08-24T14:20:07 190.083 INF [WasmHost] bot 173 shot 171 dmg=24 head
2026-08-24T14:20:07 190.083 INF [WasmHost] bot 174 shot 171 dmg=12
2026-08-24T14:20:07 190.083 INF [WasmHost] bot 174 shot 171 dmg=24 head
2026-08-24T14:20:07 190.383 INF [WasmHost] bot 171 shot 172 dmg=12
2026-08-24T14:20:07 190.383 INF [WasmHost] bot 171 shot 172 dmg=12
2026-08-24T14:20:07 190.383 INF [WasmHost] bot 173 shot 171 dmg=12
2026-08-24T14:20:07 190.383 INF [WasmHost] bot 174 shot 171 dmg=12
2026-08-24T14:20:07 190.383 INF [WasmHost] bot 174 shot 171 dmg=24 head
2026-08-24T14:20:07 190.634 INF [WasmHost] bot 172 shot 171 dmg=12
2026-08-24T14:20:07 190.634 INF [WasmHost] bot 172 shot 171 dmg=12
2026-08-24T14:20:07 190.683 INF [WasmHost] bot 171 shot 172 dmg=12
2026-08-24T14:20:07 190.683 INF [WasmHost] bot 173 shot 171 dmg=12
2026-08-24T14:20:07 190.683 INF [WasmHost] bot 173 shot 171 dmg=12
2026-08-24T14:20:07 190.683 INF [WasmHost] bot 174 shot 171 dmg=24 head
2026-08-24T14:20:07 190.683 INF [WasmHost] bot 174 shot 171 dmg=12
2026-08-24T14:20:07 190.933 INF [WasmHost] bot 172 shot 171 dmg=12
2026-08-24T14:20:07 190.983 INF [WasmHost] bot 171 shot 172 dmg=12
2026-08-24T14:20:07 190.983 INF [WasmHost] bot 173 shot 171 dmg=12
2026-08-24T14:20:07 190.983 INF [WasmHost] bot 174 shot 171 dmg=12
2026-08-24T14:20:08 191.233 INF [WasmHost] bot 172 shot 171 dmg=12
2026-08-24T14:20:08 191.283 INF [WasmHost] bot 171 shot 172 dmg=12
2026-08-24T14:20:08 191.283 INF [WasmHost] bot 173 shot 171 dmg=12
2026-08-24T14:20:08 191.283 INF [WasmHost] bot 174 shot 171 dmg=12
2026-08-24T14:20:09 192.133 INF [wasm] hello mod alive at tick 28500 (world 7000)
2026-08-24T14:20:09 192.733 INF [WasmHost] bot 172 shot 171 dmg=24 head
2026-08-24T14:20:09 192.783 INF [WasmHost] bot 171 shot 172 dmg=12
2026-08-24T14:20:09 192.783 INF [WasmHost] bot 173 shot 171 dmg=12
2026-08-24T14:20:09 192.783 INF [WasmHost] bot 174 shot 171 dmg=12
2026-08-24T14:20:10 193.033 INF [WasmHost] bot 172 shot 171 dmg=12
2026-08-24T14:20:10 193.083 INF [WasmHost] bot 171 shot 172 dmg=12
2026-08-24T14:20:10 193.083 INF [WasmHost] bot 173 shot 171 dmg=12
2026-08-24T14:20:10 193.083 INF [WasmHost] bot 173 shot 171 dmg=12
2026-08-24T14:20:10 193.083 INF [WasmHost] bot 174 shot 171 dmg=12
2026-08-24T14:20:10 193.334 INF [WasmHost] bot 172 shot 171 dmg=12
2026-08-24T14:20:10 193.383 INF [WasmHost] bot 171 shot 172 dmg=12
2026-08-24T14:20:10 193.383 INF [WasmHost] bot 173 shot 171 dmg=12
2026-08-24T14:20:10 193.383 INF [WasmHost] bot 173 shot 171 dmg=12
2026-08-24T14:20:10 193.383 INF [WasmHost] bot 174 shot 171 dmg=24 head
2026-08-24T14:20:10 193.633 INF [WasmHost] bot 172 shot 171 dmg=12
2026-08-24T14:20:10 193.633 INF [WasmHost] bot 172 shot 171 dmg=12
2026-08-24T14:20:10 193.683 INF [WasmHost] bot 171 shot 172 dmg=12
2026-08-24T14:20:10 193.683 INF [WasmHost] bot 173 shot 171 dmg=12
2026-08-24T14:20:10 193.683 INF [WasmHost] bot 174 shot 171 dmg=12
2026-08-24T14:20:10 193.933 INF [WasmHost] bot 172 shot 171 dmg=12
2026-08-24T14:20:10 193.933 INF [WasmHost] bot 172 shot 171 dmg=24 head
2026-08-24T14:20:10 193.983 INF [WasmHost] bot 171 shot 172 dmg=24 head
2026-08-24T14:20:10 193.983 INF [WasmHost] bot 171 shot 172 dmg=12
2026-08-24T14:20:10 193.983 INF [WasmHost] bot 173 shot 171 dmg=12
2026-08-24T14:20:10 193.983 INF [WasmHost] bot 174 shot 171 dmg=12
2026-08-24T14:20:10 193.983 INF [WasmHost] bot 174 shot 171 dmg=12
2026-08-24T14:20:11 194.284 INF [WasmHost] bot 171 shot 172 dmg=12
2026-08-24T14:20:11 194.284 INF [WasmHost] bot 171 shot 172 dmg=12
2026-08-24T14:20:11 194.284 INF [WasmHost] bot 173 shot 171 dmg=12
2026-08-24T14:20:11 194.284 INF [WasmHost] bot 174 shot 171 dmg=12
2026-08-24T14:20:11 194.533 INF [WasmHost] bot 172 shot 171 dmg=12
2026-08-24T14:20:11 194.583 INF [WasmHost] bot 173 shot 171 dmg=12
2026-08-24T14:20:11 194.583 INF [WasmHost] bot 174 shot 171 dmg=24 head
2026-08-24T14:20:11 194.883 INF [WasmHost] bot 173 shot 171 dmg=12
2026-08-24T14:20:13 196.333 INF [WasmHost] bot 172 shot 171 dmg=12
2026-08-24T14:20:13 196.333 INF [WasmHost] bot 172 shot 171 dmg=12
2026-08-24T14:20:13 196.383 INF [WasmHost] bot 171 shot 172 dmg=24 head
2026-08-24T14:20:13 196.383 INF [WasmHost] bot 173 shot 171 dmg=12
2026-08-24T14:20:13 196.383 INF [WasmHost] bot 174 shot 171 dmg=12
2026-08-24T14:20:13 196.383 INF [WasmHost] bot 174 shot 171 dmg=12
2026-08-24T14:20:13 196.633 INF [WasmHost] bot 172 shot 171 dmg=12
2026-08-24T14:20:13 196.683 INF [WasmHost] bot 171 shot 172 dmg=24 head
2026-08-24T14:20:13 196.683 INF [WasmHost] bot 171 shot 172 dmg=12
2026-08-24T14:20:13 196.683 INF [WasmHost] bot 173 shot 171 dmg=12
2026-08-24T14:20:13 196.683 INF [WasmHost] bot 173 shot 171 dmg=12
2026-08-24T14:20:13 196.683 INF [WasmHost] bot 174 shot 171 dmg=12
2026-08-24T14:20:13 196.683 INF [WasmHost] bot 174 shot 171 dmg=12
2026-08-24T14:20:13 196.934 INF [WasmHost] bot 172 shot 171 dmg=12
2026-08-24T14:20:13 196.983 INF [WasmHost] bot 173 shot 171 dmg=12
2026-08-24T14:20:13 196.983 INF [WasmHost] bot 173 shot 171 dmg=12
2026-08-24T14:20:13 196.983 INF [WasmHost] bot 174 shot 171 dmg=12
2026-08-24T14:20:14 197.133 INF [wasm] hello mod alive at tick 28600 (world 7000)
2026-08-24T14:20:14 197.233 INF [WasmHost] bot 172 shot 171 dmg=24 head
2026-08-24T14:20:14 197.283 INF [WasmHost] bot 171 shot 172 dmg=12
2026-08-24T14:20:14 197.283 INF [WasmHost] bot 173 shot 171 dmg=12
2026-08-24T14:20:14 197.283 INF [WasmHost] bot 173 shot 171 dmg=12
2026-08-24T14:20:14 197.283 INF [WasmHost] bot 174 shot 171 dmg=24 head
2026-08-24T14:20:14 197.533 INF [WasmHost] bot 172 shot 171 dmg=12
2026-08-24T14:20:14 197.583 INF [WasmHost] bot 171 shot 172 dmg=12
2026-08-24T14:20:14 197.583 INF [WasmHost] bot 173 shot 171 dmg=12
2026-08-24T14:20:14 197.583 INF [WasmHost] bot 173 shot 171 dmg=24 head
2026-08-24T14:20:14 197.583 INF [WasmHost] bot 174 shot 171 dmg=12
2026-08-24T14:20:14 197.583 INF [WasmHost] bot 174 shot 171 dmg=12
2026-08-24T14:20:14 197.883 INF [WasmHost] bot 171 shot 172 dmg=12
2026-08-24T14:20:14 197.883 INF [WasmHost] bot 171 shot 172 dmg=12
2026-08-24T14:20:14 197.883 INF [WasmHost] bot 173 shot 171 dmg=12
2026-08-24T14:20:14 197.883 INF [WasmHost] bot 173 shot 171 dmg=12
2026-08-24T14:20:14 197.883 INF [WasmHost] bot 174 shot 171 dmg=12
2026-08-24T14:20:15 198.133 INF [WasmHost] bot 172 shot 171 dmg=12
2026-08-24T14:20:15 198.133 INF [WasmHost] bot 172 shot 171 dmg=12
2026-08-24T14:20:15 198.183 INF [WasmHost] bot 171 shot 172 dmg=12
2026-08-24T14:20:15 198.183 INF [WasmHost] bot 171 shot 172 dmg=12
2026-08-24T14:20:15 198.183 INF [WasmHost] bot 173 shot 171 dmg=12
2026-08-24T14:20:15 198.183 INF [WasmHost] bot 174 shot 171 dmg=12
2026-08-24T14:20:15 198.433 INF [WasmHost] bot 172 shot 171 dmg=12
2026-08-24T14:20:16 199.933 INF [WasmHost] bot 172 shot 171 dmg=12
2026-08-24T14:20:16 199.933 INF [WasmHost] bot 172 shot 171 dmg=12
2026-08-24T14:20:16 199.983 INF [WasmHost] bot 171 shot 172 dmg=12
2026-08-24T14:20:16 199.983 INF [WasmHost] bot 171 shot 172 dmg=12
2026-08-24T14:20:16 199.983 INF [WasmHost] bot 173 shot 171 dmg=12
2026-08-24T14:20:16 199.983 INF [WasmHost] bot 174 shot 171 dmg=12
2026-08-24T14:20:16 199.983 INF [WasmHost] bot 174 shot 171 dmg=12
